ISO-10303-21;
HEADER;
FILE_DESCRIPTION(('KiCad electronic assembly'),'2;1');
FILE_NAME('driver_bts7960_v1.step','2026-07-14T00:40:06',('Pcbnew'),(
    'Kicad'),'Open CASCADE STEP processor 7.9','KiCad to STEP converter'
  ,'Unknown');
FILE_SCHEMA(('AUTOMOTIVE_DESIGN { 1 0 10303 214 1 1 1 1 }'));
ENDSEC;
DATA;
#1 = APPLICATION_PROTOCOL_DEFINITION('international standard',
  'automotive_design',2000,#2);
#2 = APPLICATION_CONTEXT(
  'core data for automotive mechanical design processes');
#3 = SHAPE_DEFINITION_REPRESENTATION(#4,#10);
#4 = PRODUCT_DEFINITION_SHAPE('','',#5);
#5 = PRODUCT_DEFINITION('design','',#6,#9);
#6 = PRODUCT_DEFINITION_FORMATION('','',#7);
#7 = PRODUCT('driver_bts7960_v1 1','driver_bts7960_v1 1','',(#8));
#8 = PRODUCT_CONTEXT('',#2,'mechanical');
#9 = PRODUCT_DEFINITION_CONTEXT('part definition',#2,'design');
#10 = SHAPE_REPRESENTATION('',(#11,#15,#19,#23,#27,#31,#35,#39,#43,#47,
    #51,#55,#59,#63,#67,#71,#75,#79,#83,#87,#91,#95),#99);
#11 = AXIS2_PLACEMENT_3D('',#12,#13,#14);
#12 = CARTESIAN_POINT('',(0.,0.,0.));
#13 = DIRECTION('',(0.,0.,1.));
#14 = DIRECTION('',(1.,0.,-0.));
#15 = AXIS2_PLACEMENT_3D('',#16,#17,#18);
#16 = CARTESIAN_POINT('',(128.5,-60.1,1.595));
#17 = DIRECTION('',(-0.,0.,1.));
#18 = DIRECTION('',(1.110223024625E-16,-1.,0.));
#19 = AXIS2_PLACEMENT_3D('',#20,#21,#22);
#20 = CARTESIAN_POINT('',(137.075,-77.85,1.595));
#21 = DIRECTION('',(-0.,0.,1.));
#22 = DIRECTION('',(1.110223024625E-16,-1.,0.));
#23 = AXIS2_PLACEMENT_3D('',#24,#25,#26);
#24 = CARTESIAN_POINT('',(118.483333,-60.1,1.595));
#25 = DIRECTION('',(-0.,0.,1.));
#26 = DIRECTION('',(1.110223024625E-16,-1.,0.));
#27 = AXIS2_PLACEMENT_3D('',#28,#29,#30);
#28 = CARTESIAN_POINT('',(138.916667,-60.1,1.595));
#29 = DIRECTION('',(-0.,0.,1.));
#30 = DIRECTION('',(1.110223024625E-16,-1.,0.));
#31 = AXIS2_PLACEMENT_3D('',#32,#33,#34);
#32 = CARTESIAN_POINT('',(156.21,-59.0804,1.595));
#33 = DIRECTION('',(-0.,0.,1.));
#34 = DIRECTION('',(1.110223024625E-16,-1.,0.));
#35 = AXIS2_PLACEMENT_3D('',#36,#37,#38);
#36 = CARTESIAN_POINT('',(130.5,-60.1,1.595));
#37 = DIRECTION('',(-0.,0.,1.));
#38 = DIRECTION('',(1.110223024625E-16,-1.,0.));
#39 = AXIS2_PLACEMENT_3D('',#40,#41,#42);
#40 = CARTESIAN_POINT('',(149.9,-60.1,1.595));
#41 = DIRECTION('',(-0.,0.,1.));
#42 = DIRECTION('',(1.110223024625E-16,-1.,0.));
#43 = AXIS2_PLACEMENT_3D('',#44,#45,#46);
#44 = CARTESIAN_POINT('',(142.9,-60.1,1.595));
#45 = DIRECTION('',(-0.,0.,1.));
#46 = DIRECTION('',(1.110223024625E-16,-1.,0.));
#47 = AXIS2_PLACEMENT_3D('',#48,#49,#50);
#48 = CARTESIAN_POINT('',(136.95,-60.1,1.595));
#49 = DIRECTION('',(-0.,0.,1.));
#50 = DIRECTION('',(1.110223024625E-16,-1.,0.));
#51 = AXIS2_PLACEMENT_3D('',#52,#53,#54);
#52 = CARTESIAN_POINT('',(147.9,-60.1,1.595));
#53 = DIRECTION('',(-0.,0.,1.));
#54 = DIRECTION('',(1.110223024625E-16,-1.,0.));
#55 = AXIS2_PLACEMENT_3D('',#56,#57,#58);
#56 = CARTESIAN_POINT('',(126.5,-60.1,1.595));
#57 = DIRECTION('',(-0.,0.,1.));
#58 = DIRECTION('',(1.110223024625E-16,-1.,0.));
#59 = AXIS2_PLACEMENT_3D('',#60,#61,#62);
#60 = CARTESIAN_POINT('',(114.55,-60.1,1.595));
#61 = DIRECTION('',(-0.,0.,1.));
#62 = DIRECTION('',(1.110223024625E-16,-1.,0.));
#63 = AXIS2_PLACEMENT_3D('',#64,#65,#66);
#64 = CARTESIAN_POINT('',(145.,-59.1,1.595));
#65 = DIRECTION('',(-0.,0.,1.));
#66 = DIRECTION('',(1.110223024625E-16,-1.,0.));
#67 = AXIS2_PLACEMENT_3D('',#68,#69,#70);
#68 = CARTESIAN_POINT('',(134.05,-59.1,1.595));
#69 = DIRECTION('',(-0.,0.,1.));
#70 = DIRECTION('',(1.110223024625E-16,-1.,0.));
#71 = AXIS2_PLACEMENT_3D('',#72,#73,#74);
#72 = CARTESIAN_POINT('',(116.516667,-60.1,1.595));
#73 = DIRECTION('',(-0.,0.,1.));
#74 = DIRECTION('',(1.110223024625E-16,-1.,0.));
#75 = AXIS2_PLACEMENT_3D('',#76,#77,#78);
#76 = CARTESIAN_POINT('',(156.8,-65.8,1.595));
#77 = DIRECTION('',(0.,0.,1.));
#78 = DIRECTION('',(-1.,1.224646799147E-16,0.));
#79 = AXIS2_PLACEMENT_3D('',#80,#81,#82);
#80 = CARTESIAN_POINT('',(151.9,-60.1,1.595));
#81 = DIRECTION('',(-0.,0.,1.));
#82 = DIRECTION('',(1.110223024625E-16,-1.,0.));
#83 = AXIS2_PLACEMENT_3D('',#84,#85,#86);
#84 = CARTESIAN_POINT('',(123.1,-59.1,1.595));
#85 = DIRECTION('',(-0.,0.,1.));
#86 = DIRECTION('',(1.110223024625E-16,-1.,0.));
#87 = AXIS2_PLACEMENT_3D('',#88,#89,#90);
#88 = CARTESIAN_POINT('',(140.9,-60.1,1.595));
#89 = DIRECTION('',(-0.,0.,1.));
#90 = DIRECTION('',(1.110223024625E-16,-1.,0.));
#91 = AXIS2_PLACEMENT_3D('',#92,#93,#94);
#92 = CARTESIAN_POINT('',(120.45,-60.1,1.595));
#93 = DIRECTION('',(-0.,0.,1.));
#94 = DIRECTION('',(1.110223024625E-16,-1.,0.));
#95 = AXIS2_PLACEMENT_3D('',#96,#97,#98);
#96 = CARTESIAN_POINT('',(0.,0.,0.));
#97 = DIRECTION('',(0.,0.,1.));
#98 = DIRECTION('',(1.,0.,-0.));
#99 = ( GEOMETRIC_REPRESENTATION_CONTEXT(3) 
GLOBAL_UNCERTAINTY_ASSIGNED_CONTEXT((#103)) GLOBAL_UNIT_ASSIGNED_CONTEXT
((#100,#101,#102)) REPRESENTATION_CONTEXT('Context #1',
  '3D Context with UNIT and UNCERTAINTY') );
#100 = ( LENGTH_UNIT() NAMED_UNIT(*) SI_UNIT(.MILLI.,.METRE.) );
#101 = ( NAMED_UNIT(*) PLANE_ANGLE_UNIT() SI_UNIT($,.RADIAN.) );
#102 = ( NAMED_UNIT(*) SI_UNIT($,.STERADIAN.) SOLID_ANGLE_UNIT() );
#103 = UNCERTAINTY_MEASURE_WITH_UNIT(LENGTH_MEASURE(2.E-07),#100,
  'distance_accuracy_value','confusion accuracy');
#104 = PRODUCT_RELATED_PRODUCT_CATEGORY('part',$,(#7));
#105 = SHAPE_DEFINITION_REPRESENTATION(#106,#112);
#106 = PRODUCT_DEFINITION_SHAPE('','',#107);
#107 = PRODUCT_DEFINITION('design','',#108,#111);
#108 = PRODUCT_DEFINITION_FORMATION('','',#109);
#109 = PRODUCT('R_0805_2012Metric','R_0805_2012Metric','',(#110));
#110 = PRODUCT_CONTEXT('',#2,'mechanical');
#111 = PRODUCT_DEFINITION_CONTEXT('part definition',#2,'design');
#112 = ADVANCED_BREP_SHAPE_REPRESENTATION('',(#11,#113),#903);
#113 = MANIFOLD_SOLID_BREP('',#114);
#114 = CLOSED_SHELL('',(#115,#155,#238,#263,#288,#355,#372,#389,#438,
    #455,#472,#521,#538,#607,#638,#662,#731,#755,#772,#789,#806,#823,
    #840,#857,#874,#891));
#115 = ADVANCED_FACE('',(#116),#150,.F.);
#116 = FACE_BOUND('',#117,.F.);
#117 = EDGE_LOOP('',(#118,#128,#136,#144));
#118 = ORIENTED_EDGE('',*,*,#119,.F.);
#119 = EDGE_CURVE('',#120,#122,#124,.T.);
#120 = VERTEX_POINT('',#121);
#121 = CARTESIAN_POINT('',(-1.,-0.6,4.5E-02));
#122 = VERTEX_POINT('',#123);
#123 = CARTESIAN_POINT('',(-1.,-0.6,0.405));
#124 = LINE('',#125,#126);
#125 = CARTESIAN_POINT('',(-1.,-0.6,0.));
#126 = VECTOR('',#127,1.);
#127 = DIRECTION('',(0.,0.,1.));
#128 = ORIENTED_EDGE('',*,*,#129,.T.);
#129 = EDGE_CURVE('',#120,#130,#132,.T.);
#130 = VERTEX_POINT('',#131);
#131 = CARTESIAN_POINT('',(-1.,0.6,4.5E-02));
#132 = LINE('',#133,#134);
#133 = CARTESIAN_POINT('',(-1.,-0.6,4.5E-02));
#134 = VECTOR('',#135,1.);
#135 = DIRECTION('',(0.,1.,0.));
#136 = ORIENTED_EDGE('',*,*,#137,.T.);
#137 = EDGE_CURVE('',#130,#138,#140,.T.);
#138 = VERTEX_POINT('',#139);
#139 = CARTESIAN_POINT('',(-1.,0.6,0.405));
#140 = LINE('',#141,#142);
#141 = CARTESIAN_POINT('',(-1.,0.6,0.));
#142 = VECTOR('',#143,1.);
#143 = DIRECTION('',(0.,0.,1.));
#144 = ORIENTED_EDGE('',*,*,#145,.F.);
#145 = EDGE_CURVE('',#122,#138,#146,.T.);
#146 = LINE('',#147,#148);
#147 = CARTESIAN_POINT('',(-1.,-0.6,0.405));
#148 = VECTOR('',#149,1.);
#149 = DIRECTION('',(0.,1.,0.));
#150 = PLANE('',#151);
#151 = AXIS2_PLACEMENT_3D('',#152,#153,#154);
#152 = CARTESIAN_POINT('',(-1.,-0.6,0.));
#153 = DIRECTION('',(1.,0.,0.));
#154 = DIRECTION('',(0.,0.,1.));
#155 = ADVANCED_FACE('',(#156),#233,.F.);
#156 = FACE_BOUND('',#157,.F.);
#157 = EDGE_LOOP('',(#158,#168,#175,#176,#185,#193,#202,#210,#218,#226)
  );
#158 = ORIENTED_EDGE('',*,*,#159,.F.);
#159 = EDGE_CURVE('',#160,#162,#164,.T.);
#160 = VERTEX_POINT('',#161);
#161 = CARTESIAN_POINT('',(-0.955,-0.6,-2.775557561563E-17));
#162 = VERTEX_POINT('',#163);
#163 = CARTESIAN_POINT('',(-0.745,-0.6,-2.775557561563E-17));
#164 = LINE('',#165,#166);
#165 = CARTESIAN_POINT('',(-1.,-0.6,0.));
#166 = VECTOR('',#167,1.);
#167 = DIRECTION('',(1.,0.,0.));
#168 = ORIENTED_EDGE('',*,*,#169,.F.);
#169 = EDGE_CURVE('',#120,#160,#170,.T.);
#170 = CIRCLE('',#171,4.5E-02);
#171 = AXIS2_PLACEMENT_3D('',#172,#173,#174);
#172 = CARTESIAN_POINT('',(-0.955,-0.6,4.5E-02));
#173 = DIRECTION('',(0.,-1.,0.));
#174 = DIRECTION('',(0.,0.,1.));
#175 = ORIENTED_EDGE('',*,*,#119,.T.);
#176 = ORIENTED_EDGE('',*,*,#177,.T.);
#177 = EDGE_CURVE('',#122,#178,#180,.T.);
#178 = VERTEX_POINT('',#179);
#179 = CARTESIAN_POINT('',(-0.955,-0.6,0.45));
#180 = CIRCLE('',#181,4.5E-02);
#181 = AXIS2_PLACEMENT_3D('',#182,#183,#184);
#182 = CARTESIAN_POINT('',(-0.955,-0.6,0.405));
#183 = DIRECTION('',(0.,1.,0.));
#184 = DIRECTION('',(0.,-0.,1.));
#185 = ORIENTED_EDGE('',*,*,#186,.T.);
#186 = EDGE_CURVE('',#178,#187,#189,.T.);
#187 = VERTEX_POINT('',#188);
#188 = CARTESIAN_POINT('',(-0.745,-0.6,0.45));
#189 = LINE('',#190,#191);
#190 = CARTESIAN_POINT('',(-1.,-0.6,0.45));
#191 = VECTOR('',#192,1.);
#192 = DIRECTION('',(1.,0.,0.));
#193 = ORIENTED_EDGE('',*,*,#194,.F.);
#194 = EDGE_CURVE('',#195,#187,#197,.T.);
#195 = VERTEX_POINT('',#196);
#196 = CARTESIAN_POINT('',(-0.7,-0.6,0.405));
#197 = CIRCLE('',#198,4.5E-02);
#198 = AXIS2_PLACEMENT_3D('',#199,#200,#201);
#199 = CARTESIAN_POINT('',(-0.745,-0.6,0.405));
#200 = DIRECTION('',(0.,-1.,0.));
#201 = DIRECTION('',(0.,0.,1.));
#202 = ORIENTED_EDGE('',*,*,#203,.F.);
#203 = EDGE_CURVE('',#204,#195,#206,.T.);
#204 = VERTEX_POINT('',#205);
#205 = CARTESIAN_POINT('',(-0.955,-0.6,0.405));
#206 = LINE('',#207,#208);
#207 = CARTESIAN_POINT('',(-0.955,-0.6,0.405));
#208 = VECTOR('',#209,1.);
#209 = DIRECTION('',(1.,0.,0.));
#210 = ORIENTED_EDGE('',*,*,#211,.F.);
#211 = EDGE_CURVE('',#212,#204,#214,.T.);
#212 = VERTEX_POINT('',#213);
#213 = CARTESIAN_POINT('',(-0.955,-0.6,4.5E-02));
#214 = LINE('',#215,#216);
#215 = CARTESIAN_POINT('',(-0.955,-0.6,4.5E-02));
#216 = VECTOR('',#217,1.);
#217 = DIRECTION('',(0.,0.,1.));
#218 = ORIENTED_EDGE('',*,*,#219,.T.);
#219 = EDGE_CURVE('',#212,#220,#222,.T.);
#220 = VERTEX_POINT('',#221);
#221 = CARTESIAN_POINT('',(-0.7,-0.6,4.5E-02));
#222 = LINE('',#223,#224);
#223 = CARTESIAN_POINT('',(-0.955,-0.6,4.5E-02));
#224 = VECTOR('',#225,1.);
#225 = DIRECTION('',(1.,0.,0.));
#226 = ORIENTED_EDGE('',*,*,#227,.T.);
#227 = EDGE_CURVE('',#220,#162,#228,.T.);
#228 = CIRCLE('',#229,4.5E-02);
#229 = AXIS2_PLACEMENT_3D('',#230,#231,#232);
#230 = CARTESIAN_POINT('',(-0.745,-0.6,4.5E-02));
#231 = DIRECTION('',(0.,1.,0.));
#232 = DIRECTION('',(0.,-0.,1.));
#233 = PLANE('',#234);
#234 = AXIS2_PLACEMENT_3D('',#235,#236,#237);
#235 = CARTESIAN_POINT('',(-1.,-0.6,0.));
#236 = DIRECTION('',(0.,1.,0.));
#237 = DIRECTION('',(0.,-0.,1.));
#238 = ADVANCED_FACE('',(#239),#258,.T.);
#239 = FACE_BOUND('',#240,.T.);
#240 = EDGE_LOOP('',(#241,#242,#251,#257));
#241 = ORIENTED_EDGE('',*,*,#129,.T.);
#242 = ORIENTED_EDGE('',*,*,#243,.T.);
#243 = EDGE_CURVE('',#130,#244,#246,.T.);
#244 = VERTEX_POINT('',#245);
#245 = CARTESIAN_POINT('',(-0.955,0.6,-2.775557561563E-17));
#246 = CIRCLE('',#247,4.5E-02);
#247 = AXIS2_PLACEMENT_3D('',#248,#249,#250);
#248 = CARTESIAN_POINT('',(-0.955,0.6,4.5E-02));
#249 = DIRECTION('',(0.,-1.,0.));
#250 = DIRECTION('',(0.,0.,1.));
#251 = ORIENTED_EDGE('',*,*,#252,.F.);
#252 = EDGE_CURVE('',#160,#244,#253,.T.);
#253 = LINE('',#254,#255);
#254 = CARTESIAN_POINT('',(-0.955,-0.6,-2.775557561563E-17));
#255 = VECTOR('',#256,1.);
#256 = DIRECTION('',(0.,1.,0.));
#257 = ORIENTED_EDGE('',*,*,#169,.F.);
#258 = CYLINDRICAL_SURFACE('',#259,4.5E-02);
#259 = AXIS2_PLACEMENT_3D('',#260,#261,#262);
#260 = CARTESIAN_POINT('',(-0.955,-0.6,4.5E-02));
#261 = DIRECTION('',(0.,1.,0.));
#262 = DIRECTION('',(-1.,0.,0.));
#263 = ADVANCED_FACE('',(#264),#283,.T.);
#264 = FACE_BOUND('',#265,.T.);
#265 = EDGE_LOOP('',(#266,#267,#275,#282));
#266 = ORIENTED_EDGE('',*,*,#177,.T.);
#267 = ORIENTED_EDGE('',*,*,#268,.T.);
#268 = EDGE_CURVE('',#178,#269,#271,.T.);
#269 = VERTEX_POINT('',#270);
#270 = CARTESIAN_POINT('',(-0.955,0.6,0.45));
#271 = LINE('',#272,#273);
#272 = CARTESIAN_POINT('',(-0.955,-0.6,0.45));
#273 = VECTOR('',#274,1.);
#274 = DIRECTION('',(0.,1.,0.));
#275 = ORIENTED_EDGE('',*,*,#276,.F.);
#276 = EDGE_CURVE('',#138,#269,#277,.T.);
#277 = CIRCLE('',#278,4.5E-02);
#278 = AXIS2_PLACEMENT_3D('',#279,#280,#281);
#279 = CARTESIAN_POINT('',(-0.955,0.6,0.405));
#280 = DIRECTION('',(0.,1.,0.));
#281 = DIRECTION('',(0.,-0.,1.));
#282 = ORIENTED_EDGE('',*,*,#145,.F.);
#283 = CYLINDRICAL_SURFACE('',#284,4.5E-02);
#284 = AXIS2_PLACEMENT_3D('',#285,#286,#287);
#285 = CARTESIAN_POINT('',(-0.955,-0.6,0.405));
#286 = DIRECTION('',(0.,1.,0.));
#287 = DIRECTION('',(-1.,0.,0.));
#288 = ADVANCED_FACE('',(#289),#350,.T.);
#289 = FACE_BOUND('',#290,.T.);
#290 = EDGE_LOOP('',(#291,#299,#300,#301,#302,#310,#319,#327,#335,#343)
  );
#291 = ORIENTED_EDGE('',*,*,#292,.F.);
#292 = EDGE_CURVE('',#244,#293,#295,.T.);
#293 = VERTEX_POINT('',#294);
#294 = CARTESIAN_POINT('',(-0.745,0.6,-2.775557561563E-17));
#295 = LINE('',#296,#297);
#296 = CARTESIAN_POINT('',(-1.,0.6,0.));
#297 = VECTOR('',#298,1.);
#298 = DIRECTION('',(1.,0.,0.));
#299 = ORIENTED_EDGE('',*,*,#243,.F.);
#300 = ORIENTED_EDGE('',*,*,#137,.T.);
#301 = ORIENTED_EDGE('',*,*,#276,.T.);
#302 = ORIENTED_EDGE('',*,*,#303,.T.);
#303 = EDGE_CURVE('',#269,#304,#306,.T.);
#304 = VERTEX_POINT('',#305);
#305 = CARTESIAN_POINT('',(-0.745,0.6,0.45));
#306 = LINE('',#307,#308);
#307 = CARTESIAN_POINT('',(-1.,0.6,0.45));
#308 = VECTOR('',#309,1.);
#309 = DIRECTION('',(1.,0.,0.));
#310 = ORIENTED_EDGE('',*,*,#311,.F.);
#311 = EDGE_CURVE('',#312,#304,#314,.T.);
#312 = VERTEX_POINT('',#313);
#313 = CARTESIAN_POINT('',(-0.7,0.6,0.405));
#314 = CIRCLE('',#315,4.5E-02);
#315 = AXIS2_PLACEMENT_3D('',#316,#317,#318);
#316 = CARTESIAN_POINT('',(-0.745,0.6,0.405));
#317 = DIRECTION('',(0.,-1.,0.));
#318 = DIRECTION('',(0.,0.,1.));
#319 = ORIENTED_EDGE('',*,*,#320,.F.);
#320 = EDGE_CURVE('',#321,#312,#323,.T.);
#321 = VERTEX_POINT('',#322);
#322 = CARTESIAN_POINT('',(-0.955,0.6,0.405));
#323 = LINE('',#324,#325);
#324 = CARTESIAN_POINT('',(-0.955,0.6,0.405));
#325 = VECTOR('',#326,1.);
#326 = DIRECTION('',(1.,0.,0.));
#327 = ORIENTED_EDGE('',*,*,#328,.F.);
#328 = EDGE_CURVE('',#329,#321,#331,.T.);
#329 = VERTEX_POINT('',#330);
#330 = CARTESIAN_POINT('',(-0.955,0.6,4.5E-02));
#331 = LINE('',#332,#333);
#332 = CARTESIAN_POINT('',(-0.955,0.6,4.5E-02));
#333 = VECTOR('',#334,1.);
#334 = DIRECTION('',(0.,0.,1.));
#335 = ORIENTED_EDGE('',*,*,#336,.T.);
#336 = EDGE_CURVE('',#329,#337,#339,.T.);
#337 = VERTEX_POINT('',#338);
#338 = CARTESIAN_POINT('',(-0.7,0.6,4.5E-02));
#339 = LINE('',#340,#341);
#340 = CARTESIAN_POINT('',(-0.955,0.6,4.5E-02));
#341 = VECTOR('',#342,1.);
#342 = DIRECTION('',(1.,0.,0.));
#343 = ORIENTED_EDGE('',*,*,#344,.T.);
#344 = EDGE_CURVE('',#337,#293,#345,.T.);
#345 = CIRCLE('',#346,4.5E-02);
#346 = AXIS2_PLACEMENT_3D('',#347,#348,#349);
#347 = CARTESIAN_POINT('',(-0.745,0.6,4.5E-02));
#348 = DIRECTION('',(0.,1.,0.));
#349 = DIRECTION('',(0.,-0.,1.));
#350 = PLANE('',#351);
#351 = AXIS2_PLACEMENT_3D('',#352,#353,#354);
#352 = CARTESIAN_POINT('',(-1.,0.6,0.));
#353 = DIRECTION('',(0.,1.,0.));
#354 = DIRECTION('',(0.,-0.,1.));
#355 = ADVANCED_FACE('',(#356),#367,.F.);
#356 = FACE_BOUND('',#357,.F.);
#357 = EDGE_LOOP('',(#358,#359,#360,#361));
#358 = ORIENTED_EDGE('',*,*,#292,.F.);
#359 = ORIENTED_EDGE('',*,*,#252,.F.);
#360 = ORIENTED_EDGE('',*,*,#159,.T.);
#361 = ORIENTED_EDGE('',*,*,#362,.T.);
#362 = EDGE_CURVE('',#162,#293,#363,.T.);
#363 = LINE('',#364,#365);
#364 = CARTESIAN_POINT('',(-0.745,-0.6,-2.775557561563E-17));
#365 = VECTOR('',#366,1.);
#366 = DIRECTION('',(0.,1.,0.));
#367 = PLANE('',#368);
#368 = AXIS2_PLACEMENT_3D('',#369,#370,#371);
#369 = CARTESIAN_POINT('',(-1.,-0.6,0.));
#370 = DIRECTION('',(0.,0.,1.));
#371 = DIRECTION('',(1.,0.,-0.));
#372 = ADVANCED_FACE('',(#373),#384,.T.);
#373 = FACE_BOUND('',#374,.T.);
#374 = EDGE_LOOP('',(#375,#376,#377,#378));
#375 = ORIENTED_EDGE('',*,*,#227,.T.);
#376 = ORIENTED_EDGE('',*,*,#362,.T.);
#377 = ORIENTED_EDGE('',*,*,#344,.F.);
#378 = ORIENTED_EDGE('',*,*,#379,.F.);
#379 = EDGE_CURVE('',#220,#337,#380,.T.);
#380 = LINE('',#381,#382);
#381 = CARTESIAN_POINT('',(-0.7,-0.6,4.5E-02));
#382 = VECTOR('',#383,1.);
#383 = DIRECTION('',(0.,1.,0.));
#384 = CYLINDRICAL_SURFACE('',#385,4.5E-02);
#385 = AXIS2_PLACEMENT_3D('',#386,#387,#388);
#386 = CARTESIAN_POINT('',(-0.745,-0.6,4.5E-02));
#387 = DIRECTION('',(0.,1.,0.));
#388 = DIRECTION('',(1.,0.,0.));
#389 = ADVANCED_FACE('',(#390),#433,.F.);
#390 = FACE_BOUND('',#391,.F.);
#391 = EDGE_LOOP('',(#392,#393,#394,#395,#403,#411,#419,#427));
#392 = ORIENTED_EDGE('',*,*,#219,.F.);
#393 = ORIENTED_EDGE('',*,*,#211,.T.);
#394 = ORIENTED_EDGE('',*,*,#203,.T.);
#395 = ORIENTED_EDGE('',*,*,#396,.T.);
#396 = EDGE_CURVE('',#195,#397,#399,.T.);
#397 = VERTEX_POINT('',#398);
#398 = CARTESIAN_POINT('',(0.7,-0.6,0.405));
#399 = LINE('',#400,#401);
#400 = CARTESIAN_POINT('',(-0.7,-0.6,0.405));
#401 = VECTOR('',#402,1.);
#402 = DIRECTION('',(1.,0.,0.));
#403 = ORIENTED_EDGE('',*,*,#404,.T.);
#404 = EDGE_CURVE('',#397,#405,#407,.T.);
#405 = VERTEX_POINT('',#406);
#406 = CARTESIAN_POINT('',(0.955,-0.6,0.405));
#407 = LINE('',#408,#409);
#408 = CARTESIAN_POINT('',(-0.955,-0.6,0.405));
#409 = VECTOR('',#410,1.);
#410 = DIRECTION('',(1.,0.,0.));
#411 = ORIENTED_EDGE('',*,*,#412,.F.);
#412 = EDGE_CURVE('',#413,#405,#415,.T.);
#413 = VERTEX_POINT('',#414);
#414 = CARTESIAN_POINT('',(0.955,-0.6,4.5E-02));
#415 = LINE('',#416,#417);
#416 = CARTESIAN_POINT('',(0.955,-0.6,4.5E-02));
#417 = VECTOR('',#418,1.);
#418 = DIRECTION('',(0.,0.,1.));
#419 = ORIENTED_EDGE('',*,*,#420,.F.);
#420 = EDGE_CURVE('',#421,#413,#423,.T.);
#421 = VERTEX_POINT('',#422);
#422 = CARTESIAN_POINT('',(0.7,-0.6,4.5E-02));
#423 = LINE('',#424,#425);
#424 = CARTESIAN_POINT('',(-0.955,-0.6,4.5E-02));
#425 = VECTOR('',#426,1.);
#426 = DIRECTION('',(1.,0.,0.));
#427 = ORIENTED_EDGE('',*,*,#428,.F.);
#428 = EDGE_CURVE('',#220,#421,#429,.T.);
#429 = LINE('',#430,#431);
#430 = CARTESIAN_POINT('',(-0.955,-0.6,4.5E-02));
#431 = VECTOR('',#432,1.);
#432 = DIRECTION('',(1.,0.,0.));
#433 = PLANE('',#434);
#434 = AXIS2_PLACEMENT_3D('',#435,#436,#437);
#435 = CARTESIAN_POINT('',(-0.955,-0.6,4.5E-02));
#436 = DIRECTION('',(0.,1.,0.));
#437 = DIRECTION('',(0.,-0.,1.));
#438 = ADVANCED_FACE('',(#439),#450,.T.);
#439 = FACE_BOUND('',#440,.T.);
#440 = EDGE_LOOP('',(#441,#442,#443,#444));
#441 = ORIENTED_EDGE('',*,*,#303,.F.);
#442 = ORIENTED_EDGE('',*,*,#268,.F.);
#443 = ORIENTED_EDGE('',*,*,#186,.T.);
#444 = ORIENTED_EDGE('',*,*,#445,.T.);
#445 = EDGE_CURVE('',#187,#304,#446,.T.);
#446 = LINE('',#447,#448);
#447 = CARTESIAN_POINT('',(-0.745,-0.6,0.45));
#448 = VECTOR('',#449,1.);
#449 = DIRECTION('',(0.,1.,0.));
#450 = PLANE('',#451);
#451 = AXIS2_PLACEMENT_3D('',#452,#453,#454);
#452 = CARTESIAN_POINT('',(-1.,-0.6,0.45));
#453 = DIRECTION('',(0.,0.,1.));
#454 = DIRECTION('',(1.,0.,-0.));
#455 = ADVANCED_FACE('',(#456),#467,.T.);
#456 = FACE_BOUND('',#457,.T.);
#457 = EDGE_LOOP('',(#458,#464,#465,#466));
#458 = ORIENTED_EDGE('',*,*,#459,.T.);
#459 = EDGE_CURVE('',#195,#312,#460,.T.);
#460 = LINE('',#461,#462);
#461 = CARTESIAN_POINT('',(-0.7,-0.6,0.405));
#462 = VECTOR('',#463,1.);
#463 = DIRECTION('',(0.,1.,0.));
#464 = ORIENTED_EDGE('',*,*,#311,.T.);
#465 = ORIENTED_EDGE('',*,*,#445,.F.);
#466 = ORIENTED_EDGE('',*,*,#194,.F.);
#467 = CYLINDRICAL_SURFACE('',#468,4.5E-02);
#468 = AXIS2_PLACEMENT_3D('',#469,#470,#471);
#469 = CARTESIAN_POINT('',(-0.745,-0.6,0.405));
#470 = DIRECTION('',(0.,1.,0.));
#471 = DIRECTION('',(1.,0.,0.));
#472 = ADVANCED_FACE('',(#473),#516,.T.);
#473 = FACE_BOUND('',#474,.T.);
#474 = EDGE_LOOP('',(#475,#476,#477,#478,#486,#494,#502,#510));
#475 = ORIENTED_EDGE('',*,*,#336,.F.);
#476 = ORIENTED_EDGE('',*,*,#328,.T.);
#477 = ORIENTED_EDGE('',*,*,#320,.T.);
#478 = ORIENTED_EDGE('',*,*,#479,.T.);
#479 = EDGE_CURVE('',#312,#480,#482,.T.);
#480 = VERTEX_POINT('',#481);
#481 = CARTESIAN_POINT('',(0.7,0.6,0.405));
#482 = LINE('',#483,#484);
#483 = CARTESIAN_POINT('',(-0.7,0.6,0.405));
#484 = VECTOR('',#485,1.);
#485 = DIRECTION('',(1.,0.,0.));
#486 = ORIENTED_EDGE('',*,*,#487,.T.);
#487 = EDGE_CURVE('',#480,#488,#490,.T.);
#488 = VERTEX_POINT('',#489);
#489 = CARTESIAN_POINT('',(0.955,0.6,0.405));
#490 = LINE('',#491,#492);
#491 = CARTESIAN_POINT('',(-0.955,0.6,0.405));
#492 = VECTOR('',#493,1.);
#493 = DIRECTION('',(1.,0.,0.));
#494 = ORIENTED_EDGE('',*,*,#495,.F.);
#495 = EDGE_CURVE('',#496,#488,#498,.T.);
#496 = VERTEX_POINT('',#497);
#497 = CARTESIAN_POINT('',(0.955,0.6,4.5E-02));
#498 = LINE('',#499,#500);
#499 = CARTESIAN_POINT('',(0.955,0.6,4.5E-02));
#500 = VECTOR('',#501,1.);
#501 = DIRECTION('',(0.,0.,1.));
#502 = ORIENTED_EDGE('',*,*,#503,.F.);
#503 = EDGE_CURVE('',#504,#496,#506,.T.);
#504 = VERTEX_POINT('',#505);
#505 = CARTESIAN_POINT('',(0.7,0.6,4.5E-02));
#506 = LINE('',#507,#508);
#507 = CARTESIAN_POINT('',(-0.955,0.6,4.5E-02));
#508 = VECTOR('',#509,1.);
#509 = DIRECTION('',(1.,0.,0.));
#510 = ORIENTED_EDGE('',*,*,#511,.F.);
#511 = EDGE_CURVE('',#337,#504,#512,.T.);
#512 = LINE('',#513,#514);
#513 = CARTESIAN_POINT('',(-0.955,0.6,4.5E-02));
#514 = VECTOR('',#515,1.);
#515 = DIRECTION('',(1.,0.,0.));
#516 = PLANE('',#517);
#517 = AXIS2_PLACEMENT_3D('',#518,#519,#520);
#518 = CARTESIAN_POINT('',(-0.955,0.6,4.5E-02));
#519 = DIRECTION('',(0.,1.,0.));
#520 = DIRECTION('',(0.,-0.,1.));
#521 = ADVANCED_FACE('',(#522),#533,.F.);
#522 = FACE_BOUND('',#523,.F.);
#523 = EDGE_LOOP('',(#524,#525,#526,#532));
#524 = ORIENTED_EDGE('',*,*,#379,.F.);
#525 = ORIENTED_EDGE('',*,*,#428,.T.);
#526 = ORIENTED_EDGE('',*,*,#527,.T.);
#527 = EDGE_CURVE('',#421,#504,#528,.T.);
#528 = LINE('',#529,#530);
#529 = CARTESIAN_POINT('',(0.7,-0.6,4.5E-02));
#530 = VECTOR('',#531,1.);
#531 = DIRECTION('',(0.,1.,0.));
#532 = ORIENTED_EDGE('',*,*,#511,.F.);
#533 = PLANE('',#534);
#534 = AXIS2_PLACEMENT_3D('',#535,#536,#537);
#535 = CARTESIAN_POINT('',(-0.955,-0.6,4.5E-02));
#536 = DIRECTION('',(0.,0.,1.));
#537 = DIRECTION('',(1.,0.,-0.));
#538 = ADVANCED_FACE('',(#539),#602,.F.);
#539 = FACE_BOUND('',#540,.F.);
#540 = EDGE_LOOP('',(#541,#551,#558,#559,#560,#561,#570,#578,#587,#595)
  );
#541 = ORIENTED_EDGE('',*,*,#542,.F.);
#542 = EDGE_CURVE('',#543,#545,#547,.T.);
#543 = VERTEX_POINT('',#544);
#544 = CARTESIAN_POINT('',(0.745,-0.6,-2.775557561563E-17));
#545 = VERTEX_POINT('',#546);
#546 = CARTESIAN_POINT('',(0.955,-0.6,-2.775557561563E-17));
#547 = LINE('',#548,#549);
#548 = CARTESIAN_POINT('',(0.7,-0.6,0.));
#549 = VECTOR('',#550,1.);
#550 = DIRECTION('',(1.,0.,0.));
#551 = ORIENTED_EDGE('',*,*,#552,.F.);
#552 = EDGE_CURVE('',#421,#543,#553,.T.);
#553 = CIRCLE('',#554,4.5E-02);
#554 = AXIS2_PLACEMENT_3D('',#555,#556,#557);
#555 = CARTESIAN_POINT('',(0.745,-0.6,4.5E-02));
#556 = DIRECTION('',(0.,-1.,0.));
#557 = DIRECTION('',(0.,0.,1.));
#558 = ORIENTED_EDGE('',*,*,#420,.T.);
#559 = ORIENTED_EDGE('',*,*,#412,.T.);
#560 = ORIENTED_EDGE('',*,*,#404,.F.);
#561 = ORIENTED_EDGE('',*,*,#562,.T.);
#562 = EDGE_CURVE('',#397,#563,#565,.T.);
#563 = VERTEX_POINT('',#564);
#564 = CARTESIAN_POINT('',(0.745,-0.6,0.45));
#565 = CIRCLE('',#566,4.5E-02);
#566 = AXIS2_PLACEMENT_3D('',#567,#568,#569);
#567 = CARTESIAN_POINT('',(0.745,-0.6,0.405));
#568 = DIRECTION('',(0.,1.,0.));
#569 = DIRECTION('',(0.,-0.,1.));
#570 = ORIENTED_EDGE('',*,*,#571,.T.);
#571 = EDGE_CURVE('',#563,#572,#574,.T.);
#572 = VERTEX_POINT('',#573);
#573 = CARTESIAN_POINT('',(0.955,-0.6,0.45));
#574 = LINE('',#575,#576);
#575 = CARTESIAN_POINT('',(0.7,-0.6,0.45));
#576 = VECTOR('',#577,1.);
#577 = DIRECTION('',(1.,0.,0.));
#578 = ORIENTED_EDGE('',*,*,#579,.F.);
#579 = EDGE_CURVE('',#580,#572,#582,.T.);
#580 = VERTEX_POINT('',#581);
#581 = CARTESIAN_POINT('',(1.,-0.6,0.405));
#582 = CIRCLE('',#583,4.5E-02);
#583 = AXIS2_PLACEMENT_3D('',#584,#585,#586);
#584 = CARTESIAN_POINT('',(0.955,-0.6,0.405));
#585 = DIRECTION('',(0.,-1.,0.));
#586 = DIRECTION('',(0.,0.,1.));
#587 = ORIENTED_EDGE('',*,*,#588,.F.);
#588 = EDGE_CURVE('',#589,#580,#591,.T.);
#589 = VERTEX_POINT('',#590);
#590 = CARTESIAN_POINT('',(1.,-0.6,4.5E-02));
#591 = LINE('',#592,#593);
#592 = CARTESIAN_POINT('',(1.,-0.6,0.));
#593 = VECTOR('',#594,1.);
#594 = DIRECTION('',(0.,0.,1.));
#595 = ORIENTED_EDGE('',*,*,#596,.T.);
#596 = EDGE_CURVE('',#589,#545,#597,.T.);
#597 = CIRCLE('',#598,4.5E-02);
#598 = AXIS2_PLACEMENT_3D('',#599,#600,#601);
#599 = CARTESIAN_POINT('',(0.955,-0.6,4.5E-02));
#600 = DIRECTION('',(0.,1.,0.));
#601 = DIRECTION('',(0.,-0.,1.));
#602 = PLANE('',#603);
#603 = AXIS2_PLACEMENT_3D('',#604,#605,#606);
#604 = CARTESIAN_POINT('',(0.7,-0.6,0.));
#605 = DIRECTION('',(0.,1.,0.));
#606 = DIRECTION('',(0.,-0.,1.));
#607 = ADVANCED_FACE('',(#608),#633,.F.);
#608 = FACE_BOUND('',#609,.F.);
#609 = EDGE_LOOP('',(#610,#611,#619,#627));
#610 = ORIENTED_EDGE('',*,*,#396,.F.);
#611 = ORIENTED_EDGE('',*,*,#612,.T.);
#612 = EDGE_CURVE('',#195,#613,#615,.T.);
#613 = VERTEX_POINT('',#614);
#614 = CARTESIAN_POINT('',(-0.7,-0.6,0.45));
#615 = LINE('',#616,#617);
#616 = CARTESIAN_POINT('',(-0.7,-0.6,0.405));
#617 = VECTOR('',#618,1.);
#618 = DIRECTION('',(0.,0.,1.));
#619 = ORIENTED_EDGE('',*,*,#620,.T.);
#620 = EDGE_CURVE('',#613,#621,#623,.T.);
#621 = VERTEX_POINT('',#622);
#622 = CARTESIAN_POINT('',(0.7,-0.6,0.45));
#623 = LINE('',#624,#625);
#624 = CARTESIAN_POINT('',(-0.7,-0.6,0.45));
#625 = VECTOR('',#626,1.);
#626 = DIRECTION('',(1.,0.,0.));
#627 = ORIENTED_EDGE('',*,*,#628,.F.);
#628 = EDGE_CURVE('',#397,#621,#629,.T.);
#629 = LINE('',#630,#631);
#630 = CARTESIAN_POINT('',(0.7,-0.6,0.405));
#631 = VECTOR('',#632,1.);
#632 = DIRECTION('',(0.,0.,1.));
#633 = PLANE('',#634);
#634 = AXIS2_PLACEMENT_3D('',#635,#636,#637);
#635 = CARTESIAN_POINT('',(-0.7,-0.6,0.405));
#636 = DIRECTION('',(0.,1.,0.));
#637 = DIRECTION('',(0.,-0.,1.));
#638 = ADVANCED_FACE('',(#639),#657,.F.);
#639 = FACE_BOUND('',#640,.F.);
#640 = EDGE_LOOP('',(#641,#642,#643,#651));
#641 = ORIENTED_EDGE('',*,*,#612,.F.);
#642 = ORIENTED_EDGE('',*,*,#459,.T.);
#643 = ORIENTED_EDGE('',*,*,#644,.T.);
#644 = EDGE_CURVE('',#312,#645,#647,.T.);
#645 = VERTEX_POINT('',#646);
#646 = CARTESIAN_POINT('',(-0.7,0.6,0.45));
#647 = LINE('',#648,#649);
#648 = CARTESIAN_POINT('',(-0.7,0.6,0.405));
#649 = VECTOR('',#650,1.);
#650 = DIRECTION('',(0.,0.,1.));
#651 = ORIENTED_EDGE('',*,*,#652,.F.);
#652 = EDGE_CURVE('',#613,#645,#653,.T.);
#653 = LINE('',#654,#655);
#654 = CARTESIAN_POINT('',(-0.7,-0.6,0.45));
#655 = VECTOR('',#656,1.);
#656 = DIRECTION('',(0.,1.,0.));
#657 = PLANE('',#658);
#658 = AXIS2_PLACEMENT_3D('',#659,#660,#661);
#659 = CARTESIAN_POINT('',(-0.7,-0.6,0.405));
#660 = DIRECTION('',(1.,0.,0.));
#661 = DIRECTION('',(0.,0.,1.));
#662 = ADVANCED_FACE('',(#663),#726,.T.);
#663 = FACE_BOUND('',#664,.T.);
#664 = EDGE_LOOP('',(#665,#675,#682,#683,#684,#685,#694,#702,#711,#719)
  );
#665 = ORIENTED_EDGE('',*,*,#666,.F.);
#666 = EDGE_CURVE('',#667,#669,#671,.T.);
#667 = VERTEX_POINT('',#668);
#668 = CARTESIAN_POINT('',(0.745,0.6,-2.775557561563E-17));
#669 = VERTEX_POINT('',#670);
#670 = CARTESIAN_POINT('',(0.955,0.6,-2.775557561563E-17));
#671 = LINE('',#672,#673);
#672 = CARTESIAN_POINT('',(0.7,0.6,0.));
#673 = VECTOR('',#674,1.);
#674 = DIRECTION('',(1.,0.,0.));
#675 = ORIENTED_EDGE('',*,*,#676,.F.);
#676 = EDGE_CURVE('',#504,#667,#677,.T.);
#677 = CIRCLE('',#678,4.5E-02);
#678 = AXIS2_PLACEMENT_3D('',#679,#680,#681);
#679 = CARTESIAN_POINT('',(0.745,0.6,4.5E-02));
#680 = DIRECTION('',(0.,-1.,0.));
#681 = DIRECTION('',(0.,0.,1.));
#682 = ORIENTED_EDGE('',*,*,#503,.T.);
#683 = ORIENTED_EDGE('',*,*,#495,.T.);
#684 = ORIENTED_EDGE('',*,*,#487,.F.);
#685 = ORIENTED_EDGE('',*,*,#686,.T.);
#686 = EDGE_CURVE('',#480,#687,#689,.T.);
#687 = VERTEX_POINT('',#688);
#688 = CARTESIAN_POINT('',(0.745,0.6,0.45));
#689 = CIRCLE('',#690,4.5E-02);
#690 = AXIS2_PLACEMENT_3D('',#691,#692,#693);
#691 = CARTESIAN_POINT('',(0.745,0.6,0.405));
#692 = DIRECTION('',(0.,1.,0.));
#693 = DIRECTION('',(0.,-0.,1.));
#694 = ORIENTED_EDGE('',*,*,#695,.T.);
#695 = EDGE_CURVE('',#687,#696,#698,.T.);
#696 = VERTEX_POINT('',#697);
#697 = CARTESIAN_POINT('',(0.955,0.6,0.45));
#698 = LINE('',#699,#700);
#699 = CARTESIAN_POINT('',(0.7,0.6,0.45));
#700 = VECTOR('',#701,1.);
#701 = DIRECTION('',(1.,0.,0.));
#702 = ORIENTED_EDGE('',*,*,#703,.F.);
#703 = EDGE_CURVE('',#704,#696,#706,.T.);
#704 = VERTEX_POINT('',#705);
#705 = CARTESIAN_POINT('',(1.,0.6,0.405));
#706 = CIRCLE('',#707,4.5E-02);
#707 = AXIS2_PLACEMENT_3D('',#708,#709,#710);
#708 = CARTESIAN_POINT('',(0.955,0.6,0.405));
#709 = DIRECTION('',(0.,-1.,0.));
#710 = DIRECTION('',(0.,0.,1.));
#711 = ORIENTED_EDGE('',*,*,#712,.F.);
#712 = EDGE_CURVE('',#713,#704,#715,.T.);
#713 = VERTEX_POINT('',#714);
#714 = CARTESIAN_POINT('',(1.,0.6,4.5E-02));
#715 = LINE('',#716,#717);
#716 = CARTESIAN_POINT('',(1.,0.6,0.));
#717 = VECTOR('',#718,1.);
#718 = DIRECTION('',(0.,0.,1.));
#719 = ORIENTED_EDGE('',*,*,#720,.T.);
#720 = EDGE_CURVE('',#713,#669,#721,.T.);
#721 = CIRCLE('',#722,4.5E-02);
#722 = AXIS2_PLACEMENT_3D('',#723,#724,#725);
#723 = CARTESIAN_POINT('',(0.955,0.6,4.5E-02));
#724 = DIRECTION('',(0.,1.,0.));
#725 = DIRECTION('',(0.,-0.,1.));
#726 = PLANE('',#727);
#727 = AXIS2_PLACEMENT_3D('',#728,#729,#730);
#728 = CARTESIAN_POINT('',(0.7,0.6,0.));
#729 = DIRECTION('',(0.,1.,0.));
#730 = DIRECTION('',(0.,-0.,1.));
#731 = ADVANCED_FACE('',(#732),#750,.T.);
#732 = FACE_BOUND('',#733,.T.);
#733 = EDGE_LOOP('',(#734,#735,#736,#744));
#734 = ORIENTED_EDGE('',*,*,#479,.F.);
#735 = ORIENTED_EDGE('',*,*,#644,.T.);
#736 = ORIENTED_EDGE('',*,*,#737,.T.);
#737 = EDGE_CURVE('',#645,#738,#740,.T.);
#738 = VERTEX_POINT('',#739);
#739 = CARTESIAN_POINT('',(0.7,0.6,0.45));
#740 = LINE('',#741,#742);
#741 = CARTESIAN_POINT('',(-0.7,0.6,0.45));
#742 = VECTOR('',#743,1.);
#743 = DIRECTION('',(1.,0.,0.));
#744 = ORIENTED_EDGE('',*,*,#745,.F.);
#745 = EDGE_CURVE('',#480,#738,#746,.T.);
#746 = LINE('',#747,#748);
#747 = CARTESIAN_POINT('',(0.7,0.6,0.405));
#748 = VECTOR('',#749,1.);
#749 = DIRECTION('',(0.,0.,1.));
#750 = PLANE('',#751);
#751 = AXIS2_PLACEMENT_3D('',#752,#753,#754);
#752 = CARTESIAN_POINT('',(-0.7,0.6,0.405));
#753 = DIRECTION('',(0.,1.,0.));
#754 = DIRECTION('',(0.,-0.,1.));
#755 = ADVANCED_FACE('',(#756),#767,.T.);
#756 = FACE_BOUND('',#757,.T.);
#757 = EDGE_LOOP('',(#758,#759,#760,#766));
#758 = ORIENTED_EDGE('',*,*,#527,.T.);
#759 = ORIENTED_EDGE('',*,*,#676,.T.);
#760 = ORIENTED_EDGE('',*,*,#761,.F.);
#761 = EDGE_CURVE('',#543,#667,#762,.T.);
#762 = LINE('',#763,#764);
#763 = CARTESIAN_POINT('',(0.745,-0.6,-2.775557561563E-17));
#764 = VECTOR('',#765,1.);
#765 = DIRECTION('',(0.,1.,0.));
#766 = ORIENTED_EDGE('',*,*,#552,.F.);
#767 = CYLINDRICAL_SURFACE('',#768,4.5E-02);
#768 = AXIS2_PLACEMENT_3D('',#769,#770,#771);
#769 = CARTESIAN_POINT('',(0.745,-0.6,4.5E-02));
#770 = DIRECTION('',(0.,1.,0.));
#771 = DIRECTION('',(-1.,0.,0.));
#772 = ADVANCED_FACE('',(#773),#784,.F.);
#773 = FACE_BOUND('',#774,.F.);
#774 = EDGE_LOOP('',(#775,#776,#777,#778));
#775 = ORIENTED_EDGE('',*,*,#666,.F.);
#776 = ORIENTED_EDGE('',*,*,#761,.F.);
#777 = ORIENTED_EDGE('',*,*,#542,.T.);
#778 = ORIENTED_EDGE('',*,*,#779,.T.);
#779 = EDGE_CURVE('',#545,#669,#780,.T.);
#780 = LINE('',#781,#782);
#781 = CARTESIAN_POINT('',(0.955,-0.6,-2.775557561563E-17));
#782 = VECTOR('',#783,1.);
#783 = DIRECTION('',(0.,1.,0.));
#784 = PLANE('',#785);
#785 = AXIS2_PLACEMENT_3D('',#786,#787,#788);
#786 = CARTESIAN_POINT('',(0.7,-0.6,0.));
#787 = DIRECTION('',(0.,0.,1.));
#788 = DIRECTION('',(1.,0.,-0.));
#789 = ADVANCED_FACE('',(#790),#801,.T.);
#790 = FACE_BOUND('',#791,.T.);
#791 = EDGE_LOOP('',(#792,#793,#794,#795));
#792 = ORIENTED_EDGE('',*,*,#596,.T.);
#793 = ORIENTED_EDGE('',*,*,#779,.T.);
#794 = ORIENTED_EDGE('',*,*,#720,.F.);
#795 = ORIENTED_EDGE('',*,*,#796,.F.);
#796 = EDGE_CURVE('',#589,#713,#797,.T.);
#797 = LINE('',#798,#799);
#798 = CARTESIAN_POINT('',(1.,-0.6,4.5E-02));
#799 = VECTOR('',#800,1.);
#800 = DIRECTION('',(0.,1.,0.));
#801 = CYLINDRICAL_SURFACE('',#802,4.5E-02);
#802 = AXIS2_PLACEMENT_3D('',#803,#804,#805);
#803 = CARTESIAN_POINT('',(0.955,-0.6,4.5E-02));
#804 = DIRECTION('',(0.,1.,0.));
#805 = DIRECTION('',(1.,0.,0.));
#806 = ADVANCED_FACE('',(#807),#818,.T.);
#807 = FACE_BOUND('',#808,.T.);
#808 = EDGE_LOOP('',(#809,#810,#811,#812));
#809 = ORIENTED_EDGE('',*,*,#588,.F.);
#810 = ORIENTED_EDGE('',*,*,#796,.T.);
#811 = ORIENTED_EDGE('',*,*,#712,.T.);
#812 = ORIENTED_EDGE('',*,*,#813,.F.);
#813 = EDGE_CURVE('',#580,#704,#814,.T.);
#814 = LINE('',#815,#816);
#815 = CARTESIAN_POINT('',(1.,-0.6,0.405));
#816 = VECTOR('',#817,1.);
#817 = DIRECTION('',(0.,1.,0.));
#818 = PLANE('',#819);
#819 = AXIS2_PLACEMENT_3D('',#820,#821,#822);
#820 = CARTESIAN_POINT('',(1.,-0.6,0.));
#821 = DIRECTION('',(1.,0.,0.));
#822 = DIRECTION('',(0.,0.,1.));
#823 = ADVANCED_FACE('',(#824),#835,.T.);
#824 = FACE_BOUND('',#825,.T.);
#825 = EDGE_LOOP('',(#826,#827,#828,#834));
#826 = ORIENTED_EDGE('',*,*,#813,.T.);
#827 = ORIENTED_EDGE('',*,*,#703,.T.);
#828 = ORIENTED_EDGE('',*,*,#829,.F.);
#829 = EDGE_CURVE('',#572,#696,#830,.T.);
#830 = LINE('',#831,#832);
#831 = CARTESIAN_POINT('',(0.955,-0.6,0.45));
#832 = VECTOR('',#833,1.);
#833 = DIRECTION('',(0.,1.,0.));
#834 = ORIENTED_EDGE('',*,*,#579,.F.);
#835 = CYLINDRICAL_SURFACE('',#836,4.5E-02);
#836 = AXIS2_PLACEMENT_3D('',#837,#838,#839);
#837 = CARTESIAN_POINT('',(0.955,-0.6,0.405));
#838 = DIRECTION('',(0.,1.,0.));
#839 = DIRECTION('',(1.,0.,0.));
#840 = ADVANCED_FACE('',(#841),#852,.T.);
#841 = FACE_BOUND('',#842,.T.);
#842 = EDGE_LOOP('',(#843,#844,#850,#851));
#843 = ORIENTED_EDGE('',*,*,#695,.F.);
#844 = ORIENTED_EDGE('',*,*,#845,.F.);
#845 = EDGE_CURVE('',#563,#687,#846,.T.);
#846 = LINE('',#847,#848);
#847 = CARTESIAN_POINT('',(0.745,-0.6,0.45));
#848 = VECTOR('',#849,1.);
#849 = DIRECTION('',(0.,1.,0.));
#850 = ORIENTED_EDGE('',*,*,#571,.T.);
#851 = ORIENTED_EDGE('',*,*,#829,.T.);
#852 = PLANE('',#853);
#853 = AXIS2_PLACEMENT_3D('',#854,#855,#856);
#854 = CARTESIAN_POINT('',(0.7,-0.6,0.45));
#855 = DIRECTION('',(0.,0.,1.));
#856 = DIRECTION('',(1.,0.,-0.));
#857 = ADVANCED_FACE('',(#858),#869,.T.);
#858 = FACE_BOUND('',#859,.T.);
#859 = EDGE_LOOP('',(#860,#861,#862,#863));
#860 = ORIENTED_EDGE('',*,*,#562,.T.);
#861 = ORIENTED_EDGE('',*,*,#845,.T.);
#862 = ORIENTED_EDGE('',*,*,#686,.F.);
#863 = ORIENTED_EDGE('',*,*,#864,.F.);
#864 = EDGE_CURVE('',#397,#480,#865,.T.);
#865 = LINE('',#866,#867);
#866 = CARTESIAN_POINT('',(0.7,-0.6,0.405));
#867 = VECTOR('',#868,1.);
#868 = DIRECTION('',(0.,1.,0.));
#869 = CYLINDRICAL_SURFACE('',#870,4.5E-02);
#870 = AXIS2_PLACEMENT_3D('',#871,#872,#873);
#871 = CARTESIAN_POINT('',(0.745,-0.6,0.405));
#872 = DIRECTION('',(0.,1.,0.));
#873 = DIRECTION('',(-1.,0.,0.));
#874 = ADVANCED_FACE('',(#875),#886,.T.);
#875 = FACE_BOUND('',#876,.T.);
#876 = EDGE_LOOP('',(#877,#878,#879,#880));
#877 = ORIENTED_EDGE('',*,*,#628,.F.);
#878 = ORIENTED_EDGE('',*,*,#864,.T.);
#879 = ORIENTED_EDGE('',*,*,#745,.T.);
#880 = ORIENTED_EDGE('',*,*,#881,.F.);
#881 = EDGE_CURVE('',#621,#738,#882,.T.);
#882 = LINE('',#883,#884);
#883 = CARTESIAN_POINT('',(0.7,-0.6,0.45));
#884 = VECTOR('',#885,1.);
#885 = DIRECTION('',(0.,1.,0.));
#886 = PLANE('',#887);
#887 = AXIS2_PLACEMENT_3D('',#888,#889,#890);
#888 = CARTESIAN_POINT('',(0.7,-0.6,0.405));
#889 = DIRECTION('',(1.,0.,0.));
#890 = DIRECTION('',(0.,0.,1.));
#891 = ADVANCED_FACE('',(#892),#898,.T.);
#892 = FACE_BOUND('',#893,.T.);
#893 = EDGE_LOOP('',(#894,#895,#896,#897));
#894 = ORIENTED_EDGE('',*,*,#652,.F.);
#895 = ORIENTED_EDGE('',*,*,#620,.T.);
#896 = ORIENTED_EDGE('',*,*,#881,.T.);
#897 = ORIENTED_EDGE('',*,*,#737,.F.);
#898 = PLANE('',#899);
#899 = AXIS2_PLACEMENT_3D('',#900,#901,#902);
#900 = CARTESIAN_POINT('',(-0.7,-0.6,0.45));
#901 = DIRECTION('',(0.,0.,1.));
#902 = DIRECTION('',(1.,0.,-0.));
#903 = ( GEOMETRIC_REPRESENTATION_CONTEXT(3) 
GLOBAL_UNCERTAINTY_ASSIGNED_CONTEXT((#907)) GLOBAL_UNIT_ASSIGNED_CONTEXT
((#904,#905,#906)) REPRESENTATION_CONTEXT('Context #1',
  '3D Context with UNIT and UNCERTAINTY') );
#904 = ( LENGTH_UNIT() NAMED_UNIT(*) SI_UNIT(.MILLI.,.METRE.) );
#905 = ( NAMED_UNIT(*) PLANE_ANGLE_UNIT() SI_UNIT($,.RADIAN.) );
#906 = ( NAMED_UNIT(*) SI_UNIT($,.STERADIAN.) SOLID_ANGLE_UNIT() );
#907 = UNCERTAINTY_MEASURE_WITH_UNIT(LENGTH_MEASURE(1.E-07),#904,
  'distance_accuracy_value','confusion accuracy');
#908 = CONTEXT_DEPENDENT_SHAPE_REPRESENTATION(#909,#911);
#909 = ( REPRESENTATION_RELATIONSHIP('','',#112,#10) 
REPRESENTATION_RELATIONSHIP_WITH_TRANSFORMATION(#910) 
SHAPE_REPRESENTATION_RELATIONSHIP() );
#910 = ITEM_DEFINED_TRANSFORMATION('','',#11,#15);
#911 = PRODUCT_DEFINITION_SHAPE('Placement','Placement of an item',#912
  );
#912 = NEXT_ASSEMBLY_USAGE_OCCURRENCE('1','R5','',#5,#107,$);
#913 = PRODUCT_RELATED_PRODUCT_CATEGORY('part',$,(#109));
#914 = SHAPE_DEFINITION_REPRESENTATION(#915,#921);
#915 = PRODUCT_DEFINITION_SHAPE('','',#916);
#916 = PRODUCT_DEFINITION('design','',#917,#920);
#917 = PRODUCT_DEFINITION_FORMATION('','',#918);
#918 = PRODUCT('PinHeader_1x08_P2.54mm_Vertical',
  'PinHeader_1x08_P2.54mm_Vertical','',(#919));
#919 = PRODUCT_CONTEXT('',#2,'mechanical');
#920 = PRODUCT_DEFINITION_CONTEXT('part definition',#2,'design');
#921 = ADVANCED_BREP_SHAPE_REPRESENTATION('',(#11,#922),#6398);
#922 = MANIFOLD_SOLID_BREP('',#923);
#923 = CLOSED_SHELL('',(#924,#964,#995,#1026,#1683,#2340,#2357,#2374,
    #2391,#2408,#2425,#2442,#2459,#2476,#2493,#2510,#2527,#2544,#2561,
    #2578,#2595,#2612,#2629,#2646,#2663,#2680,#2697,#2714,#2731,#2748,
    #2765,#2782,#2799,#2816,#2833,#2850,#2867,#2884,#2901,#2918,#2935,
    #2952,#2969,#2986,#3003,#3020,#3037,#3054,#3071,#3088,#3105,#3122,
    #3134,#3165,#3189,#3213,#3230,#3261,#3285,#3309,#3326,#3357,#3381,
    #3405,#3422,#3453,#3477,#3501,#3518,#3549,#3573,#3597,#3614,#3645,
    #3669,#3693,#3710,#3741,#3765,#3789,#3806,#3837,#3861,#3885,#3902,
    #3933,#3957,#3981,#3998,#4029,#4053,#4077,#4094,#4125,#4149,#4173,
    #4190,#4221,#4245,#4269,#4286,#4317,#4341,#4365,#4382,#4413,#4437,
    #4461,#4478,#4509,#4533,#4557,#4574,#4605,#4629,#4653,#4670,#4701,
    #4725,#4749,#4766,#4797,#4821,#4845,#4862,#4893,#4917,#4941,#4958,
    #4989,#5013,#5037,#5054,#5085,#5109,#5133,#5150,#5181,#5205,#5229,
    #5246,#5277,#5301,#5325,#5342,#5373,#5397,#5421,#5438,#5469,#5493,
    #5517,#5534,#5565,#5589,#5613,#5630,#5661,#5685,#5709,#5726,#5757,
    #5781,#5805,#5822,#5853,#5877,#5901,#5918,#5949,#5973,#5997,#6014,
    #6045,#6069,#6093,#6110,#6141,#6165,#6189,#6206,#6218,#6230,#6242,
    #6254,#6266,#6278,#6290,#6302,#6314,#6326,#6338,#6350,#6362,#6374,
    #6386));
#924 = ADVANCED_FACE('',(#925),#959,.F.);
#925 = FACE_BOUND('',#926,.F.);
#926 = EDGE_LOOP('',(#927,#937,#945,#953));
#927 = ORIENTED_EDGE('',*,*,#928,.T.);
#928 = EDGE_CURVE('',#929,#931,#933,.T.);
#929 = VERTEX_POINT('',#930);
#930 = CARTESIAN_POINT('',(-1.016,1.27,0.));
#931 = VERTEX_POINT('',#932);
#932 = CARTESIAN_POINT('',(-1.016,1.27,2.54));
#933 = LINE('',#934,#935);
#934 = CARTESIAN_POINT('',(-1.016,1.27,0.));
#935 = VECTOR('',#936,1.);
#936 = DIRECTION('',(0.,0.,1.));
#937 = ORIENTED_EDGE('',*,*,#938,.T.);
#938 = EDGE_CURVE('',#931,#939,#941,.T.);
#939 = VERTEX_POINT('',#940);
#940 = CARTESIAN_POINT('',(-1.27,1.016,2.54));
#941 = LINE('',#942,#943);
#942 = CARTESIAN_POINT('',(-1.016,1.27,2.54));
#943 = VECTOR('',#944,1.);
#944 = DIRECTION('',(-0.707106781187,-0.707106781187,0.));
#945 = ORIENTED_EDGE('',*,*,#946,.F.);
#946 = EDGE_CURVE('',#947,#939,#949,.T.);
#947 = VERTEX_POINT('',#948);
#948 = CARTESIAN_POINT('',(-1.27,1.016,0.));
#949 = LINE('',#950,#951);
#950 = CARTESIAN_POINT('',(-1.27,1.016,0.));
#951 = VECTOR('',#952,1.);
#952 = DIRECTION('',(0.,0.,1.));
#953 = ORIENTED_EDGE('',*,*,#954,.F.);
#954 = EDGE_CURVE('',#929,#947,#955,.T.);
#955 = LINE('',#956,#957);
#956 = CARTESIAN_POINT('',(-1.016,1.27,0.));
#957 = VECTOR('',#958,1.);
#958 = DIRECTION('',(-0.707106781187,-0.707106781187,0.));
#959 = PLANE('',#960);
#960 = AXIS2_PLACEMENT_3D('',#961,#962,#963);
#961 = CARTESIAN_POINT('',(-1.016,1.27,0.));
#962 = DIRECTION('',(0.707106781187,-0.707106781187,0.));
#963 = DIRECTION('',(-0.707106781187,-0.707106781187,0.));
#964 = ADVANCED_FACE('',(#965),#990,.F.);
#965 = FACE_BOUND('',#966,.F.);
#966 = EDGE_LOOP('',(#967,#977,#983,#984));
#967 = ORIENTED_EDGE('',*,*,#968,.T.);
#968 = EDGE_CURVE('',#969,#971,#973,.T.);
#969 = VERTEX_POINT('',#970);
#970 = CARTESIAN_POINT('',(1.016,1.27,0.));
#971 = VERTEX_POINT('',#972);
#972 = CARTESIAN_POINT('',(1.016,1.27,2.54));
#973 = LINE('',#974,#975);
#974 = CARTESIAN_POINT('',(1.016,1.27,0.));
#975 = VECTOR('',#976,1.);
#976 = DIRECTION('',(0.,0.,1.));
#977 = ORIENTED_EDGE('',*,*,#978,.T.);
#978 = EDGE_CURVE('',#971,#931,#979,.T.);
#979 = LINE('',#980,#981);
#980 = CARTESIAN_POINT('',(1.016,1.27,2.54));
#981 = VECTOR('',#982,1.);
#982 = DIRECTION('',(-1.,0.,0.));
#983 = ORIENTED_EDGE('',*,*,#928,.F.);
#984 = ORIENTED_EDGE('',*,*,#985,.F.);
#985 = EDGE_CURVE('',#969,#929,#986,.T.);
#986 = LINE('',#987,#988);
#987 = CARTESIAN_POINT('',(1.016,1.27,0.));
#988 = VECTOR('',#989,1.);
#989 = DIRECTION('',(-1.,0.,0.));
#990 = PLANE('',#991);
#991 = AXIS2_PLACEMENT_3D('',#992,#993,#994);
#992 = CARTESIAN_POINT('',(1.016,1.27,0.));
#993 = DIRECTION('',(0.,-1.,0.));
#994 = DIRECTION('',(-1.,0.,0.));
#995 = ADVANCED_FACE('',(#996),#1021,.F.);
#996 = FACE_BOUND('',#997,.F.);
#997 = EDGE_LOOP('',(#998,#999,#1007,#1015));
#998 = ORIENTED_EDGE('',*,*,#946,.T.);
#999 = ORIENTED_EDGE('',*,*,#1000,.T.);
#1000 = EDGE_CURVE('',#939,#1001,#1003,.T.);
#1001 = VERTEX_POINT('',#1002);
#1002 = CARTESIAN_POINT('',(-1.27,-1.016,2.54));
#1003 = LINE('',#1004,#1005);
#1004 = CARTESIAN_POINT('',(-1.27,1.016,2.54));
#1005 = VECTOR('',#1006,1.);
#1006 = DIRECTION('',(0.,-1.,0.));
#1007 = ORIENTED_EDGE('',*,*,#1008,.F.);
#1008 = EDGE_CURVE('',#1009,#1001,#1011,.T.);
#1009 = VERTEX_POINT('',#1010);
#1010 = CARTESIAN_POINT('',(-1.27,-1.016,0.));
#1011 = LINE('',#1012,#1013);
#1012 = CARTESIAN_POINT('',(-1.27,-1.016,0.));
#1013 = VECTOR('',#1014,1.);
#1014 = DIRECTION('',(0.,0.,1.));
#1015 = ORIENTED_EDGE('',*,*,#1016,.F.);
#1016 = EDGE_CURVE('',#947,#1009,#1017,.T.);
#1017 = LINE('',#1018,#1019);
#1018 = CARTESIAN_POINT('',(-1.27,1.016,0.));
#1019 = VECTOR('',#1020,1.);
#1020 = DIRECTION('',(0.,-1.,0.));
#1021 = PLANE('',#1022);
#1022 = AXIS2_PLACEMENT_3D('',#1023,#1024,#1025);
#1023 = CARTESIAN_POINT('',(-1.27,1.016,0.));
#1024 = DIRECTION('',(1.,0.,0.));
#1025 = DIRECTION('',(0.,-1.,0.));
#1026 = ADVANCED_FACE('',(#1027,#1406,#1440,#1474,#1508,#1542,#1576,
    #1610,#1644),#1678,.F.);
#1027 = FACE_BOUND('',#1028,.F.);
#1028 = EDGE_LOOP('',(#1029,#1030,#1031,#1039,#1047,#1055,#1063,#1071,
    #1079,#1087,#1095,#1103,#1111,#1119,#1127,#1135,#1143,#1151,#1159,
    #1167,#1175,#1183,#1191,#1199,#1207,#1215,#1223,#1231,#1239,#1247,
    #1255,#1263,#1271,#1279,#1287,#1295,#1303,#1311,#1319,#1327,#1335,
    #1343,#1351,#1359,#1367,#1375,#1383,#1391,#1399,#1405));
#1029 = ORIENTED_EDGE('',*,*,#954,.T.);
#1030 = ORIENTED_EDGE('',*,*,#1016,.T.);
#1031 = ORIENTED_EDGE('',*,*,#1032,.T.);
#1032 = EDGE_CURVE('',#1009,#1033,#1035,.T.);
#1033 = VERTEX_POINT('',#1034);
#1034 = CARTESIAN_POINT('',(-1.016,-1.27,0.));
#1035 = LINE('',#1036,#1037);
#1036 = CARTESIAN_POINT('',(-1.27,-1.016,0.));
#1037 = VECTOR('',#1038,1.);
#1038 = DIRECTION('',(0.707106781187,-0.707106781187,0.));
#1039 = ORIENTED_EDGE('',*,*,#1040,.T.);
#1040 = EDGE_CURVE('',#1033,#1041,#1043,.T.);
#1041 = VERTEX_POINT('',#1042);
#1042 = CARTESIAN_POINT('',(-1.27,-1.524,0.));
#1043 = LINE('',#1044,#1045);
#1044 = CARTESIAN_POINT('',(-1.016,-1.27,0.));
#1045 = VECTOR('',#1046,1.);
#1046 = DIRECTION('',(-0.707106781187,-0.707106781187,0.));
#1047 = ORIENTED_EDGE('',*,*,#1048,.T.);
#1048 = EDGE_CURVE('',#1041,#1049,#1051,.T.);
#1049 = VERTEX_POINT('',#1050);
#1050 = CARTESIAN_POINT('',(-1.27,-3.556,0.));
#1051 = LINE('',#1052,#1053);
#1052 = CARTESIAN_POINT('',(-1.27,-1.524,0.));
#1053 = VECTOR('',#1054,1.);
#1054 = DIRECTION('',(0.,-1.,0.));
#1055 = ORIENTED_EDGE('',*,*,#1056,.T.);
#1056 = EDGE_CURVE('',#1049,#1057,#1059,.T.);
#1057 = VERTEX_POINT('',#1058);
#1058 = CARTESIAN_POINT('',(-1.016,-3.81,0.));
#1059 = LINE('',#1060,#1061);
#1060 = CARTESIAN_POINT('',(-1.27,-3.556,0.));
#1061 = VECTOR('',#1062,1.);
#1062 = DIRECTION('',(0.707106781187,-0.707106781187,0.));
#1063 = ORIENTED_EDGE('',*,*,#1064,.T.);
#1064 = EDGE_CURVE('',#1057,#1065,#1067,.T.);
#1065 = VERTEX_POINT('',#1066);
#1066 = CARTESIAN_POINT('',(-1.27,-4.064,0.));
#1067 = LINE('',#1068,#1069);
#1068 = CARTESIAN_POINT('',(-1.016,-3.81,0.));
#1069 = VECTOR('',#1070,1.);
#1070 = DIRECTION('',(-0.707106781187,-0.707106781187,0.));
#1071 = ORIENTED_EDGE('',*,*,#1072,.T.);
#1072 = EDGE_CURVE('',#1065,#1073,#1075,.T.);
#1073 = VERTEX_POINT('',#1074);
#1074 = CARTESIAN_POINT('',(-1.27,-6.096,0.));
#1075 = LINE('',#1076,#1077);
#1076 = CARTESIAN_POINT('',(-1.27,-4.064,0.));
#1077 = VECTOR('',#1078,1.);
#1078 = DIRECTION('',(0.,-1.,0.));
#1079 = ORIENTED_EDGE('',*,*,#1080,.T.);
#1080 = EDGE_CURVE('',#1073,#1081,#1083,.T.);
#1081 = VERTEX_POINT('',#1082);
#1082 = CARTESIAN_POINT('',(-1.016,-6.35,0.));
#1083 = LINE('',#1084,#1085);
#1084 = CARTESIAN_POINT('',(-1.27,-6.096,0.));
#1085 = VECTOR('',#1086,1.);
#1086 = DIRECTION('',(0.707106781187,-0.707106781187,0.));
#1087 = ORIENTED_EDGE('',*,*,#1088,.T.);
#1088 = EDGE_CURVE('',#1081,#1089,#1091,.T.);
#1089 = VERTEX_POINT('',#1090);
#1090 = CARTESIAN_POINT('',(-1.27,-6.604,0.));
#1091 = LINE('',#1092,#1093);
#1092 = CARTESIAN_POINT('',(-1.016,-6.35,0.));
#1093 = VECTOR('',#1094,1.);
#1094 = DIRECTION('',(-0.707106781187,-0.707106781187,0.));
#1095 = ORIENTED_EDGE('',*,*,#1096,.T.);
#1096 = EDGE_CURVE('',#1089,#1097,#1099,.T.);
#1097 = VERTEX_POINT('',#1098);
#1098 = CARTESIAN_POINT('',(-1.27,-8.636,0.));
#1099 = LINE('',#1100,#1101);
#1100 = CARTESIAN_POINT('',(-1.27,-6.604,0.));
#1101 = VECTOR('',#1102,1.);
#1102 = DIRECTION('',(0.,-1.,0.));
#1103 = ORIENTED_EDGE('',*,*,#1104,.T.);
#1104 = EDGE_CURVE('',#1097,#1105,#1107,.T.);
#1105 = VERTEX_POINT('',#1106);
#1106 = CARTESIAN_POINT('',(-1.016,-8.89,0.));
#1107 = LINE('',#1108,#1109);
#1108 = CARTESIAN_POINT('',(-1.27,-8.636,0.));
#1109 = VECTOR('',#1110,1.);
#1110 = DIRECTION('',(0.707106781187,-0.707106781187,0.));
#1111 = ORIENTED_EDGE('',*,*,#1112,.T.);
#1112 = EDGE_CURVE('',#1105,#1113,#1115,.T.);
#1113 = VERTEX_POINT('',#1114);
#1114 = CARTESIAN_POINT('',(-1.27,-9.144,0.));
#1115 = LINE('',#1116,#1117);
#1116 = CARTESIAN_POINT('',(-1.016,-8.89,0.));
#1117 = VECTOR('',#1118,1.);
#1118 = DIRECTION('',(-0.707106781187,-0.707106781187,0.));
#1119 = ORIENTED_EDGE('',*,*,#1120,.T.);
#1120 = EDGE_CURVE('',#1113,#1121,#1123,.T.);
#1121 = VERTEX_POINT('',#1122);
#1122 = CARTESIAN_POINT('',(-1.27,-11.176,0.));
#1123 = LINE('',#1124,#1125);
#1124 = CARTESIAN_POINT('',(-1.27,-9.144,0.));
#1125 = VECTOR('',#1126,1.);
#1126 = DIRECTION('',(0.,-1.,0.));
#1127 = ORIENTED_EDGE('',*,*,#1128,.T.);
#1128 = EDGE_CURVE('',#1121,#1129,#1131,.T.);
#1129 = VERTEX_POINT('',#1130);
#1130 = CARTESIAN_POINT('',(-1.016,-11.43,0.));
#1131 = LINE('',#1132,#1133);
#1132 = CARTESIAN_POINT('',(-1.27,-11.176,0.));
#1133 = VECTOR('',#1134,1.);
#1134 = DIRECTION('',(0.707106781187,-0.707106781187,0.));
#1135 = ORIENTED_EDGE('',*,*,#1136,.T.);
#1136 = EDGE_CURVE('',#1129,#1137,#1139,.T.);
#1137 = VERTEX_POINT('',#1138);
#1138 = CARTESIAN_POINT('',(-1.27,-11.684,0.));
#1139 = LINE('',#1140,#1141);
#1140 = CARTESIAN_POINT('',(-1.016,-11.43,0.));
#1141 = VECTOR('',#1142,1.);
#1142 = DIRECTION('',(-0.707106781187,-0.707106781187,0.));
#1143 = ORIENTED_EDGE('',*,*,#1144,.T.);
#1144 = EDGE_CURVE('',#1137,#1145,#1147,.T.);
#1145 = VERTEX_POINT('',#1146);
#1146 = CARTESIAN_POINT('',(-1.27,-13.716,0.));
#1147 = LINE('',#1148,#1149);
#1148 = CARTESIAN_POINT('',(-1.27,-11.684,0.));
#1149 = VECTOR('',#1150,1.);
#1150 = DIRECTION('',(0.,-1.,0.));
#1151 = ORIENTED_EDGE('',*,*,#1152,.T.);
#1152 = EDGE_CURVE('',#1145,#1153,#1155,.T.);
#1153 = VERTEX_POINT('',#1154);
#1154 = CARTESIAN_POINT('',(-1.016,-13.97,0.));
#1155 = LINE('',#1156,#1157);
#1156 = CARTESIAN_POINT('',(-1.27,-13.716,0.));
#1157 = VECTOR('',#1158,1.);
#1158 = DIRECTION('',(0.707106781187,-0.707106781187,0.));
#1159 = ORIENTED_EDGE('',*,*,#1160,.T.);
#1160 = EDGE_CURVE('',#1153,#1161,#1163,.T.);
#1161 = VERTEX_POINT('',#1162);
#1162 = CARTESIAN_POINT('',(-1.27,-14.224,0.));
#1163 = LINE('',#1164,#1165);
#1164 = CARTESIAN_POINT('',(-1.016,-13.97,0.));
#1165 = VECTOR('',#1166,1.);
#1166 = DIRECTION('',(-0.707106781187,-0.707106781187,0.));
#1167 = ORIENTED_EDGE('',*,*,#1168,.T.);
#1168 = EDGE_CURVE('',#1161,#1169,#1171,.T.);
#1169 = VERTEX_POINT('',#1170);
#1170 = CARTESIAN_POINT('',(-1.27,-16.256,0.));
#1171 = LINE('',#1172,#1173);
#1172 = CARTESIAN_POINT('',(-1.27,-14.224,0.));
#1173 = VECTOR('',#1174,1.);
#1174 = DIRECTION('',(0.,-1.,0.));
#1175 = ORIENTED_EDGE('',*,*,#1176,.T.);
#1176 = EDGE_CURVE('',#1169,#1177,#1179,.T.);
#1177 = VERTEX_POINT('',#1178);
#1178 = CARTESIAN_POINT('',(-1.016,-16.51,0.));
#1179 = LINE('',#1180,#1181);
#1180 = CARTESIAN_POINT('',(-1.27,-16.256,0.));
#1181 = VECTOR('',#1182,1.);
#1182 = DIRECTION('',(0.707106781187,-0.707106781187,0.));
#1183 = ORIENTED_EDGE('',*,*,#1184,.T.);
#1184 = EDGE_CURVE('',#1177,#1185,#1187,.T.);
#1185 = VERTEX_POINT('',#1186);
#1186 = CARTESIAN_POINT('',(-1.27,-16.764,0.));
#1187 = LINE('',#1188,#1189);
#1188 = CARTESIAN_POINT('',(-1.016,-16.51,0.));
#1189 = VECTOR('',#1190,1.);
#1190 = DIRECTION('',(-0.707106781187,-0.707106781187,0.));
#1191 = ORIENTED_EDGE('',*,*,#1192,.T.);
#1192 = EDGE_CURVE('',#1185,#1193,#1195,.T.);
#1193 = VERTEX_POINT('',#1194);
#1194 = CARTESIAN_POINT('',(-1.27,-18.796,0.));
#1195 = LINE('',#1196,#1197);
#1196 = CARTESIAN_POINT('',(-1.27,-16.764,0.));
#1197 = VECTOR('',#1198,1.);
#1198 = DIRECTION('',(0.,-1.,0.));
#1199 = ORIENTED_EDGE('',*,*,#1200,.T.);
#1200 = EDGE_CURVE('',#1193,#1201,#1203,.T.);
#1201 = VERTEX_POINT('',#1202);
#1202 = CARTESIAN_POINT('',(-1.016,-19.05,0.));
#1203 = LINE('',#1204,#1205);
#1204 = CARTESIAN_POINT('',(-1.27,-18.796,0.));
#1205 = VECTOR('',#1206,1.);
#1206 = DIRECTION('',(0.707106781187,-0.707106781187,0.));
#1207 = ORIENTED_EDGE('',*,*,#1208,.T.);
#1208 = EDGE_CURVE('',#1201,#1209,#1211,.T.);
#1209 = VERTEX_POINT('',#1210);
#1210 = CARTESIAN_POINT('',(1.016,-19.05,0.));
#1211 = LINE('',#1212,#1213);
#1212 = CARTESIAN_POINT('',(-1.016,-19.05,0.));
#1213 = VECTOR('',#1214,1.);
#1214 = DIRECTION('',(1.,0.,0.));
#1215 = ORIENTED_EDGE('',*,*,#1216,.T.);
#1216 = EDGE_CURVE('',#1209,#1217,#1219,.T.);
#1217 = VERTEX_POINT('',#1218);
#1218 = CARTESIAN_POINT('',(1.27,-18.796,0.));
#1219 = LINE('',#1220,#1221);
#1220 = CARTESIAN_POINT('',(1.016,-19.05,0.));
#1221 = VECTOR('',#1222,1.);
#1222 = DIRECTION('',(0.707106781187,0.707106781187,0.));
#1223 = ORIENTED_EDGE('',*,*,#1224,.T.);
#1224 = EDGE_CURVE('',#1217,#1225,#1227,.T.);
#1225 = VERTEX_POINT('',#1226);
#1226 = CARTESIAN_POINT('',(1.27,-16.764,0.));
#1227 = LINE('',#1228,#1229);
#1228 = CARTESIAN_POINT('',(1.27,-18.796,0.));
#1229 = VECTOR('',#1230,1.);
#1230 = DIRECTION('',(0.,1.,0.));
#1231 = ORIENTED_EDGE('',*,*,#1232,.T.);
#1232 = EDGE_CURVE('',#1225,#1233,#1235,.T.);
#1233 = VERTEX_POINT('',#1234);
#1234 = CARTESIAN_POINT('',(1.016,-16.51,0.));
#1235 = LINE('',#1236,#1237);
#1236 = CARTESIAN_POINT('',(1.27,-16.764,0.));
#1237 = VECTOR('',#1238,1.);
#1238 = DIRECTION('',(-0.707106781187,0.707106781187,0.));
#1239 = ORIENTED_EDGE('',*,*,#1240,.T.);
#1240 = EDGE_CURVE('',#1233,#1241,#1243,.T.);
#1241 = VERTEX_POINT('',#1242);
#1242 = CARTESIAN_POINT('',(1.27,-16.256,0.));
#1243 = LINE('',#1244,#1245);
#1244 = CARTESIAN_POINT('',(1.016,-16.51,0.));
#1245 = VECTOR('',#1246,1.);
#1246 = DIRECTION('',(0.707106781187,0.707106781187,0.));
#1247 = ORIENTED_EDGE('',*,*,#1248,.T.);
#1248 = EDGE_CURVE('',#1241,#1249,#1251,.T.);
#1249 = VERTEX_POINT('',#1250);
#1250 = CARTESIAN_POINT('',(1.27,-14.224,0.));
#1251 = LINE('',#1252,#1253);
#1252 = CARTESIAN_POINT('',(1.27,-16.256,0.));
#1253 = VECTOR('',#1254,1.);
#1254 = DIRECTION('',(0.,1.,0.));
#1255 = ORIENTED_EDGE('',*,*,#1256,.T.);
#1256 = EDGE_CURVE('',#1249,#1257,#1259,.T.);
#1257 = VERTEX_POINT('',#1258);
#1258 = CARTESIAN_POINT('',(1.016,-13.97,0.));
#1259 = LINE('',#1260,#1261);
#1260 = CARTESIAN_POINT('',(1.27,-14.224,0.));
#1261 = VECTOR('',#1262,1.);
#1262 = DIRECTION('',(-0.707106781187,0.707106781187,0.));
#1263 = ORIENTED_EDGE('',*,*,#1264,.T.);
#1264 = EDGE_CURVE('',#1257,#1265,#1267,.T.);
#1265 = VERTEX_POINT('',#1266);
#1266 = CARTESIAN_POINT('',(1.27,-13.716,0.));
#1267 = LINE('',#1268,#1269);
#1268 = CARTESIAN_POINT('',(1.016,-13.97,0.));
#1269 = VECTOR('',#1270,1.);
#1270 = DIRECTION('',(0.707106781187,0.707106781187,0.));
#1271 = ORIENTED_EDGE('',*,*,#1272,.T.);
#1272 = EDGE_CURVE('',#1265,#1273,#1275,.T.);
#1273 = VERTEX_POINT('',#1274);
#1274 = CARTESIAN_POINT('',(1.27,-11.684,0.));
#1275 = LINE('',#1276,#1277);
#1276 = CARTESIAN_POINT('',(1.27,-13.716,0.));
#1277 = VECTOR('',#1278,1.);
#1278 = DIRECTION('',(0.,1.,0.));
#1279 = ORIENTED_EDGE('',*,*,#1280,.T.);
#1280 = EDGE_CURVE('',#1273,#1281,#1283,.T.);
#1281 = VERTEX_POINT('',#1282);
#1282 = CARTESIAN_POINT('',(1.016,-11.43,0.));
#1283 = LINE('',#1284,#1285);
#1284 = CARTESIAN_POINT('',(1.27,-11.684,0.));
#1285 = VECTOR('',#1286,1.);
#1286 = DIRECTION('',(-0.707106781187,0.707106781187,0.));
#1287 = ORIENTED_EDGE('',*,*,#1288,.T.);
#1288 = EDGE_CURVE('',#1281,#1289,#1291,.T.);
#1289 = VERTEX_POINT('',#1290);
#1290 = CARTESIAN_POINT('',(1.27,-11.176,0.));
#1291 = LINE('',#1292,#1293);
#1292 = CARTESIAN_POINT('',(1.016,-11.43,0.));
#1293 = VECTOR('',#1294,1.);
#1294 = DIRECTION('',(0.707106781187,0.707106781187,0.));
#1295 = ORIENTED_EDGE('',*,*,#1296,.T.);
#1296 = EDGE_CURVE('',#1289,#1297,#1299,.T.);
#1297 = VERTEX_POINT('',#1298);
#1298 = CARTESIAN_POINT('',(1.27,-9.144,0.));
#1299 = LINE('',#1300,#1301);
#1300 = CARTESIAN_POINT('',(1.27,-11.176,0.));
#1301 = VECTOR('',#1302,1.);
#1302 = DIRECTION('',(0.,1.,0.));
#1303 = ORIENTED_EDGE('',*,*,#1304,.T.);
#1304 = EDGE_CURVE('',#1297,#1305,#1307,.T.);
#1305 = VERTEX_POINT('',#1306);
#1306 = CARTESIAN_POINT('',(1.016,-8.89,0.));
#1307 = LINE('',#1308,#1309);
#1308 = CARTESIAN_POINT('',(1.27,-9.144,0.));
#1309 = VECTOR('',#1310,1.);
#1310 = DIRECTION('',(-0.707106781187,0.707106781187,0.));
#1311 = ORIENTED_EDGE('',*,*,#1312,.T.);
#1312 = EDGE_CURVE('',#1305,#1313,#1315,.T.);
#1313 = VERTEX_POINT('',#1314);
#1314 = CARTESIAN_POINT('',(1.27,-8.636,0.));
#1315 = LINE('',#1316,#1317);
#1316 = CARTESIAN_POINT('',(1.016,-8.89,0.));
#1317 = VECTOR('',#1318,1.);
#1318 = DIRECTION('',(0.707106781187,0.707106781187,0.));
#1319 = ORIENTED_EDGE('',*,*,#1320,.T.);
#1320 = EDGE_CURVE('',#1313,#1321,#1323,.T.);
#1321 = VERTEX_POINT('',#1322);
#1322 = CARTESIAN_POINT('',(1.27,-6.604,0.));
#1323 = LINE('',#1324,#1325);
#1324 = CARTESIAN_POINT('',(1.27,-8.636,0.));
#1325 = VECTOR('',#1326,1.);
#1326 = DIRECTION('',(0.,1.,0.));
#1327 = ORIENTED_EDGE('',*,*,#1328,.T.);
#1328 = EDGE_CURVE('',#1321,#1329,#1331,.T.);
#1329 = VERTEX_POINT('',#1330);
#1330 = CARTESIAN_POINT('',(1.016,-6.35,0.));
#1331 = LINE('',#1332,#1333);
#1332 = CARTESIAN_POINT('',(1.27,-6.604,0.));
#1333 = VECTOR('',#1334,1.);
#1334 = DIRECTION('',(-0.707106781187,0.707106781187,0.));
#1335 = ORIENTED_EDGE('',*,*,#1336,.T.);
#1336 = EDGE_CURVE('',#1329,#1337,#1339,.T.);
#1337 = VERTEX_POINT('',#1338);
#1338 = CARTESIAN_POINT('',(1.27,-6.096,0.));
#1339 = LINE('',#1340,#1341);
#1340 = CARTESIAN_POINT('',(1.016,-6.35,0.));
#1341 = VECTOR('',#1342,1.);
#1342 = DIRECTION('',(0.707106781187,0.707106781187,0.));
#1343 = ORIENTED_EDGE('',*,*,#1344,.T.);
#1344 = EDGE_CURVE('',#1337,#1345,#1347,.T.);
#1345 = VERTEX_POINT('',#1346);
#1346 = CARTESIAN_POINT('',(1.27,-4.064,0.));
#1347 = LINE('',#1348,#1349);
#1348 = CARTESIAN_POINT('',(1.27,-6.096,0.));
#1349 = VECTOR('',#1350,1.);
#1350 = DIRECTION('',(0.,1.,0.));
#1351 = ORIENTED_EDGE('',*,*,#1352,.T.);
#1352 = EDGE_CURVE('',#1345,#1353,#1355,.T.);
#1353 = VERTEX_POINT('',#1354);
#1354 = CARTESIAN_POINT('',(1.016,-3.81,0.));
#1355 = LINE('',#1356,#1357);
#1356 = CARTESIAN_POINT('',(1.27,-4.064,0.));
#1357 = VECTOR('',#1358,1.);
#1358 = DIRECTION('',(-0.707106781187,0.707106781187,0.));
#1359 = ORIENTED_EDGE('',*,*,#1360,.T.);
#1360 = EDGE_CURVE('',#1353,#1361,#1363,.T.);
#1361 = VERTEX_POINT('',#1362);
#1362 = CARTESIAN_POINT('',(1.27,-3.556,0.));
#1363 = LINE('',#1364,#1365);
#1364 = CARTESIAN_POINT('',(1.016,-3.81,0.));
#1365 = VECTOR('',#1366,1.);
#1366 = DIRECTION('',(0.707106781187,0.707106781187,0.));
#1367 = ORIENTED_EDGE('',*,*,#1368,.T.);
#1368 = EDGE_CURVE('',#1361,#1369,#1371,.T.);
#1369 = VERTEX_POINT('',#1370);
#1370 = CARTESIAN_POINT('',(1.27,-1.524,0.));
#1371 = LINE('',#1372,#1373);
#1372 = CARTESIAN_POINT('',(1.27,-3.556,0.));
#1373 = VECTOR('',#1374,1.);
#1374 = DIRECTION('',(0.,1.,0.));
#1375 = ORIENTED_EDGE('',*,*,#1376,.T.);
#1376 = EDGE_CURVE('',#1369,#1377,#1379,.T.);
#1377 = VERTEX_POINT('',#1378);
#1378 = CARTESIAN_POINT('',(1.016,-1.27,0.));
#1379 = LINE('',#1380,#1381);
#1380 = CARTESIAN_POINT('',(1.27,-1.524,0.));
#1381 = VECTOR('',#1382,1.);
#1382 = DIRECTION('',(-0.707106781187,0.707106781187,0.));
#1383 = ORIENTED_EDGE('',*,*,#1384,.T.);
#1384 = EDGE_CURVE('',#1377,#1385,#1387,.T.);
#1385 = VERTEX_POINT('',#1386);
#1386 = CARTESIAN_POINT('',(1.27,-1.016,0.));
#1387 = LINE('',#1388,#1389);
#1388 = CARTESIAN_POINT('',(1.016,-1.27,0.));
#1389 = VECTOR('',#1390,1.);
#1390 = DIRECTION('',(0.707106781187,0.707106781187,0.));
#1391 = ORIENTED_EDGE('',*,*,#1392,.T.);
#1392 = EDGE_CURVE('',#1385,#1393,#1395,.T.);
#1393 = VERTEX_POINT('',#1394);
#1394 = CARTESIAN_POINT('',(1.27,1.016,0.));
#1395 = LINE('',#1396,#1397);
#1396 = CARTESIAN_POINT('',(1.27,-1.016,0.));
#1397 = VECTOR('',#1398,1.);
#1398 = DIRECTION('',(0.,1.,0.));
#1399 = ORIENTED_EDGE('',*,*,#1400,.T.);
#1400 = EDGE_CURVE('',#1393,#969,#1401,.T.);
#1401 = LINE('',#1402,#1403);
#1402 = CARTESIAN_POINT('',(1.27,1.016,0.));
#1403 = VECTOR('',#1404,1.);
#1404 = DIRECTION('',(-0.707106781187,0.707106781187,0.));
#1405 = ORIENTED_EDGE('',*,*,#985,.T.);
#1406 = FACE_BOUND('',#1407,.F.);
#1407 = EDGE_LOOP('',(#1408,#1418,#1426,#1434));
#1408 = ORIENTED_EDGE('',*,*,#1409,.T.);
#1409 = EDGE_CURVE('',#1410,#1412,#1414,.T.);
#1410 = VERTEX_POINT('',#1411);
#1411 = CARTESIAN_POINT('',(0.32,-18.1,0.));
#1412 = VERTEX_POINT('',#1413);
#1413 = CARTESIAN_POINT('',(-0.32,-18.1,0.));
#1414 = LINE('',#1415,#1416);
#1415 = CARTESIAN_POINT('',(-0.16,-18.1,0.));
#1416 = VECTOR('',#1417,1.);
#1417 = DIRECTION('',(-1.,0.,0.));
#1418 = ORIENTED_EDGE('',*,*,#1419,.T.);
#1419 = EDGE_CURVE('',#1412,#1420,#1422,.T.);
#1420 = VERTEX_POINT('',#1421);
#1421 = CARTESIAN_POINT('',(-0.32,-17.46,0.));
#1422 = LINE('',#1423,#1424);
#1423 = CARTESIAN_POINT('',(-0.32,-13.495,0.));
#1424 = VECTOR('',#1425,1.);
#1425 = DIRECTION('',(0.,1.,0.));
#1426 = ORIENTED_EDGE('',*,*,#1427,.F.);
#1427 = EDGE_CURVE('',#1428,#1420,#1430,.T.);
#1428 = VERTEX_POINT('',#1429);
#1429 = CARTESIAN_POINT('',(0.32,-17.46,0.));
#1430 = LINE('',#1431,#1432);
#1431 = CARTESIAN_POINT('',(-0.16,-17.46,0.));
#1432 = VECTOR('',#1433,1.);
#1433 = DIRECTION('',(-1.,0.,0.));
#1434 = ORIENTED_EDGE('',*,*,#1435,.F.);
#1435 = EDGE_CURVE('',#1410,#1428,#1436,.T.);
#1436 = LINE('',#1437,#1438);
#1437 = CARTESIAN_POINT('',(0.32,-13.495,0.));
#1438 = VECTOR('',#1439,1.);
#1439 = DIRECTION('',(0.,1.,0.));
#1440 = FACE_BOUND('',#1441,.F.);
#1441 = EDGE_LOOP('',(#1442,#1452,#1460,#1468));
#1442 = ORIENTED_EDGE('',*,*,#1443,.F.);
#1443 = EDGE_CURVE('',#1444,#1446,#1448,.T.);
#1444 = VERTEX_POINT('',#1445);
#1445 = CARTESIAN_POINT('',(0.32,-14.92,0.));
#1446 = VERTEX_POINT('',#1447);
#1447 = CARTESIAN_POINT('',(-0.32,-14.92,0.));
#1448 = LINE('',#1449,#1450);
#1449 = CARTESIAN_POINT('',(-0.16,-14.92,0.));
#1450 = VECTOR('',#1451,1.);
#1451 = DIRECTION('',(-1.,0.,0.));
#1452 = ORIENTED_EDGE('',*,*,#1453,.F.);
#1453 = EDGE_CURVE('',#1454,#1444,#1456,.T.);
#1454 = VERTEX_POINT('',#1455);
#1455 = CARTESIAN_POINT('',(0.32,-15.56,0.));
#1456 = LINE('',#1457,#1458);
#1457 = CARTESIAN_POINT('',(0.32,-12.225,0.));
#1458 = VECTOR('',#1459,1.);
#1459 = DIRECTION('',(0.,1.,0.));
#1460 = ORIENTED_EDGE('',*,*,#1461,.T.);
#1461 = EDGE_CURVE('',#1454,#1462,#1464,.T.);
#1462 = VERTEX_POINT('',#1463);
#1463 = CARTESIAN_POINT('',(-0.32,-15.56,0.));
#1464 = LINE('',#1465,#1466);
#1465 = CARTESIAN_POINT('',(-0.16,-15.56,0.));
#1466 = VECTOR('',#1467,1.);
#1467 = DIRECTION('',(-1.,0.,0.));
#1468 = ORIENTED_EDGE('',*,*,#1469,.T.);
#1469 = EDGE_CURVE('',#1462,#1446,#1470,.T.);
#1470 = LINE('',#1471,#1472);
#1471 = CARTESIAN_POINT('',(-0.32,-12.225,0.));
#1472 = VECTOR('',#1473,1.);
#1473 = DIRECTION('',(0.,1.,0.));
#1474 = FACE_BOUND('',#1475,.F.);
#1475 = EDGE_LOOP('',(#1476,#1486,#1494,#1502));
#1476 = ORIENTED_EDGE('',*,*,#1477,.F.);
#1477 = EDGE_CURVE('',#1478,#1480,#1482,.T.);
#1478 = VERTEX_POINT('',#1479);
#1479 = CARTESIAN_POINT('',(0.32,-7.94,0.));
#1480 = VERTEX_POINT('',#1481);
#1481 = CARTESIAN_POINT('',(0.32,-7.3,0.));
#1482 = LINE('',#1483,#1484);
#1483 = CARTESIAN_POINT('',(0.32,-8.415,0.));
#1484 = VECTOR('',#1485,1.);
#1485 = DIRECTION('',(0.,1.,0.));
#1486 = ORIENTED_EDGE('',*,*,#1487,.T.);
#1487 = EDGE_CURVE('',#1478,#1488,#1490,.T.);
#1488 = VERTEX_POINT('',#1489);
#1489 = CARTESIAN_POINT('',(-0.32,-7.94,0.));
#1490 = LINE('',#1491,#1492);
#1491 = CARTESIAN_POINT('',(-0.16,-7.94,0.));
#1492 = VECTOR('',#1493,1.);
#1493 = DIRECTION('',(-1.,0.,0.));
#1494 = ORIENTED_EDGE('',*,*,#1495,.T.);
#1495 = EDGE_CURVE('',#1488,#1496,#1498,.T.);
#1496 = VERTEX_POINT('',#1497);
#1497 = CARTESIAN_POINT('',(-0.32,-7.3,0.));
#1498 = LINE('',#1499,#1500);
#1499 = CARTESIAN_POINT('',(-0.32,-8.415,0.));
#1500 = VECTOR('',#1501,1.);
#1501 = DIRECTION('',(0.,1.,0.));
#1502 = ORIENTED_EDGE('',*,*,#1503,.F.);
#1503 = EDGE_CURVE('',#1480,#1496,#1504,.T.);
#1504 = LINE('',#1505,#1506);
#1505 = CARTESIAN_POINT('',(-0.16,-7.3,0.));
#1506 = VECTOR('',#1507,1.);
#1507 = DIRECTION('',(-1.,0.,0.));
#1508 = FACE_BOUND('',#1509,.F.);
#1509 = EDGE_LOOP('',(#1510,#1520,#1528,#1536));
#1510 = ORIENTED_EDGE('',*,*,#1511,.F.);
#1511 = EDGE_CURVE('',#1512,#1514,#1516,.T.);
#1512 = VERTEX_POINT('',#1513);
#1513 = CARTESIAN_POINT('',(0.32,-12.38,0.));
#1514 = VERTEX_POINT('',#1515);
#1515 = CARTESIAN_POINT('',(-0.32,-12.38,0.));
#1516 = LINE('',#1517,#1518);
#1517 = CARTESIAN_POINT('',(-0.16,-12.38,0.));
#1518 = VECTOR('',#1519,1.);
#1519 = DIRECTION('',(-1.,0.,0.));
#1520 = ORIENTED_EDGE('',*,*,#1521,.F.);
#1521 = EDGE_CURVE('',#1522,#1512,#1524,.T.);
#1522 = VERTEX_POINT('',#1523);
#1523 = CARTESIAN_POINT('',(0.32,-13.02,0.));
#1524 = LINE('',#1525,#1526);
#1525 = CARTESIAN_POINT('',(0.32,-10.955,0.));
#1526 = VECTOR('',#1527,1.);
#1527 = DIRECTION('',(0.,1.,0.));
#1528 = ORIENTED_EDGE('',*,*,#1529,.T.);
#1529 = EDGE_CURVE('',#1522,#1530,#1532,.T.);
#1530 = VERTEX_POINT('',#1531);
#1531 = CARTESIAN_POINT('',(-0.32,-13.02,0.));
#1532 = LINE('',#1533,#1534);
#1533 = CARTESIAN_POINT('',(-0.16,-13.02,0.));
#1534 = VECTOR('',#1535,1.);
#1535 = DIRECTION('',(-1.,0.,0.));
#1536 = ORIENTED_EDGE('',*,*,#1537,.T.);
#1537 = EDGE_CURVE('',#1530,#1514,#1538,.T.);
#1538 = LINE('',#1539,#1540);
#1539 = CARTESIAN_POINT('',(-0.32,-10.955,0.));
#1540 = VECTOR('',#1541,1.);
#1541 = DIRECTION('',(0.,1.,0.));
#1542 = FACE_BOUND('',#1543,.F.);
#1543 = EDGE_LOOP('',(#1544,#1554,#1562,#1570));
#1544 = ORIENTED_EDGE('',*,*,#1545,.F.);
#1545 = EDGE_CURVE('',#1546,#1548,#1550,.T.);
#1546 = VERTEX_POINT('',#1547);
#1547 = CARTESIAN_POINT('',(0.32,-10.48,0.));
#1548 = VERTEX_POINT('',#1549);
#1549 = CARTESIAN_POINT('',(0.32,-9.84,0.));
#1550 = LINE('',#1551,#1552);
#1551 = CARTESIAN_POINT('',(0.32,-9.685,0.));
#1552 = VECTOR('',#1553,1.);
#1553 = DIRECTION('',(0.,1.,0.));
#1554 = ORIENTED_EDGE('',*,*,#1555,.T.);
#1555 = EDGE_CURVE('',#1546,#1556,#1558,.T.);
#1556 = VERTEX_POINT('',#1557);
#1557 = CARTESIAN_POINT('',(-0.32,-10.48,0.));
#1558 = LINE('',#1559,#1560);
#1559 = CARTESIAN_POINT('',(-0.16,-10.48,0.));
#1560 = VECTOR('',#1561,1.);
#1561 = DIRECTION('',(-1.,0.,0.));
#1562 = ORIENTED_EDGE('',*,*,#1563,.T.);
#1563 = EDGE_CURVE('',#1556,#1564,#1566,.T.);
#1564 = VERTEX_POINT('',#1565);
#1565 = CARTESIAN_POINT('',(-0.32,-9.84,0.));
#1566 = LINE('',#1567,#1568);
#1567 = CARTESIAN_POINT('',(-0.32,-9.685,0.));
#1568 = VECTOR('',#1569,1.);
#1569 = DIRECTION('',(0.,1.,0.));
#1570 = ORIENTED_EDGE('',*,*,#1571,.F.);
#1571 = EDGE_CURVE('',#1548,#1564,#1572,.T.);
#1572 = LINE('',#1573,#1574);
#1573 = CARTESIAN_POINT('',(-0.16,-9.84,0.));
#1574 = VECTOR('',#1575,1.);
#1575 = DIRECTION('',(-1.,0.,0.));
#1576 = FACE_BOUND('',#1577,.F.);
#1577 = EDGE_LOOP('',(#1578,#1588,#1596,#1604));
#1578 = ORIENTED_EDGE('',*,*,#1579,.F.);
#1579 = EDGE_CURVE('',#1580,#1582,#1584,.T.);
#1580 = VERTEX_POINT('',#1581);
#1581 = CARTESIAN_POINT('',(0.32,-2.22,0.));
#1582 = VERTEX_POINT('',#1583);
#1583 = CARTESIAN_POINT('',(-0.32,-2.22,0.));
#1584 = LINE('',#1585,#1586);
#1585 = CARTESIAN_POINT('',(-0.16,-2.22,0.));
#1586 = VECTOR('',#1587,1.);
#1587 = DIRECTION('',(-1.,0.,0.));
#1588 = ORIENTED_EDGE('',*,*,#1589,.F.);
#1589 = EDGE_CURVE('',#1590,#1580,#1592,.T.);
#1590 = VERTEX_POINT('',#1591);
#1591 = CARTESIAN_POINT('',(0.32,-2.86,0.));
#1592 = LINE('',#1593,#1594);
#1593 = CARTESIAN_POINT('',(0.32,-5.875,0.));
#1594 = VECTOR('',#1595,1.);
#1595 = DIRECTION('',(0.,1.,0.));
#1596 = ORIENTED_EDGE('',*,*,#1597,.T.);
#1597 = EDGE_CURVE('',#1590,#1598,#1600,.T.);
#1598 = VERTEX_POINT('',#1599);
#1599 = CARTESIAN_POINT('',(-0.32,-2.86,0.));
#1600 = LINE('',#1601,#1602);
#1601 = CARTESIAN_POINT('',(-0.16,-2.86,0.));
#1602 = VECTOR('',#1603,1.);
#1603 = DIRECTION('',(-1.,0.,0.));
#1604 = ORIENTED_EDGE('',*,*,#1605,.T.);
#1605 = EDGE_CURVE('',#1598,#1582,#1606,.T.);
#1606 = LINE('',#1607,#1608);
#1607 = CARTESIAN_POINT('',(-0.32,-5.875,0.));
#1608 = VECTOR('',#1609,1.);
#1609 = DIRECTION('',(0.,1.,0.));
#1610 = FACE_BOUND('',#1611,.F.);
#1611 = EDGE_LOOP('',(#1612,#1622,#1630,#1638));
#1612 = ORIENTED_EDGE('',*,*,#1613,.T.);
#1613 = EDGE_CURVE('',#1614,#1616,#1618,.T.);
#1614 = VERTEX_POINT('',#1615);
#1615 = CARTESIAN_POINT('',(0.32,-5.4,0.));
#1616 = VERTEX_POINT('',#1617);
#1617 = CARTESIAN_POINT('',(-0.32,-5.4,0.));
#1618 = LINE('',#1619,#1620);
#1619 = CARTESIAN_POINT('',(-0.16,-5.4,0.));
#1620 = VECTOR('',#1621,1.);
#1621 = DIRECTION('',(-1.,0.,0.));
#1622 = ORIENTED_EDGE('',*,*,#1623,.T.);
#1623 = EDGE_CURVE('',#1616,#1624,#1626,.T.);
#1624 = VERTEX_POINT('',#1625);
#1625 = CARTESIAN_POINT('',(-0.32,-4.76,0.));
#1626 = LINE('',#1627,#1628);
#1627 = CARTESIAN_POINT('',(-0.32,-7.145,0.));
#1628 = VECTOR('',#1629,1.);
#1629 = DIRECTION('',(0.,1.,0.));
#1630 = ORIENTED_EDGE('',*,*,#1631,.F.);
#1631 = EDGE_CURVE('',#1632,#1624,#1634,.T.);
#1632 = VERTEX_POINT('',#1633);
#1633 = CARTESIAN_POINT('',(0.32,-4.76,0.));
#1634 = LINE('',#1635,#1636);
#1635 = CARTESIAN_POINT('',(-0.16,-4.76,0.));
#1636 = VECTOR('',#1637,1.);
#1637 = DIRECTION('',(-1.,0.,0.));
#1638 = ORIENTED_EDGE('',*,*,#1639,.F.);
#1639 = EDGE_CURVE('',#1614,#1632,#1640,.T.);
#1640 = LINE('',#1641,#1642);
#1641 = CARTESIAN_POINT('',(0.32,-7.145,0.));
#1642 = VECTOR('',#1643,1.);
#1643 = DIRECTION('',(0.,1.,0.));
#1644 = FACE_BOUND('',#1645,.F.);
#1645 = EDGE_LOOP('',(#1646,#1656,#1664,#1672));
#1646 = ORIENTED_EDGE('',*,*,#1647,.F.);
#1647 = EDGE_CURVE('',#1648,#1650,#1652,.T.);
#1648 = VERTEX_POINT('',#1649);
#1649 = CARTESIAN_POINT('',(0.32,-0.32,0.));
#1650 = VERTEX_POINT('',#1651);
#1651 = CARTESIAN_POINT('',(0.32,0.32,0.));
#1652 = LINE('',#1653,#1654);
#1653 = CARTESIAN_POINT('',(0.32,-4.605,0.));
#1654 = VECTOR('',#1655,1.);
#1655 = DIRECTION('',(0.,1.,0.));
#1656 = ORIENTED_EDGE('',*,*,#1657,.T.);
#1657 = EDGE_CURVE('',#1648,#1658,#1660,.T.);
#1658 = VERTEX_POINT('',#1659);
#1659 = CARTESIAN_POINT('',(-0.32,-0.32,0.));
#1660 = LINE('',#1661,#1662);
#1661 = CARTESIAN_POINT('',(-0.16,-0.32,0.));
#1662 = VECTOR('',#1663,1.);
#1663 = DIRECTION('',(-1.,0.,0.));
#1664 = ORIENTED_EDGE('',*,*,#1665,.T.);
#1665 = EDGE_CURVE('',#1658,#1666,#1668,.T.);
#1666 = VERTEX_POINT('',#1667);
#1667 = CARTESIAN_POINT('',(-0.32,0.32,0.));
#1668 = LINE('',#1669,#1670);
#1669 = CARTESIAN_POINT('',(-0.32,-4.605,0.));
#1670 = VECTOR('',#1671,1.);
#1671 = DIRECTION('',(0.,1.,0.));
#1672 = ORIENTED_EDGE('',*,*,#1673,.F.);
#1673 = EDGE_CURVE('',#1650,#1666,#1674,.T.);
#1674 = LINE('',#1675,#1676);
#1675 = CARTESIAN_POINT('',(-0.16,0.32,0.));
#1676 = VECTOR('',#1677,1.);
#1677 = DIRECTION('',(-1.,0.,0.));
#1678 = PLANE('',#1679);
#1679 = AXIS2_PLACEMENT_3D('',#1680,#1681,#1682);
#1680 = CARTESIAN_POINT('',(-1.38573690222E-17,-8.89,0.));
#1681 = DIRECTION('',(0.,0.,1.));
#1682 = DIRECTION('',(1.,0.,-0.));
#1683 = ADVANCED_FACE('',(#1684,#2063,#2097,#2131,#2165,#2199,#2233,
    #2267,#2301),#2335,.T.);
#1684 = FACE_BOUND('',#1685,.T.);
#1685 = EDGE_LOOP('',(#1686,#1687,#1688,#1696,#1704,#1712,#1720,#1728,
    #1736,#1744,#1752,#1760,#1768,#1776,#1784,#1792,#1800,#1808,#1816,
    #1824,#1832,#1840,#1848,#1856,#1864,#1872,#1880,#1888,#1896,#1904,
    #1912,#1920,#1928,#1936,#1944,#1952,#1960,#1968,#1976,#1984,#1992,
    #2000,#2008,#2016,#2024,#2032,#2040,#2048,#2056,#2062));
#1686 = ORIENTED_EDGE('',*,*,#938,.T.);
#1687 = ORIENTED_EDGE('',*,*,#1000,.T.);
#1688 = ORIENTED_EDGE('',*,*,#1689,.T.);
#1689 = EDGE_CURVE('',#1001,#1690,#1692,.T.);
#1690 = VERTEX_POINT('',#1691);
#1691 = CARTESIAN_POINT('',(-1.016,-1.27,2.54));
#1692 = LINE('',#1693,#1694);
#1693 = CARTESIAN_POINT('',(-1.27,-1.016,2.54));
#1694 = VECTOR('',#1695,1.);
#1695 = DIRECTION('',(0.707106781187,-0.707106781187,0.));
#1696 = ORIENTED_EDGE('',*,*,#1697,.T.);
#1697 = EDGE_CURVE('',#1690,#1698,#1700,.T.);
#1698 = VERTEX_POINT('',#1699);
#1699 = CARTESIAN_POINT('',(-1.27,-1.524,2.54));
#1700 = LINE('',#1701,#1702);
#1701 = CARTESIAN_POINT('',(-1.016,-1.27,2.54));
#1702 = VECTOR('',#1703,1.);
#1703 = DIRECTION('',(-0.707106781187,-0.707106781187,0.));
#1704 = ORIENTED_EDGE('',*,*,#1705,.T.);
#1705 = EDGE_CURVE('',#1698,#1706,#1708,.T.);
#1706 = VERTEX_POINT('',#1707);
#1707 = CARTESIAN_POINT('',(-1.27,-3.556,2.54));
#1708 = LINE('',#1709,#1710);
#1709 = CARTESIAN_POINT('',(-1.27,-1.524,2.54));
#1710 = VECTOR('',#1711,1.);
#1711 = DIRECTION('',(0.,-1.,0.));
#1712 = ORIENTED_EDGE('',*,*,#1713,.T.);
#1713 = EDGE_CURVE('',#1706,#1714,#1716,.T.);
#1714 = VERTEX_POINT('',#1715);
#1715 = CARTESIAN_POINT('',(-1.016,-3.81,2.54));
#1716 = LINE('',#1717,#1718);
#1717 = CARTESIAN_POINT('',(-1.27,-3.556,2.54));
#1718 = VECTOR('',#1719,1.);
#1719 = DIRECTION('',(0.707106781187,-0.707106781187,0.));
#1720 = ORIENTED_EDGE('',*,*,#1721,.T.);
#1721 = EDGE_CURVE('',#1714,#1722,#1724,.T.);
#1722 = VERTEX_POINT('',#1723);
#1723 = CARTESIAN_POINT('',(-1.27,-4.064,2.54));
#1724 = LINE('',#1725,#1726);
#1725 = CARTESIAN_POINT('',(-1.016,-3.81,2.54));
#1726 = VECTOR('',#1727,1.);
#1727 = DIRECTION('',(-0.707106781187,-0.707106781187,0.));
#1728 = ORIENTED_EDGE('',*,*,#1729,.T.);
#1729 = EDGE_CURVE('',#1722,#1730,#1732,.T.);
#1730 = VERTEX_POINT('',#1731);
#1731 = CARTESIAN_POINT('',(-1.27,-6.096,2.54));
#1732 = LINE('',#1733,#1734);
#1733 = CARTESIAN_POINT('',(-1.27,-4.064,2.54));
#1734 = VECTOR('',#1735,1.);
#1735 = DIRECTION('',(0.,-1.,0.));
#1736 = ORIENTED_EDGE('',*,*,#1737,.T.);
#1737 = EDGE_CURVE('',#1730,#1738,#1740,.T.);
#1738 = VERTEX_POINT('',#1739);
#1739 = CARTESIAN_POINT('',(-1.016,-6.35,2.54));
#1740 = LINE('',#1741,#1742);
#1741 = CARTESIAN_POINT('',(-1.27,-6.096,2.54));
#1742 = VECTOR('',#1743,1.);
#1743 = DIRECTION('',(0.707106781187,-0.707106781187,0.));
#1744 = ORIENTED_EDGE('',*,*,#1745,.T.);
#1745 = EDGE_CURVE('',#1738,#1746,#1748,.T.);
#1746 = VERTEX_POINT('',#1747);
#1747 = CARTESIAN_POINT('',(-1.27,-6.604,2.54));
#1748 = LINE('',#1749,#1750);
#1749 = CARTESIAN_POINT('',(-1.016,-6.35,2.54));
#1750 = VECTOR('',#1751,1.);
#1751 = DIRECTION('',(-0.707106781187,-0.707106781187,0.));
#1752 = ORIENTED_EDGE('',*,*,#1753,.T.);
#1753 = EDGE_CURVE('',#1746,#1754,#1756,.T.);
#1754 = VERTEX_POINT('',#1755);
#1755 = CARTESIAN_POINT('',(-1.27,-8.636,2.54));
#1756 = LINE('',#1757,#1758);
#1757 = CARTESIAN_POINT('',(-1.27,-6.604,2.54));
#1758 = VECTOR('',#1759,1.);
#1759 = DIRECTION('',(0.,-1.,0.));
#1760 = ORIENTED_EDGE('',*,*,#1761,.T.);
#1761 = EDGE_CURVE('',#1754,#1762,#1764,.T.);
#1762 = VERTEX_POINT('',#1763);
#1763 = CARTESIAN_POINT('',(-1.016,-8.89,2.54));
#1764 = LINE('',#1765,#1766);
#1765 = CARTESIAN_POINT('',(-1.27,-8.636,2.54));
#1766 = VECTOR('',#1767,1.);
#1767 = DIRECTION('',(0.707106781187,-0.707106781187,0.));
#1768 = ORIENTED_EDGE('',*,*,#1769,.T.);
#1769 = EDGE_CURVE('',#1762,#1770,#1772,.T.);
#1770 = VERTEX_POINT('',#1771);
#1771 = CARTESIAN_POINT('',(-1.27,-9.144,2.54));
#1772 = LINE('',#1773,#1774);
#1773 = CARTESIAN_POINT('',(-1.016,-8.89,2.54));
#1774 = VECTOR('',#1775,1.);
#1775 = DIRECTION('',(-0.707106781187,-0.707106781187,0.));
#1776 = ORIENTED_EDGE('',*,*,#1777,.T.);
#1777 = EDGE_CURVE('',#1770,#1778,#1780,.T.);
#1778 = VERTEX_POINT('',#1779);
#1779 = CARTESIAN_POINT('',(-1.27,-11.176,2.54));
#1780 = LINE('',#1781,#1782);
#1781 = CARTESIAN_POINT('',(-1.27,-9.144,2.54));
#1782 = VECTOR('',#1783,1.);
#1783 = DIRECTION('',(0.,-1.,0.));
#1784 = ORIENTED_EDGE('',*,*,#1785,.T.);
#1785 = EDGE_CURVE('',#1778,#1786,#1788,.T.);
#1786 = VERTEX_POINT('',#1787);
#1787 = CARTESIAN_POINT('',(-1.016,-11.43,2.54));
#1788 = LINE('',#1789,#1790);
#1789 = CARTESIAN_POINT('',(-1.27,-11.176,2.54));
#1790 = VECTOR('',#1791,1.);
#1791 = DIRECTION('',(0.707106781187,-0.707106781187,0.));
#1792 = ORIENTED_EDGE('',*,*,#1793,.T.);
#1793 = EDGE_CURVE('',#1786,#1794,#1796,.T.);
#1794 = VERTEX_POINT('',#1795);
#1795 = CARTESIAN_POINT('',(-1.27,-11.684,2.54));
#1796 = LINE('',#1797,#1798);
#1797 = CARTESIAN_POINT('',(-1.016,-11.43,2.54));
#1798 = VECTOR('',#1799,1.);
#1799 = DIRECTION('',(-0.707106781187,-0.707106781187,0.));
#1800 = ORIENTED_EDGE('',*,*,#1801,.T.);
#1801 = EDGE_CURVE('',#1794,#1802,#1804,.T.);
#1802 = VERTEX_POINT('',#1803);
#1803 = CARTESIAN_POINT('',(-1.27,-13.716,2.54));
#1804 = LINE('',#1805,#1806);
#1805 = CARTESIAN_POINT('',(-1.27,-11.684,2.54));
#1806 = VECTOR('',#1807,1.);
#1807 = DIRECTION('',(0.,-1.,0.));
#1808 = ORIENTED_EDGE('',*,*,#1809,.T.);
#1809 = EDGE_CURVE('',#1802,#1810,#1812,.T.);
#1810 = VERTEX_POINT('',#1811);
#1811 = CARTESIAN_POINT('',(-1.016,-13.97,2.54));
#1812 = LINE('',#1813,#1814);
#1813 = CARTESIAN_POINT('',(-1.27,-13.716,2.54));
#1814 = VECTOR('',#1815,1.);
#1815 = DIRECTION('',(0.707106781187,-0.707106781187,0.));
#1816 = ORIENTED_EDGE('',*,*,#1817,.T.);
#1817 = EDGE_CURVE('',#1810,#1818,#1820,.T.);
#1818 = VERTEX_POINT('',#1819);
#1819 = CARTESIAN_POINT('',(-1.27,-14.224,2.54));
#1820 = LINE('',#1821,#1822);
#1821 = CARTESIAN_POINT('',(-1.016,-13.97,2.54));
#1822 = VECTOR('',#1823,1.);
#1823 = DIRECTION('',(-0.707106781187,-0.707106781187,0.));
#1824 = ORIENTED_EDGE('',*,*,#1825,.T.);
#1825 = EDGE_CURVE('',#1818,#1826,#1828,.T.);
#1826 = VERTEX_POINT('',#1827);
#1827 = CARTESIAN_POINT('',(-1.27,-16.256,2.54));
#1828 = LINE('',#1829,#1830);
#1829 = CARTESIAN_POINT('',(-1.27,-14.224,2.54));
#1830 = VECTOR('',#1831,1.);
#1831 = DIRECTION('',(0.,-1.,0.));
#1832 = ORIENTED_EDGE('',*,*,#1833,.T.);
#1833 = EDGE_CURVE('',#1826,#1834,#1836,.T.);
#1834 = VERTEX_POINT('',#1835);
#1835 = CARTESIAN_POINT('',(-1.016,-16.51,2.54));
#1836 = LINE('',#1837,#1838);
#1837 = CARTESIAN_POINT('',(-1.27,-16.256,2.54));
#1838 = VECTOR('',#1839,1.);
#1839 = DIRECTION('',(0.707106781187,-0.707106781187,0.));
#1840 = ORIENTED_EDGE('',*,*,#1841,.T.);
#1841 = EDGE_CURVE('',#1834,#1842,#1844,.T.);
#1842 = VERTEX_POINT('',#1843);
#1843 = CARTESIAN_POINT('',(-1.27,-16.764,2.54));
#1844 = LINE('',#1845,#1846);
#1845 = CARTESIAN_POINT('',(-1.016,-16.51,2.54));
#1846 = VECTOR('',#1847,1.);
#1847 = DIRECTION('',(-0.707106781187,-0.707106781187,0.));
#1848 = ORIENTED_EDGE('',*,*,#1849,.T.);
#1849 = EDGE_CURVE('',#1842,#1850,#1852,.T.);
#1850 = VERTEX_POINT('',#1851);
#1851 = CARTESIAN_POINT('',(-1.27,-18.796,2.54));
#1852 = LINE('',#1853,#1854);
#1853 = CARTESIAN_POINT('',(-1.27,-16.764,2.54));
#1854 = VECTOR('',#1855,1.);
#1855 = DIRECTION('',(0.,-1.,0.));
#1856 = ORIENTED_EDGE('',*,*,#1857,.T.);
#1857 = EDGE_CURVE('',#1850,#1858,#1860,.T.);
#1858 = VERTEX_POINT('',#1859);
#1859 = CARTESIAN_POINT('',(-1.016,-19.05,2.54));
#1860 = LINE('',#1861,#1862);
#1861 = CARTESIAN_POINT('',(-1.27,-18.796,2.54));
#1862 = VECTOR('',#1863,1.);
#1863 = DIRECTION('',(0.707106781187,-0.707106781187,0.));
#1864 = ORIENTED_EDGE('',*,*,#1865,.T.);
#1865 = EDGE_CURVE('',#1858,#1866,#1868,.T.);
#1866 = VERTEX_POINT('',#1867);
#1867 = CARTESIAN_POINT('',(1.016,-19.05,2.54));
#1868 = LINE('',#1869,#1870);
#1869 = CARTESIAN_POINT('',(-1.016,-19.05,2.54));
#1870 = VECTOR('',#1871,1.);
#1871 = DIRECTION('',(1.,0.,0.));
#1872 = ORIENTED_EDGE('',*,*,#1873,.T.);
#1873 = EDGE_CURVE('',#1866,#1874,#1876,.T.);
#1874 = VERTEX_POINT('',#1875);
#1875 = CARTESIAN_POINT('',(1.27,-18.796,2.54));
#1876 = LINE('',#1877,#1878);
#1877 = CARTESIAN_POINT('',(1.016,-19.05,2.54));
#1878 = VECTOR('',#1879,1.);
#1879 = DIRECTION('',(0.707106781187,0.707106781187,0.));
#1880 = ORIENTED_EDGE('',*,*,#1881,.T.);
#1881 = EDGE_CURVE('',#1874,#1882,#1884,.T.);
#1882 = VERTEX_POINT('',#1883);
#1883 = CARTESIAN_POINT('',(1.27,-16.764,2.54));
#1884 = LINE('',#1885,#1886);
#1885 = CARTESIAN_POINT('',(1.27,-18.796,2.54));
#1886 = VECTOR('',#1887,1.);
#1887 = DIRECTION('',(0.,1.,0.));
#1888 = ORIENTED_EDGE('',*,*,#1889,.T.);
#1889 = EDGE_CURVE('',#1882,#1890,#1892,.T.);
#1890 = VERTEX_POINT('',#1891);
#1891 = CARTESIAN_POINT('',(1.016,-16.51,2.54));
#1892 = LINE('',#1893,#1894);
#1893 = CARTESIAN_POINT('',(1.27,-16.764,2.54));
#1894 = VECTOR('',#1895,1.);
#1895 = DIRECTION('',(-0.707106781187,0.707106781187,0.));
#1896 = ORIENTED_EDGE('',*,*,#1897,.T.);
#1897 = EDGE_CURVE('',#1890,#1898,#1900,.T.);
#1898 = VERTEX_POINT('',#1899);
#1899 = CARTESIAN_POINT('',(1.27,-16.256,2.54));
#1900 = LINE('',#1901,#1902);
#1901 = CARTESIAN_POINT('',(1.016,-16.51,2.54));
#1902 = VECTOR('',#1903,1.);
#1903 = DIRECTION('',(0.707106781187,0.707106781187,0.));
#1904 = ORIENTED_EDGE('',*,*,#1905,.T.);
#1905 = EDGE_CURVE('',#1898,#1906,#1908,.T.);
#1906 = VERTEX_POINT('',#1907);
#1907 = CARTESIAN_POINT('',(1.27,-14.224,2.54));
#1908 = LINE('',#1909,#1910);
#1909 = CARTESIAN_POINT('',(1.27,-16.256,2.54));
#1910 = VECTOR('',#1911,1.);
#1911 = DIRECTION('',(0.,1.,0.));
#1912 = ORIENTED_EDGE('',*,*,#1913,.T.);
#1913 = EDGE_CURVE('',#1906,#1914,#1916,.T.);
#1914 = VERTEX_POINT('',#1915);
#1915 = CARTESIAN_POINT('',(1.016,-13.97,2.54));
#1916 = LINE('',#1917,#1918);
#1917 = CARTESIAN_POINT('',(1.27,-14.224,2.54));
#1918 = VECTOR('',#1919,1.);
#1919 = DIRECTION('',(-0.707106781187,0.707106781187,0.));
#1920 = ORIENTED_EDGE('',*,*,#1921,.T.);
#1921 = EDGE_CURVE('',#1914,#1922,#1924,.T.);
#1922 = VERTEX_POINT('',#1923);
#1923 = CARTESIAN_POINT('',(1.27,-13.716,2.54));
#1924 = LINE('',#1925,#1926);
#1925 = CARTESIAN_POINT('',(1.016,-13.97,2.54));
#1926 = VECTOR('',#1927,1.);
#1927 = DIRECTION('',(0.707106781187,0.707106781187,0.));
#1928 = ORIENTED_EDGE('',*,*,#1929,.T.);
#1929 = EDGE_CURVE('',#1922,#1930,#1932,.T.);
#1930 = VERTEX_POINT('',#1931);
#1931 = CARTESIAN_POINT('',(1.27,-11.684,2.54));
#1932 = LINE('',#1933,#1934);
#1933 = CARTESIAN_POINT('',(1.27,-13.716,2.54));
#1934 = VECTOR('',#1935,1.);
#1935 = DIRECTION('',(0.,1.,0.));
#1936 = ORIENTED_EDGE('',*,*,#1937,.T.);
#1937 = EDGE_CURVE('',#1930,#1938,#1940,.T.);
#1938 = VERTEX_POINT('',#1939);
#1939 = CARTESIAN_POINT('',(1.016,-11.43,2.54));
#1940 = LINE('',#1941,#1942);
#1941 = CARTESIAN_POINT('',(1.27,-11.684,2.54));
#1942 = VECTOR('',#1943,1.);
#1943 = DIRECTION('',(-0.707106781187,0.707106781187,0.));
#1944 = ORIENTED_EDGE('',*,*,#1945,.T.);
#1945 = EDGE_CURVE('',#1938,#1946,#1948,.T.);
#1946 = VERTEX_POINT('',#1947);
#1947 = CARTESIAN_POINT('',(1.27,-11.176,2.54));
#1948 = LINE('',#1949,#1950);
#1949 = CARTESIAN_POINT('',(1.016,-11.43,2.54));
#1950 = VECTOR('',#1951,1.);
#1951 = DIRECTION('',(0.707106781187,0.707106781187,0.));
#1952 = ORIENTED_EDGE('',*,*,#1953,.T.);
#1953 = EDGE_CURVE('',#1946,#1954,#1956,.T.);
#1954 = VERTEX_POINT('',#1955);
#1955 = CARTESIAN_POINT('',(1.27,-9.144,2.54));
#1956 = LINE('',#1957,#1958);
#1957 = CARTESIAN_POINT('',(1.27,-11.176,2.54));
#1958 = VECTOR('',#1959,1.);
#1959 = DIRECTION('',(0.,1.,0.));
#1960 = ORIENTED_EDGE('',*,*,#1961,.T.);
#1961 = EDGE_CURVE('',#1954,#1962,#1964,.T.);
#1962 = VERTEX_POINT('',#1963);
#1963 = CARTESIAN_POINT('',(1.016,-8.89,2.54));
#1964 = LINE('',#1965,#1966);
#1965 = CARTESIAN_POINT('',(1.27,-9.144,2.54));
#1966 = VECTOR('',#1967,1.);
#1967 = DIRECTION('',(-0.707106781187,0.707106781187,0.));
#1968 = ORIENTED_EDGE('',*,*,#1969,.T.);
#1969 = EDGE_CURVE('',#1962,#1970,#1972,.T.);
#1970 = VERTEX_POINT('',#1971);
#1971 = CARTESIAN_POINT('',(1.27,-8.636,2.54));
#1972 = LINE('',#1973,#1974);
#1973 = CARTESIAN_POINT('',(1.016,-8.89,2.54));
#1974 = VECTOR('',#1975,1.);
#1975 = DIRECTION('',(0.707106781187,0.707106781187,0.));
#1976 = ORIENTED_EDGE('',*,*,#1977,.T.);
#1977 = EDGE_CURVE('',#1970,#1978,#1980,.T.);
#1978 = VERTEX_POINT('',#1979);
#1979 = CARTESIAN_POINT('',(1.27,-6.604,2.54));
#1980 = LINE('',#1981,#1982);
#1981 = CARTESIAN_POINT('',(1.27,-8.636,2.54));
#1982 = VECTOR('',#1983,1.);
#1983 = DIRECTION('',(0.,1.,0.));
#1984 = ORIENTED_EDGE('',*,*,#1985,.T.);
#1985 = EDGE_CURVE('',#1978,#1986,#1988,.T.);
#1986 = VERTEX_POINT('',#1987);
#1987 = CARTESIAN_POINT('',(1.016,-6.35,2.54));
#1988 = LINE('',#1989,#1990);
#1989 = CARTESIAN_POINT('',(1.27,-6.604,2.54));
#1990 = VECTOR('',#1991,1.);
#1991 = DIRECTION('',(-0.707106781187,0.707106781187,0.));
#1992 = ORIENTED_EDGE('',*,*,#1993,.T.);
#1993 = EDGE_CURVE('',#1986,#1994,#1996,.T.);
#1994 = VERTEX_POINT('',#1995);
#1995 = CARTESIAN_POINT('',(1.27,-6.096,2.54));
#1996 = LINE('',#1997,#1998);
#1997 = CARTESIAN_POINT('',(1.016,-6.35,2.54));
#1998 = VECTOR('',#1999,1.);
#1999 = DIRECTION('',(0.707106781187,0.707106781187,0.));
#2000 = ORIENTED_EDGE('',*,*,#2001,.T.);
#2001 = EDGE_CURVE('',#1994,#2002,#2004,.T.);
#2002 = VERTEX_POINT('',#2003);
#2003 = CARTESIAN_POINT('',(1.27,-4.064,2.54));
#2004 = LINE('',#2005,#2006);
#2005 = CARTESIAN_POINT('',(1.27,-6.096,2.54));
#2006 = VECTOR('',#2007,1.);
#2007 = DIRECTION('',(0.,1.,0.));
#2008 = ORIENTED_EDGE('',*,*,#2009,.T.);
#2009 = EDGE_CURVE('',#2002,#2010,#2012,.T.);
#2010 = VERTEX_POINT('',#2011);
#2011 = CARTESIAN_POINT('',(1.016,-3.81,2.54));
#2012 = LINE('',#2013,#2014);
#2013 = CARTESIAN_POINT('',(1.27,-4.064,2.54));
#2014 = VECTOR('',#2015,1.);
#2015 = DIRECTION('',(-0.707106781187,0.707106781187,0.));
#2016 = ORIENTED_EDGE('',*,*,#2017,.T.);
#2017 = EDGE_CURVE('',#2010,#2018,#2020,.T.);
#2018 = VERTEX_POINT('',#2019);
#2019 = CARTESIAN_POINT('',(1.27,-3.556,2.54));
#2020 = LINE('',#2021,#2022);
#2021 = CARTESIAN_POINT('',(1.016,-3.81,2.54));
#2022 = VECTOR('',#2023,1.);
#2023 = DIRECTION('',(0.707106781187,0.707106781187,0.));
#2024 = ORIENTED_EDGE('',*,*,#2025,.T.);
#2025 = EDGE_CURVE('',#2018,#2026,#2028,.T.);
#2026 = VERTEX_POINT('',#2027);
#2027 = CARTESIAN_POINT('',(1.27,-1.524,2.54));
#2028 = LINE('',#2029,#2030);
#2029 = CARTESIAN_POINT('',(1.27,-3.556,2.54));
#2030 = VECTOR('',#2031,1.);
#2031 = DIRECTION('',(0.,1.,0.));
#2032 = ORIENTED_EDGE('',*,*,#2033,.T.);
#2033 = EDGE_CURVE('',#2026,#2034,#2036,.T.);
#2034 = VERTEX_POINT('',#2035);
#2035 = CARTESIAN_POINT('',(1.016,-1.27,2.54));
#2036 = LINE('',#2037,#2038);
#2037 = CARTESIAN_POINT('',(1.27,-1.524,2.54));
#2038 = VECTOR('',#2039,1.);
#2039 = DIRECTION('',(-0.707106781187,0.707106781187,0.));
#2040 = ORIENTED_EDGE('',*,*,#2041,.T.);
#2041 = EDGE_CURVE('',#2034,#2042,#2044,.T.);
#2042 = VERTEX_POINT('',#2043);
#2043 = CARTESIAN_POINT('',(1.27,-1.016,2.54));
#2044 = LINE('',#2045,#2046);
#2045 = CARTESIAN_POINT('',(1.016,-1.27,2.54));
#2046 = VECTOR('',#2047,1.);
#2047 = DIRECTION('',(0.707106781187,0.707106781187,0.));
#2048 = ORIENTED_EDGE('',*,*,#2049,.T.);
#2049 = EDGE_CURVE('',#2042,#2050,#2052,.T.);
#2050 = VERTEX_POINT('',#2051);
#2051 = CARTESIAN_POINT('',(1.27,1.016,2.54));
#2052 = LINE('',#2053,#2054);
#2053 = CARTESIAN_POINT('',(1.27,-1.016,2.54));
#2054 = VECTOR('',#2055,1.);
#2055 = DIRECTION('',(0.,1.,0.));
#2056 = ORIENTED_EDGE('',*,*,#2057,.T.);
#2057 = EDGE_CURVE('',#2050,#971,#2058,.T.);
#2058 = LINE('',#2059,#2060);
#2059 = CARTESIAN_POINT('',(1.27,1.016,2.54));
#2060 = VECTOR('',#2061,1.);
#2061 = DIRECTION('',(-0.707106781187,0.707106781187,0.));
#2062 = ORIENTED_EDGE('',*,*,#978,.T.);
#2063 = FACE_BOUND('',#2064,.T.);
#2064 = EDGE_LOOP('',(#2065,#2075,#2083,#2091));
#2065 = ORIENTED_EDGE('',*,*,#2066,.T.);
#2066 = EDGE_CURVE('',#2067,#2069,#2071,.T.);
#2067 = VERTEX_POINT('',#2068);
#2068 = CARTESIAN_POINT('',(0.32,-18.1,2.54));
#2069 = VERTEX_POINT('',#2070);
#2070 = CARTESIAN_POINT('',(-0.32,-18.1,2.54));
#2071 = LINE('',#2072,#2073);
#2072 = CARTESIAN_POINT('',(-0.16,-18.1,2.54));
#2073 = VECTOR('',#2074,1.);
#2074 = DIRECTION('',(-1.,0.,0.));
#2075 = ORIENTED_EDGE('',*,*,#2076,.T.);
#2076 = EDGE_CURVE('',#2069,#2077,#2079,.T.);
#2077 = VERTEX_POINT('',#2078);
#2078 = CARTESIAN_POINT('',(-0.32,-17.46,2.54));
#2079 = LINE('',#2080,#2081);
#2080 = CARTESIAN_POINT('',(-0.32,-13.495,2.54));
#2081 = VECTOR('',#2082,1.);
#2082 = DIRECTION('',(0.,1.,0.));
#2083 = ORIENTED_EDGE('',*,*,#2084,.F.);
#2084 = EDGE_CURVE('',#2085,#2077,#2087,.T.);
#2085 = VERTEX_POINT('',#2086);
#2086 = CARTESIAN_POINT('',(0.32,-17.46,2.54));
#2087 = LINE('',#2088,#2089);
#2088 = CARTESIAN_POINT('',(-0.16,-17.46,2.54));
#2089 = VECTOR('',#2090,1.);
#2090 = DIRECTION('',(-1.,0.,0.));
#2091 = ORIENTED_EDGE('',*,*,#2092,.F.);
#2092 = EDGE_CURVE('',#2067,#2085,#2093,.T.);
#2093 = LINE('',#2094,#2095);
#2094 = CARTESIAN_POINT('',(0.32,-13.495,2.54));
#2095 = VECTOR('',#2096,1.);
#2096 = DIRECTION('',(0.,1.,0.));
#2097 = FACE_BOUND('',#2098,.T.);
#2098 = EDGE_LOOP('',(#2099,#2109,#2117,#2125));
#2099 = ORIENTED_EDGE('',*,*,#2100,.F.);
#2100 = EDGE_CURVE('',#2101,#2103,#2105,.T.);
#2101 = VERTEX_POINT('',#2102);
#2102 = CARTESIAN_POINT('',(0.32,-14.92,2.54));
#2103 = VERTEX_POINT('',#2104);
#2104 = CARTESIAN_POINT('',(-0.32,-14.92,2.54));
#2105 = LINE('',#2106,#2107);
#2106 = CARTESIAN_POINT('',(-0.16,-14.92,2.54));
#2107 = VECTOR('',#2108,1.);
#2108 = DIRECTION('',(-1.,0.,0.));
#2109 = ORIENTED_EDGE('',*,*,#2110,.F.);
#2110 = EDGE_CURVE('',#2111,#2101,#2113,.T.);
#2111 = VERTEX_POINT('',#2112);
#2112 = CARTESIAN_POINT('',(0.32,-15.56,2.54));
#2113 = LINE('',#2114,#2115);
#2114 = CARTESIAN_POINT('',(0.32,-12.225,2.54));
#2115 = VECTOR('',#2116,1.);
#2116 = DIRECTION('',(0.,1.,0.));
#2117 = ORIENTED_EDGE('',*,*,#2118,.T.);
#2118 = EDGE_CURVE('',#2111,#2119,#2121,.T.);
#2119 = VERTEX_POINT('',#2120);
#2120 = CARTESIAN_POINT('',(-0.32,-15.56,2.54));
#2121 = LINE('',#2122,#2123);
#2122 = CARTESIAN_POINT('',(-0.16,-15.56,2.54));
#2123 = VECTOR('',#2124,1.);
#2124 = DIRECTION('',(-1.,0.,0.));
#2125 = ORIENTED_EDGE('',*,*,#2126,.T.);
#2126 = EDGE_CURVE('',#2119,#2103,#2127,.T.);
#2127 = LINE('',#2128,#2129);
#2128 = CARTESIAN_POINT('',(-0.32,-12.225,2.54));
#2129 = VECTOR('',#2130,1.);
#2130 = DIRECTION('',(0.,1.,0.));
#2131 = FACE_BOUND('',#2132,.T.);
#2132 = EDGE_LOOP('',(#2133,#2143,#2151,#2159));
#2133 = ORIENTED_EDGE('',*,*,#2134,.F.);
#2134 = EDGE_CURVE('',#2135,#2137,#2139,.T.);
#2135 = VERTEX_POINT('',#2136);
#2136 = CARTESIAN_POINT('',(0.32,-7.94,2.54));
#2137 = VERTEX_POINT('',#2138);
#2138 = CARTESIAN_POINT('',(0.32,-7.3,2.54));
#2139 = LINE('',#2140,#2141);
#2140 = CARTESIAN_POINT('',(0.32,-8.415,2.54));
#2141 = VECTOR('',#2142,1.);
#2142 = DIRECTION('',(0.,1.,0.));
#2143 = ORIENTED_EDGE('',*,*,#2144,.T.);
#2144 = EDGE_CURVE('',#2135,#2145,#2147,.T.);
#2145 = VERTEX_POINT('',#2146);
#2146 = CARTESIAN_POINT('',(-0.32,-7.94,2.54));
#2147 = LINE('',#2148,#2149);
#2148 = CARTESIAN_POINT('',(-0.16,-7.94,2.54));
#2149 = VECTOR('',#2150,1.);
#2150 = DIRECTION('',(-1.,0.,0.));
#2151 = ORIENTED_EDGE('',*,*,#2152,.T.);
#2152 = EDGE_CURVE('',#2145,#2153,#2155,.T.);
#2153 = VERTEX_POINT('',#2154);
#2154 = CARTESIAN_POINT('',(-0.32,-7.3,2.54));
#2155 = LINE('',#2156,#2157);
#2156 = CARTESIAN_POINT('',(-0.32,-8.415,2.54));
#2157 = VECTOR('',#2158,1.);
#2158 = DIRECTION('',(0.,1.,0.));
#2159 = ORIENTED_EDGE('',*,*,#2160,.F.);
#2160 = EDGE_CURVE('',#2137,#2153,#2161,.T.);
#2161 = LINE('',#2162,#2163);
#2162 = CARTESIAN_POINT('',(-0.16,-7.3,2.54));
#2163 = VECTOR('',#2164,1.);
#2164 = DIRECTION('',(-1.,0.,0.));
#2165 = FACE_BOUND('',#2166,.T.);
#2166 = EDGE_LOOP('',(#2167,#2177,#2185,#2193));
#2167 = ORIENTED_EDGE('',*,*,#2168,.F.);
#2168 = EDGE_CURVE('',#2169,#2171,#2173,.T.);
#2169 = VERTEX_POINT('',#2170);
#2170 = CARTESIAN_POINT('',(0.32,-12.38,2.54));
#2171 = VERTEX_POINT('',#2172);
#2172 = CARTESIAN_POINT('',(-0.32,-12.38,2.54));
#2173 = LINE('',#2174,#2175);
#2174 = CARTESIAN_POINT('',(-0.16,-12.38,2.54));
#2175 = VECTOR('',#2176,1.);
#2176 = DIRECTION('',(-1.,0.,0.));
#2177 = ORIENTED_EDGE('',*,*,#2178,.F.);
#2178 = EDGE_CURVE('',#2179,#2169,#2181,.T.);
#2179 = VERTEX_POINT('',#2180);
#2180 = CARTESIAN_POINT('',(0.32,-13.02,2.54));
#2181 = LINE('',#2182,#2183);
#2182 = CARTESIAN_POINT('',(0.32,-10.955,2.54));
#2183 = VECTOR('',#2184,1.);
#2184 = DIRECTION('',(0.,1.,0.));
#2185 = ORIENTED_EDGE('',*,*,#2186,.T.);
#2186 = EDGE_CURVE('',#2179,#2187,#2189,.T.);
#2187 = VERTEX_POINT('',#2188);
#2188 = CARTESIAN_POINT('',(-0.32,-13.02,2.54));
#2189 = LINE('',#2190,#2191);
#2190 = CARTESIAN_POINT('',(-0.16,-13.02,2.54));
#2191 = VECTOR('',#2192,1.);
#2192 = DIRECTION('',(-1.,0.,0.));
#2193 = ORIENTED_EDGE('',*,*,#2194,.T.);
#2194 = EDGE_CURVE('',#2187,#2171,#2195,.T.);
#2195 = LINE('',#2196,#2197);
#2196 = CARTESIAN_POINT('',(-0.32,-10.955,2.54));
#2197 = VECTOR('',#2198,1.);
#2198 = DIRECTION('',(0.,1.,0.));
#2199 = FACE_BOUND('',#2200,.T.);
#2200 = EDGE_LOOP('',(#2201,#2211,#2219,#2227));
#2201 = ORIENTED_EDGE('',*,*,#2202,.F.);
#2202 = EDGE_CURVE('',#2203,#2205,#2207,.T.);
#2203 = VERTEX_POINT('',#2204);
#2204 = CARTESIAN_POINT('',(0.32,-10.48,2.54));
#2205 = VERTEX_POINT('',#2206);
#2206 = CARTESIAN_POINT('',(0.32,-9.84,2.54));
#2207 = LINE('',#2208,#2209);
#2208 = CARTESIAN_POINT('',(0.32,-9.685,2.54));
#2209 = VECTOR('',#2210,1.);
#2210 = DIRECTION('',(0.,1.,0.));
#2211 = ORIENTED_EDGE('',*,*,#2212,.T.);
#2212 = EDGE_CURVE('',#2203,#2213,#2215,.T.);
#2213 = VERTEX_POINT('',#2214);
#2214 = CARTESIAN_POINT('',(-0.32,-10.48,2.54));
#2215 = LINE('',#2216,#2217);
#2216 = CARTESIAN_POINT('',(-0.16,-10.48,2.54));
#2217 = VECTOR('',#2218,1.);
#2218 = DIRECTION('',(-1.,0.,0.));
#2219 = ORIENTED_EDGE('',*,*,#2220,.T.);
#2220 = EDGE_CURVE('',#2213,#2221,#2223,.T.);
#2221 = VERTEX_POINT('',#2222);
#2222 = CARTESIAN_POINT('',(-0.32,-9.84,2.54));
#2223 = LINE('',#2224,#2225);
#2224 = CARTESIAN_POINT('',(-0.32,-9.685,2.54));
#2225 = VECTOR('',#2226,1.);
#2226 = DIRECTION('',(0.,1.,0.));
#2227 = ORIENTED_EDGE('',*,*,#2228,.F.);
#2228 = EDGE_CURVE('',#2205,#2221,#2229,.T.);
#2229 = LINE('',#2230,#2231);
#2230 = CARTESIAN_POINT('',(-0.16,-9.84,2.54));
#2231 = VECTOR('',#2232,1.);
#2232 = DIRECTION('',(-1.,0.,0.));
#2233 = FACE_BOUND('',#2234,.T.);
#2234 = EDGE_LOOP('',(#2235,#2245,#2253,#2261));
#2235 = ORIENTED_EDGE('',*,*,#2236,.F.);
#2236 = EDGE_CURVE('',#2237,#2239,#2241,.T.);
#2237 = VERTEX_POINT('',#2238);
#2238 = CARTESIAN_POINT('',(0.32,-2.22,2.54));
#2239 = VERTEX_POINT('',#2240);
#2240 = CARTESIAN_POINT('',(-0.32,-2.22,2.54));
#2241 = LINE('',#2242,#2243);
#2242 = CARTESIAN_POINT('',(-0.16,-2.22,2.54));
#2243 = VECTOR('',#2244,1.);
#2244 = DIRECTION('',(-1.,0.,0.));
#2245 = ORIENTED_EDGE('',*,*,#2246,.F.);
#2246 = EDGE_CURVE('',#2247,#2237,#2249,.T.);
#2247 = VERTEX_POINT('',#2248);
#2248 = CARTESIAN_POINT('',(0.32,-2.86,2.54));
#2249 = LINE('',#2250,#2251);
#2250 = CARTESIAN_POINT('',(0.32,-5.875,2.54));
#2251 = VECTOR('',#2252,1.);
#2252 = DIRECTION('',(0.,1.,0.));
#2253 = ORIENTED_EDGE('',*,*,#2254,.T.);
#2254 = EDGE_CURVE('',#2247,#2255,#2257,.T.);
#2255 = VERTEX_POINT('',#2256);
#2256 = CARTESIAN_POINT('',(-0.32,-2.86,2.54));
#2257 = LINE('',#2258,#2259);
#2258 = CARTESIAN_POINT('',(-0.16,-2.86,2.54));
#2259 = VECTOR('',#2260,1.);
#2260 = DIRECTION('',(-1.,0.,0.));
#2261 = ORIENTED_EDGE('',*,*,#2262,.T.);
#2262 = EDGE_CURVE('',#2255,#2239,#2263,.T.);
#2263 = LINE('',#2264,#2265);
#2264 = CARTESIAN_POINT('',(-0.32,-5.875,2.54));
#2265 = VECTOR('',#2266,1.);
#2266 = DIRECTION('',(0.,1.,0.));
#2267 = FACE_BOUND('',#2268,.T.);
#2268 = EDGE_LOOP('',(#2269,#2279,#2287,#2295));
#2269 = ORIENTED_EDGE('',*,*,#2270,.T.);
#2270 = EDGE_CURVE('',#2271,#2273,#2275,.T.);
#2271 = VERTEX_POINT('',#2272);
#2272 = CARTESIAN_POINT('',(0.32,-5.4,2.54));
#2273 = VERTEX_POINT('',#2274);
#2274 = CARTESIAN_POINT('',(-0.32,-5.4,2.54));
#2275 = LINE('',#2276,#2277);
#2276 = CARTESIAN_POINT('',(-0.16,-5.4,2.54));
#2277 = VECTOR('',#2278,1.);
#2278 = DIRECTION('',(-1.,0.,0.));
#2279 = ORIENTED_EDGE('',*,*,#2280,.T.);
#2280 = EDGE_CURVE('',#2273,#2281,#2283,.T.);
#2281 = VERTEX_POINT('',#2282);
#2282 = CARTESIAN_POINT('',(-0.32,-4.76,2.54));
#2283 = LINE('',#2284,#2285);
#2284 = CARTESIAN_POINT('',(-0.32,-7.145,2.54));
#2285 = VECTOR('',#2286,1.);
#2286 = DIRECTION('',(0.,1.,0.));
#2287 = ORIENTED_EDGE('',*,*,#2288,.F.);
#2288 = EDGE_CURVE('',#2289,#2281,#2291,.T.);
#2289 = VERTEX_POINT('',#2290);
#2290 = CARTESIAN_POINT('',(0.32,-4.76,2.54));
#2291 = LINE('',#2292,#2293);
#2292 = CARTESIAN_POINT('',(-0.16,-4.76,2.54));
#2293 = VECTOR('',#2294,1.);
#2294 = DIRECTION('',(-1.,0.,0.));
#2295 = ORIENTED_EDGE('',*,*,#2296,.F.);
#2296 = EDGE_CURVE('',#2271,#2289,#2297,.T.);
#2297 = LINE('',#2298,#2299);
#2298 = CARTESIAN_POINT('',(0.32,-7.145,2.54));
#2299 = VECTOR('',#2300,1.);
#2300 = DIRECTION('',(0.,1.,0.));
#2301 = FACE_BOUND('',#2302,.T.);
#2302 = EDGE_LOOP('',(#2303,#2313,#2321,#2329));
#2303 = ORIENTED_EDGE('',*,*,#2304,.F.);
#2304 = EDGE_CURVE('',#2305,#2307,#2309,.T.);
#2305 = VERTEX_POINT('',#2306);
#2306 = CARTESIAN_POINT('',(0.32,-0.32,2.54));
#2307 = VERTEX_POINT('',#2308);
#2308 = CARTESIAN_POINT('',(0.32,0.32,2.54));
#2309 = LINE('',#2310,#2311);
#2310 = CARTESIAN_POINT('',(0.32,-4.605,2.54));
#2311 = VECTOR('',#2312,1.);
#2312 = DIRECTION('',(0.,1.,0.));
#2313 = ORIENTED_EDGE('',*,*,#2314,.T.);
#2314 = EDGE_CURVE('',#2305,#2315,#2317,.T.);
#2315 = VERTEX_POINT('',#2316);
#2316 = CARTESIAN_POINT('',(-0.32,-0.32,2.54));
#2317 = LINE('',#2318,#2319);
#2318 = CARTESIAN_POINT('',(-0.16,-0.32,2.54));
#2319 = VECTOR('',#2320,1.);
#2320 = DIRECTION('',(-1.,0.,0.));
#2321 = ORIENTED_EDGE('',*,*,#2322,.T.);
#2322 = EDGE_CURVE('',#2315,#2323,#2325,.T.);
#2323 = VERTEX_POINT('',#2324);
#2324 = CARTESIAN_POINT('',(-0.32,0.32,2.54));
#2325 = LINE('',#2326,#2327);
#2326 = CARTESIAN_POINT('',(-0.32,-4.605,2.54));
#2327 = VECTOR('',#2328,1.);
#2328 = DIRECTION('',(0.,1.,0.));
#2329 = ORIENTED_EDGE('',*,*,#2330,.F.);
#2330 = EDGE_CURVE('',#2307,#2323,#2331,.T.);
#2331 = LINE('',#2332,#2333);
#2332 = CARTESIAN_POINT('',(-0.16,0.32,2.54));
#2333 = VECTOR('',#2334,1.);
#2334 = DIRECTION('',(-1.,0.,0.));
#2335 = PLANE('',#2336);
#2336 = AXIS2_PLACEMENT_3D('',#2337,#2338,#2339);
#2337 = CARTESIAN_POINT('',(-1.38573690222E-17,-8.89,2.54));
#2338 = DIRECTION('',(0.,0.,1.));
#2339 = DIRECTION('',(1.,0.,-0.));
#2340 = ADVANCED_FACE('',(#2341),#2352,.F.);
#2341 = FACE_BOUND('',#2342,.F.);
#2342 = EDGE_LOOP('',(#2343,#2349,#2350,#2351));
#2343 = ORIENTED_EDGE('',*,*,#2344,.T.);
#2344 = EDGE_CURVE('',#1393,#2050,#2345,.T.);
#2345 = LINE('',#2346,#2347);
#2346 = CARTESIAN_POINT('',(1.27,1.016,0.));
#2347 = VECTOR('',#2348,1.);
#2348 = DIRECTION('',(0.,0.,1.));
#2349 = ORIENTED_EDGE('',*,*,#2057,.T.);
#2350 = ORIENTED_EDGE('',*,*,#968,.F.);
#2351 = ORIENTED_EDGE('',*,*,#1400,.F.);
#2352 = PLANE('',#2353);
#2353 = AXIS2_PLACEMENT_3D('',#2354,#2355,#2356);
#2354 = CARTESIAN_POINT('',(1.27,1.016,0.));
#2355 = DIRECTION('',(-0.707106781187,-0.707106781187,0.));
#2356 = DIRECTION('',(-0.707106781187,0.707106781187,0.));
#2357 = ADVANCED_FACE('',(#2358),#2369,.F.);
#2358 = FACE_BOUND('',#2359,.F.);
#2359 = EDGE_LOOP('',(#2360,#2361,#2362,#2368));
#2360 = ORIENTED_EDGE('',*,*,#1008,.T.);
#2361 = ORIENTED_EDGE('',*,*,#1689,.T.);
#2362 = ORIENTED_EDGE('',*,*,#2363,.F.);
#2363 = EDGE_CURVE('',#1033,#1690,#2364,.T.);
#2364 = LINE('',#2365,#2366);
#2365 = CARTESIAN_POINT('',(-1.016,-1.27,0.));
#2366 = VECTOR('',#2367,1.);
#2367 = DIRECTION('',(0.,0.,1.));
#2368 = ORIENTED_EDGE('',*,*,#1032,.F.);
#2369 = PLANE('',#2370);
#2370 = AXIS2_PLACEMENT_3D('',#2371,#2372,#2373);
#2371 = CARTESIAN_POINT('',(-1.27,-1.016,0.));
#2372 = DIRECTION('',(0.707106781187,0.707106781187,0.));
#2373 = DIRECTION('',(0.707106781187,-0.707106781187,0.));
#2374 = ADVANCED_FACE('',(#2375),#2386,.F.);
#2375 = FACE_BOUND('',#2376,.F.);
#2376 = EDGE_LOOP('',(#2377,#2383,#2384,#2385));
#2377 = ORIENTED_EDGE('',*,*,#2378,.T.);
#2378 = EDGE_CURVE('',#1385,#2042,#2379,.T.);
#2379 = LINE('',#2380,#2381);
#2380 = CARTESIAN_POINT('',(1.27,-1.016,0.));
#2381 = VECTOR('',#2382,1.);
#2382 = DIRECTION('',(0.,0.,1.));
#2383 = ORIENTED_EDGE('',*,*,#2049,.T.);
#2384 = ORIENTED_EDGE('',*,*,#2344,.F.);
#2385 = ORIENTED_EDGE('',*,*,#1392,.F.);
#2386 = PLANE('',#2387);
#2387 = AXIS2_PLACEMENT_3D('',#2388,#2389,#2390);
#2388 = CARTESIAN_POINT('',(1.27,-1.016,0.));
#2389 = DIRECTION('',(-1.,0.,0.));
#2390 = DIRECTION('',(0.,1.,0.));
#2391 = ADVANCED_FACE('',(#2392),#2403,.F.);
#2392 = FACE_BOUND('',#2393,.F.);
#2393 = EDGE_LOOP('',(#2394,#2395,#2396,#2402));
#2394 = ORIENTED_EDGE('',*,*,#2363,.T.);
#2395 = ORIENTED_EDGE('',*,*,#1697,.T.);
#2396 = ORIENTED_EDGE('',*,*,#2397,.F.);
#2397 = EDGE_CURVE('',#1041,#1698,#2398,.T.);
#2398 = LINE('',#2399,#2400);
#2399 = CARTESIAN_POINT('',(-1.27,-1.524,0.));
#2400 = VECTOR('',#2401,1.);
#2401 = DIRECTION('',(0.,0.,1.));
#2402 = ORIENTED_EDGE('',*,*,#1040,.F.);
#2403 = PLANE('',#2404);
#2404 = AXIS2_PLACEMENT_3D('',#2405,#2406,#2407);
#2405 = CARTESIAN_POINT('',(-1.016,-1.27,0.));
#2406 = DIRECTION('',(0.707106781187,-0.707106781187,0.));
#2407 = DIRECTION('',(-0.707106781187,-0.707106781187,0.));
#2408 = ADVANCED_FACE('',(#2409),#2420,.F.);
#2409 = FACE_BOUND('',#2410,.F.);
#2410 = EDGE_LOOP('',(#2411,#2417,#2418,#2419));
#2411 = ORIENTED_EDGE('',*,*,#2412,.T.);
#2412 = EDGE_CURVE('',#1377,#2034,#2413,.T.);
#2413 = LINE('',#2414,#2415);
#2414 = CARTESIAN_POINT('',(1.016,-1.27,0.));
#2415 = VECTOR('',#2416,1.);
#2416 = DIRECTION('',(0.,0.,1.));
#2417 = ORIENTED_EDGE('',*,*,#2041,.T.);
#2418 = ORIENTED_EDGE('',*,*,#2378,.F.);
#2419 = ORIENTED_EDGE('',*,*,#1384,.F.);
#2420 = PLANE('',#2421);
#2421 = AXIS2_PLACEMENT_3D('',#2422,#2423,#2424);
#2422 = CARTESIAN_POINT('',(1.016,-1.27,0.));
#2423 = DIRECTION('',(-0.707106781187,0.707106781187,0.));
#2424 = DIRECTION('',(0.707106781187,0.707106781187,0.));
#2425 = ADVANCED_FACE('',(#2426),#2437,.F.);
#2426 = FACE_BOUND('',#2427,.F.);
#2427 = EDGE_LOOP('',(#2428,#2429,#2430,#2436));
#2428 = ORIENTED_EDGE('',*,*,#2397,.T.);
#2429 = ORIENTED_EDGE('',*,*,#1705,.T.);
#2430 = ORIENTED_EDGE('',*,*,#2431,.F.);
#2431 = EDGE_CURVE('',#1049,#1706,#2432,.T.);
#2432 = LINE('',#2433,#2434);
#2433 = CARTESIAN_POINT('',(-1.27,-3.556,0.));
#2434 = VECTOR('',#2435,1.);
#2435 = DIRECTION('',(0.,0.,1.));
#2436 = ORIENTED_EDGE('',*,*,#1048,.F.);
#2437 = PLANE('',#2438);
#2438 = AXIS2_PLACEMENT_3D('',#2439,#2440,#2441);
#2439 = CARTESIAN_POINT('',(-1.27,-1.524,0.));
#2440 = DIRECTION('',(1.,0.,0.));
#2441 = DIRECTION('',(0.,-1.,0.));
#2442 = ADVANCED_FACE('',(#2443),#2454,.F.);
#2443 = FACE_BOUND('',#2444,.F.);
#2444 = EDGE_LOOP('',(#2445,#2451,#2452,#2453));
#2445 = ORIENTED_EDGE('',*,*,#2446,.T.);
#2446 = EDGE_CURVE('',#1369,#2026,#2447,.T.);
#2447 = LINE('',#2448,#2449);
#2448 = CARTESIAN_POINT('',(1.27,-1.524,0.));
#2449 = VECTOR('',#2450,1.);
#2450 = DIRECTION('',(0.,0.,1.));
#2451 = ORIENTED_EDGE('',*,*,#2033,.T.);
#2452 = ORIENTED_EDGE('',*,*,#2412,.F.);
#2453 = ORIENTED_EDGE('',*,*,#1376,.F.);
#2454 = PLANE('',#2455);
#2455 = AXIS2_PLACEMENT_3D('',#2456,#2457,#2458);
#2456 = CARTESIAN_POINT('',(1.27,-1.524,0.));
#2457 = DIRECTION('',(-0.707106781187,-0.707106781187,0.));
#2458 = DIRECTION('',(-0.707106781187,0.707106781187,0.));
#2459 = ADVANCED_FACE('',(#2460),#2471,.F.);
#2460 = FACE_BOUND('',#2461,.F.);
#2461 = EDGE_LOOP('',(#2462,#2463,#2464,#2470));
#2462 = ORIENTED_EDGE('',*,*,#2431,.T.);
#2463 = ORIENTED_EDGE('',*,*,#1713,.T.);
#2464 = ORIENTED_EDGE('',*,*,#2465,.F.);
#2465 = EDGE_CURVE('',#1057,#1714,#2466,.T.);
#2466 = LINE('',#2467,#2468);
#2467 = CARTESIAN_POINT('',(-1.016,-3.81,0.));
#2468 = VECTOR('',#2469,1.);
#2469 = DIRECTION('',(0.,0.,1.));
#2470 = ORIENTED_EDGE('',*,*,#1056,.F.);
#2471 = PLANE('',#2472);
#2472 = AXIS2_PLACEMENT_3D('',#2473,#2474,#2475);
#2473 = CARTESIAN_POINT('',(-1.27,-3.556,0.));
#2474 = DIRECTION('',(0.707106781187,0.707106781187,0.));
#2475 = DIRECTION('',(0.707106781187,-0.707106781187,0.));
#2476 = ADVANCED_FACE('',(#2477),#2488,.F.);
#2477 = FACE_BOUND('',#2478,.F.);
#2478 = EDGE_LOOP('',(#2479,#2485,#2486,#2487));
#2479 = ORIENTED_EDGE('',*,*,#2480,.T.);
#2480 = EDGE_CURVE('',#1361,#2018,#2481,.T.);
#2481 = LINE('',#2482,#2483);
#2482 = CARTESIAN_POINT('',(1.27,-3.556,0.));
#2483 = VECTOR('',#2484,1.);
#2484 = DIRECTION('',(0.,0.,1.));
#2485 = ORIENTED_EDGE('',*,*,#2025,.T.);
#2486 = ORIENTED_EDGE('',*,*,#2446,.F.);
#2487 = ORIENTED_EDGE('',*,*,#1368,.F.);
#2488 = PLANE('',#2489);
#2489 = AXIS2_PLACEMENT_3D('',#2490,#2491,#2492);
#2490 = CARTESIAN_POINT('',(1.27,-3.556,0.));
#2491 = DIRECTION('',(-1.,0.,0.));
#2492 = DIRECTION('',(0.,1.,0.));
#2493 = ADVANCED_FACE('',(#2494),#2505,.F.);
#2494 = FACE_BOUND('',#2495,.F.);
#2495 = EDGE_LOOP('',(#2496,#2497,#2498,#2504));
#2496 = ORIENTED_EDGE('',*,*,#2465,.T.);
#2497 = ORIENTED_EDGE('',*,*,#1721,.T.);
#2498 = ORIENTED_EDGE('',*,*,#2499,.F.);
#2499 = EDGE_CURVE('',#1065,#1722,#2500,.T.);
#2500 = LINE('',#2501,#2502);
#2501 = CARTESIAN_POINT('',(-1.27,-4.064,0.));
#2502 = VECTOR('',#2503,1.);
#2503 = DIRECTION('',(0.,0.,1.));
#2504 = ORIENTED_EDGE('',*,*,#1064,.F.);
#2505 = PLANE('',#2506);
#2506 = AXIS2_PLACEMENT_3D('',#2507,#2508,#2509);
#2507 = CARTESIAN_POINT('',(-1.016,-3.81,0.));
#2508 = DIRECTION('',(0.707106781187,-0.707106781187,0.));
#2509 = DIRECTION('',(-0.707106781187,-0.707106781187,0.));
#2510 = ADVANCED_FACE('',(#2511),#2522,.F.);
#2511 = FACE_BOUND('',#2512,.F.);
#2512 = EDGE_LOOP('',(#2513,#2519,#2520,#2521));
#2513 = ORIENTED_EDGE('',*,*,#2514,.T.);
#2514 = EDGE_CURVE('',#1353,#2010,#2515,.T.);
#2515 = LINE('',#2516,#2517);
#2516 = CARTESIAN_POINT('',(1.016,-3.81,0.));
#2517 = VECTOR('',#2518,1.);
#2518 = DIRECTION('',(0.,0.,1.));
#2519 = ORIENTED_EDGE('',*,*,#2017,.T.);
#2520 = ORIENTED_EDGE('',*,*,#2480,.F.);
#2521 = ORIENTED_EDGE('',*,*,#1360,.F.);
#2522 = PLANE('',#2523);
#2523 = AXIS2_PLACEMENT_3D('',#2524,#2525,#2526);
#2524 = CARTESIAN_POINT('',(1.016,-3.81,0.));
#2525 = DIRECTION('',(-0.707106781187,0.707106781187,0.));
#2526 = DIRECTION('',(0.707106781187,0.707106781187,0.));
#2527 = ADVANCED_FACE('',(#2528),#2539,.F.);
#2528 = FACE_BOUND('',#2529,.F.);
#2529 = EDGE_LOOP('',(#2530,#2531,#2532,#2538));
#2530 = ORIENTED_EDGE('',*,*,#2499,.T.);
#2531 = ORIENTED_EDGE('',*,*,#1729,.T.);
#2532 = ORIENTED_EDGE('',*,*,#2533,.F.);
#2533 = EDGE_CURVE('',#1073,#1730,#2534,.T.);
#2534 = LINE('',#2535,#2536);
#2535 = CARTESIAN_POINT('',(-1.27,-6.096,0.));
#2536 = VECTOR('',#2537,1.);
#2537 = DIRECTION('',(0.,0.,1.));
#2538 = ORIENTED_EDGE('',*,*,#1072,.F.);
#2539 = PLANE('',#2540);
#2540 = AXIS2_PLACEMENT_3D('',#2541,#2542,#2543);
#2541 = CARTESIAN_POINT('',(-1.27,-4.064,0.));
#2542 = DIRECTION('',(1.,0.,0.));
#2543 = DIRECTION('',(0.,-1.,0.));
#2544 = ADVANCED_FACE('',(#2545),#2556,.F.);
#2545 = FACE_BOUND('',#2546,.F.);
#2546 = EDGE_LOOP('',(#2547,#2553,#2554,#2555));
#2547 = ORIENTED_EDGE('',*,*,#2548,.T.);
#2548 = EDGE_CURVE('',#1345,#2002,#2549,.T.);
#2549 = LINE('',#2550,#2551);
#2550 = CARTESIAN_POINT('',(1.27,-4.064,0.));
#2551 = VECTOR('',#2552,1.);
#2552 = DIRECTION('',(0.,0.,1.));
#2553 = ORIENTED_EDGE('',*,*,#2009,.T.);
#2554 = ORIENTED_EDGE('',*,*,#2514,.F.);
#2555 = ORIENTED_EDGE('',*,*,#1352,.F.);
#2556 = PLANE('',#2557);
#2557 = AXIS2_PLACEMENT_3D('',#2558,#2559,#2560);
#2558 = CARTESIAN_POINT('',(1.27,-4.064,0.));
#2559 = DIRECTION('',(-0.707106781187,-0.707106781187,0.));
#2560 = DIRECTION('',(-0.707106781187,0.707106781187,0.));
#2561 = ADVANCED_FACE('',(#2562),#2573,.F.);
#2562 = FACE_BOUND('',#2563,.F.);
#2563 = EDGE_LOOP('',(#2564,#2565,#2566,#2572));
#2564 = ORIENTED_EDGE('',*,*,#2533,.T.);
#2565 = ORIENTED_EDGE('',*,*,#1737,.T.);
#2566 = ORIENTED_EDGE('',*,*,#2567,.F.);
#2567 = EDGE_CURVE('',#1081,#1738,#2568,.T.);
#2568 = LINE('',#2569,#2570);
#2569 = CARTESIAN_POINT('',(-1.016,-6.35,0.));
#2570 = VECTOR('',#2571,1.);
#2571 = DIRECTION('',(0.,0.,1.));
#2572 = ORIENTED_EDGE('',*,*,#1080,.F.);
#2573 = PLANE('',#2574);
#2574 = AXIS2_PLACEMENT_3D('',#2575,#2576,#2577);
#2575 = CARTESIAN_POINT('',(-1.27,-6.096,0.));
#2576 = DIRECTION('',(0.707106781187,0.707106781187,0.));
#2577 = DIRECTION('',(0.707106781187,-0.707106781187,0.));
#2578 = ADVANCED_FACE('',(#2579),#2590,.F.);
#2579 = FACE_BOUND('',#2580,.F.);
#2580 = EDGE_LOOP('',(#2581,#2587,#2588,#2589));
#2581 = ORIENTED_EDGE('',*,*,#2582,.T.);
#2582 = EDGE_CURVE('',#1337,#1994,#2583,.T.);
#2583 = LINE('',#2584,#2585);
#2584 = CARTESIAN_POINT('',(1.27,-6.096,0.));
#2585 = VECTOR('',#2586,1.);
#2586 = DIRECTION('',(0.,0.,1.));
#2587 = ORIENTED_EDGE('',*,*,#2001,.T.);
#2588 = ORIENTED_EDGE('',*,*,#2548,.F.);
#2589 = ORIENTED_EDGE('',*,*,#1344,.F.);
#2590 = PLANE('',#2591);
#2591 = AXIS2_PLACEMENT_3D('',#2592,#2593,#2594);
#2592 = CARTESIAN_POINT('',(1.27,-6.096,0.));
#2593 = DIRECTION('',(-1.,0.,0.));
#2594 = DIRECTION('',(0.,1.,0.));
#2595 = ADVANCED_FACE('',(#2596),#2607,.F.);
#2596 = FACE_BOUND('',#2597,.F.);
#2597 = EDGE_LOOP('',(#2598,#2599,#2600,#2606));
#2598 = ORIENTED_EDGE('',*,*,#2567,.T.);
#2599 = ORIENTED_EDGE('',*,*,#1745,.T.);
#2600 = ORIENTED_EDGE('',*,*,#2601,.F.);
#2601 = EDGE_CURVE('',#1089,#1746,#2602,.T.);
#2602 = LINE('',#2603,#2604);
#2603 = CARTESIAN_POINT('',(-1.27,-6.604,0.));
#2604 = VECTOR('',#2605,1.);
#2605 = DIRECTION('',(0.,0.,1.));
#2606 = ORIENTED_EDGE('',*,*,#1088,.F.);
#2607 = PLANE('',#2608);
#2608 = AXIS2_PLACEMENT_3D('',#2609,#2610,#2611);
#2609 = CARTESIAN_POINT('',(-1.016,-6.35,0.));
#2610 = DIRECTION('',(0.707106781187,-0.707106781187,0.));
#2611 = DIRECTION('',(-0.707106781187,-0.707106781187,0.));
#2612 = ADVANCED_FACE('',(#2613),#2624,.F.);
#2613 = FACE_BOUND('',#2614,.F.);
#2614 = EDGE_LOOP('',(#2615,#2621,#2622,#2623));
#2615 = ORIENTED_EDGE('',*,*,#2616,.T.);
#2616 = EDGE_CURVE('',#1329,#1986,#2617,.T.);
#2617 = LINE('',#2618,#2619);
#2618 = CARTESIAN_POINT('',(1.016,-6.35,0.));
#2619 = VECTOR('',#2620,1.);
#2620 = DIRECTION('',(0.,0.,1.));
#2621 = ORIENTED_EDGE('',*,*,#1993,.T.);
#2622 = ORIENTED_EDGE('',*,*,#2582,.F.);
#2623 = ORIENTED_EDGE('',*,*,#1336,.F.);
#2624 = PLANE('',#2625);
#2625 = AXIS2_PLACEMENT_3D('',#2626,#2627,#2628);
#2626 = CARTESIAN_POINT('',(1.016,-6.35,0.));
#2627 = DIRECTION('',(-0.707106781187,0.707106781187,0.));
#2628 = DIRECTION('',(0.707106781187,0.707106781187,0.));
#2629 = ADVANCED_FACE('',(#2630),#2641,.F.);
#2630 = FACE_BOUND('',#2631,.F.);
#2631 = EDGE_LOOP('',(#2632,#2633,#2634,#2640));
#2632 = ORIENTED_EDGE('',*,*,#2601,.T.);
#2633 = ORIENTED_EDGE('',*,*,#1753,.T.);
#2634 = ORIENTED_EDGE('',*,*,#2635,.F.);
#2635 = EDGE_CURVE('',#1097,#1754,#2636,.T.);
#2636 = LINE('',#2637,#2638);
#2637 = CARTESIAN_POINT('',(-1.27,-8.636,0.));
#2638 = VECTOR('',#2639,1.);
#2639 = DIRECTION('',(0.,0.,1.));
#2640 = ORIENTED_EDGE('',*,*,#1096,.F.);
#2641 = PLANE('',#2642);
#2642 = AXIS2_PLACEMENT_3D('',#2643,#2644,#2645);
#2643 = CARTESIAN_POINT('',(-1.27,-6.604,0.));
#2644 = DIRECTION('',(1.,0.,0.));
#2645 = DIRECTION('',(0.,-1.,0.));
#2646 = ADVANCED_FACE('',(#2647),#2658,.F.);
#2647 = FACE_BOUND('',#2648,.F.);
#2648 = EDGE_LOOP('',(#2649,#2655,#2656,#2657));
#2649 = ORIENTED_EDGE('',*,*,#2650,.T.);
#2650 = EDGE_CURVE('',#1321,#1978,#2651,.T.);
#2651 = LINE('',#2652,#2653);
#2652 = CARTESIAN_POINT('',(1.27,-6.604,0.));
#2653 = VECTOR('',#2654,1.);
#2654 = DIRECTION('',(0.,0.,1.));
#2655 = ORIENTED_EDGE('',*,*,#1985,.T.);
#2656 = ORIENTED_EDGE('',*,*,#2616,.F.);
#2657 = ORIENTED_EDGE('',*,*,#1328,.F.);
#2658 = PLANE('',#2659);
#2659 = AXIS2_PLACEMENT_3D('',#2660,#2661,#2662);
#2660 = CARTESIAN_POINT('',(1.27,-6.604,0.));
#2661 = DIRECTION('',(-0.707106781187,-0.707106781187,0.));
#2662 = DIRECTION('',(-0.707106781187,0.707106781187,0.));
#2663 = ADVANCED_FACE('',(#2664),#2675,.F.);
#2664 = FACE_BOUND('',#2665,.F.);
#2665 = EDGE_LOOP('',(#2666,#2667,#2668,#2674));
#2666 = ORIENTED_EDGE('',*,*,#2635,.T.);
#2667 = ORIENTED_EDGE('',*,*,#1761,.T.);
#2668 = ORIENTED_EDGE('',*,*,#2669,.F.);
#2669 = EDGE_CURVE('',#1105,#1762,#2670,.T.);
#2670 = LINE('',#2671,#2672);
#2671 = CARTESIAN_POINT('',(-1.016,-8.89,0.));
#2672 = VECTOR('',#2673,1.);
#2673 = DIRECTION('',(0.,0.,1.));
#2674 = ORIENTED_EDGE('',*,*,#1104,.F.);
#2675 = PLANE('',#2676);
#2676 = AXIS2_PLACEMENT_3D('',#2677,#2678,#2679);
#2677 = CARTESIAN_POINT('',(-1.27,-8.636,0.));
#2678 = DIRECTION('',(0.707106781187,0.707106781187,0.));
#2679 = DIRECTION('',(0.707106781187,-0.707106781187,0.));
#2680 = ADVANCED_FACE('',(#2681),#2692,.F.);
#2681 = FACE_BOUND('',#2682,.F.);
#2682 = EDGE_LOOP('',(#2683,#2689,#2690,#2691));
#2683 = ORIENTED_EDGE('',*,*,#2684,.T.);
#2684 = EDGE_CURVE('',#1313,#1970,#2685,.T.);
#2685 = LINE('',#2686,#2687);
#2686 = CARTESIAN_POINT('',(1.27,-8.636,0.));
#2687 = VECTOR('',#2688,1.);
#2688 = DIRECTION('',(0.,0.,1.));
#2689 = ORIENTED_EDGE('',*,*,#1977,.T.);
#2690 = ORIENTED_EDGE('',*,*,#2650,.F.);
#2691 = ORIENTED_EDGE('',*,*,#1320,.F.);
#2692 = PLANE('',#2693);
#2693 = AXIS2_PLACEMENT_3D('',#2694,#2695,#2696);
#2694 = CARTESIAN_POINT('',(1.27,-8.636,0.));
#2695 = DIRECTION('',(-1.,0.,0.));
#2696 = DIRECTION('',(0.,1.,0.));
#2697 = ADVANCED_FACE('',(#2698),#2709,.F.);
#2698 = FACE_BOUND('',#2699,.F.);
#2699 = EDGE_LOOP('',(#2700,#2701,#2702,#2708));
#2700 = ORIENTED_EDGE('',*,*,#2669,.T.);
#2701 = ORIENTED_EDGE('',*,*,#1769,.T.);
#2702 = ORIENTED_EDGE('',*,*,#2703,.F.);
#2703 = EDGE_CURVE('',#1113,#1770,#2704,.T.);
#2704 = LINE('',#2705,#2706);
#2705 = CARTESIAN_POINT('',(-1.27,-9.144,0.));
#2706 = VECTOR('',#2707,1.);
#2707 = DIRECTION('',(0.,0.,1.));
#2708 = ORIENTED_EDGE('',*,*,#1112,.F.);
#2709 = PLANE('',#2710);
#2710 = AXIS2_PLACEMENT_3D('',#2711,#2712,#2713);
#2711 = CARTESIAN_POINT('',(-1.016,-8.89,0.));
#2712 = DIRECTION('',(0.707106781187,-0.707106781187,0.));
#2713 = DIRECTION('',(-0.707106781187,-0.707106781187,0.));
#2714 = ADVANCED_FACE('',(#2715),#2726,.F.);
#2715 = FACE_BOUND('',#2716,.F.);
#2716 = EDGE_LOOP('',(#2717,#2723,#2724,#2725));
#2717 = ORIENTED_EDGE('',*,*,#2718,.T.);
#2718 = EDGE_CURVE('',#1305,#1962,#2719,.T.);
#2719 = LINE('',#2720,#2721);
#2720 = CARTESIAN_POINT('',(1.016,-8.89,0.));
#2721 = VECTOR('',#2722,1.);
#2722 = DIRECTION('',(0.,0.,1.));
#2723 = ORIENTED_EDGE('',*,*,#1969,.T.);
#2724 = ORIENTED_EDGE('',*,*,#2684,.F.);
#2725 = ORIENTED_EDGE('',*,*,#1312,.F.);
#2726 = PLANE('',#2727);
#2727 = AXIS2_PLACEMENT_3D('',#2728,#2729,#2730);
#2728 = CARTESIAN_POINT('',(1.016,-8.89,0.));
#2729 = DIRECTION('',(-0.707106781187,0.707106781187,0.));
#2730 = DIRECTION('',(0.707106781187,0.707106781187,0.));
#2731 = ADVANCED_FACE('',(#2732),#2743,.F.);
#2732 = FACE_BOUND('',#2733,.F.);
#2733 = EDGE_LOOP('',(#2734,#2735,#2736,#2742));
#2734 = ORIENTED_EDGE('',*,*,#2703,.T.);
#2735 = ORIENTED_EDGE('',*,*,#1777,.T.);
#2736 = ORIENTED_EDGE('',*,*,#2737,.F.);
#2737 = EDGE_CURVE('',#1121,#1778,#2738,.T.);
#2738 = LINE('',#2739,#2740);
#2739 = CARTESIAN_POINT('',(-1.27,-11.176,0.));
#2740 = VECTOR('',#2741,1.);
#2741 = DIRECTION('',(0.,0.,1.));
#2742 = ORIENTED_EDGE('',*,*,#1120,.F.);
#2743 = PLANE('',#2744);
#2744 = AXIS2_PLACEMENT_3D('',#2745,#2746,#2747);
#2745 = CARTESIAN_POINT('',(-1.27,-9.144,0.));
#2746 = DIRECTION('',(1.,0.,0.));
#2747 = DIRECTION('',(0.,-1.,0.));
#2748 = ADVANCED_FACE('',(#2749),#2760,.F.);
#2749 = FACE_BOUND('',#2750,.F.);
#2750 = EDGE_LOOP('',(#2751,#2757,#2758,#2759));
#2751 = ORIENTED_EDGE('',*,*,#2752,.T.);
#2752 = EDGE_CURVE('',#1297,#1954,#2753,.T.);
#2753 = LINE('',#2754,#2755);
#2754 = CARTESIAN_POINT('',(1.27,-9.144,0.));
#2755 = VECTOR('',#2756,1.);
#2756 = DIRECTION('',(0.,0.,1.));
#2757 = ORIENTED_EDGE('',*,*,#1961,.T.);
#2758 = ORIENTED_EDGE('',*,*,#2718,.F.);
#2759 = ORIENTED_EDGE('',*,*,#1304,.F.);
#2760 = PLANE('',#2761);
#2761 = AXIS2_PLACEMENT_3D('',#2762,#2763,#2764);
#2762 = CARTESIAN_POINT('',(1.27,-9.144,0.));
#2763 = DIRECTION('',(-0.707106781187,-0.707106781187,0.));
#2764 = DIRECTION('',(-0.707106781187,0.707106781187,0.));
#2765 = ADVANCED_FACE('',(#2766),#2777,.F.);
#2766 = FACE_BOUND('',#2767,.F.);
#2767 = EDGE_LOOP('',(#2768,#2769,#2770,#2776));
#2768 = ORIENTED_EDGE('',*,*,#2737,.T.);
#2769 = ORIENTED_EDGE('',*,*,#1785,.T.);
#2770 = ORIENTED_EDGE('',*,*,#2771,.F.);
#2771 = EDGE_CURVE('',#1129,#1786,#2772,.T.);
#2772 = LINE('',#2773,#2774);
#2773 = CARTESIAN_POINT('',(-1.016,-11.43,0.));
#2774 = VECTOR('',#2775,1.);
#2775 = DIRECTION('',(0.,0.,1.));
#2776 = ORIENTED_EDGE('',*,*,#1128,.F.);
#2777 = PLANE('',#2778);
#2778 = AXIS2_PLACEMENT_3D('',#2779,#2780,#2781);
#2779 = CARTESIAN_POINT('',(-1.27,-11.176,0.));
#2780 = DIRECTION('',(0.707106781187,0.707106781187,0.));
#2781 = DIRECTION('',(0.707106781187,-0.707106781187,0.));
#2782 = ADVANCED_FACE('',(#2783),#2794,.F.);
#2783 = FACE_BOUND('',#2784,.F.);
#2784 = EDGE_LOOP('',(#2785,#2791,#2792,#2793));
#2785 = ORIENTED_EDGE('',*,*,#2786,.T.);
#2786 = EDGE_CURVE('',#1289,#1946,#2787,.T.);
#2787 = LINE('',#2788,#2789);
#2788 = CARTESIAN_POINT('',(1.27,-11.176,0.));
#2789 = VECTOR('',#2790,1.);
#2790 = DIRECTION('',(0.,0.,1.));
#2791 = ORIENTED_EDGE('',*,*,#1953,.T.);
#2792 = ORIENTED_EDGE('',*,*,#2752,.F.);
#2793 = ORIENTED_EDGE('',*,*,#1296,.F.);
#2794 = PLANE('',#2795);
#2795 = AXIS2_PLACEMENT_3D('',#2796,#2797,#2798);
#2796 = CARTESIAN_POINT('',(1.27,-11.176,0.));
#2797 = DIRECTION('',(-1.,0.,0.));
#2798 = DIRECTION('',(0.,1.,0.));
#2799 = ADVANCED_FACE('',(#2800),#2811,.F.);
#2800 = FACE_BOUND('',#2801,.F.);
#2801 = EDGE_LOOP('',(#2802,#2803,#2804,#2810));
#2802 = ORIENTED_EDGE('',*,*,#2771,.T.);
#2803 = ORIENTED_EDGE('',*,*,#1793,.T.);
#2804 = ORIENTED_EDGE('',*,*,#2805,.F.);
#2805 = EDGE_CURVE('',#1137,#1794,#2806,.T.);
#2806 = LINE('',#2807,#2808);
#2807 = CARTESIAN_POINT('',(-1.27,-11.684,0.));
#2808 = VECTOR('',#2809,1.);
#2809 = DIRECTION('',(0.,0.,1.));
#2810 = ORIENTED_EDGE('',*,*,#1136,.F.);
#2811 = PLANE('',#2812);
#2812 = AXIS2_PLACEMENT_3D('',#2813,#2814,#2815);
#2813 = CARTESIAN_POINT('',(-1.016,-11.43,0.));
#2814 = DIRECTION('',(0.707106781187,-0.707106781187,0.));
#2815 = DIRECTION('',(-0.707106781187,-0.707106781187,0.));
#2816 = ADVANCED_FACE('',(#2817),#2828,.F.);
#2817 = FACE_BOUND('',#2818,.F.);
#2818 = EDGE_LOOP('',(#2819,#2825,#2826,#2827));
#2819 = ORIENTED_EDGE('',*,*,#2820,.T.);
#2820 = EDGE_CURVE('',#1281,#1938,#2821,.T.);
#2821 = LINE('',#2822,#2823);
#2822 = CARTESIAN_POINT('',(1.016,-11.43,0.));
#2823 = VECTOR('',#2824,1.);
#2824 = DIRECTION('',(0.,0.,1.));
#2825 = ORIENTED_EDGE('',*,*,#1945,.T.);
#2826 = ORIENTED_EDGE('',*,*,#2786,.F.);
#2827 = ORIENTED_EDGE('',*,*,#1288,.F.);
#2828 = PLANE('',#2829);
#2829 = AXIS2_PLACEMENT_3D('',#2830,#2831,#2832);
#2830 = CARTESIAN_POINT('',(1.016,-11.43,0.));
#2831 = DIRECTION('',(-0.707106781187,0.707106781187,0.));
#2832 = DIRECTION('',(0.707106781187,0.707106781187,0.));
#2833 = ADVANCED_FACE('',(#2834),#2845,.F.);
#2834 = FACE_BOUND('',#2835,.F.);
#2835 = EDGE_LOOP('',(#2836,#2837,#2838,#2844));
#2836 = ORIENTED_EDGE('',*,*,#2805,.T.);
#2837 = ORIENTED_EDGE('',*,*,#1801,.T.);
#2838 = ORIENTED_EDGE('',*,*,#2839,.F.);
#2839 = EDGE_CURVE('',#1145,#1802,#2840,.T.);
#2840 = LINE('',#2841,#2842);
#2841 = CARTESIAN_POINT('',(-1.27,-13.716,0.));
#2842 = VECTOR('',#2843,1.);
#2843 = DIRECTION('',(0.,0.,1.));
#2844 = ORIENTED_EDGE('',*,*,#1144,.F.);
#2845 = PLANE('',#2846);
#2846 = AXIS2_PLACEMENT_3D('',#2847,#2848,#2849);
#2847 = CARTESIAN_POINT('',(-1.27,-11.684,0.));
#2848 = DIRECTION('',(1.,0.,0.));
#2849 = DIRECTION('',(0.,-1.,0.));
#2850 = ADVANCED_FACE('',(#2851),#2862,.F.);
#2851 = FACE_BOUND('',#2852,.F.);
#2852 = EDGE_LOOP('',(#2853,#2859,#2860,#2861));
#2853 = ORIENTED_EDGE('',*,*,#2854,.T.);
#2854 = EDGE_CURVE('',#1273,#1930,#2855,.T.);
#2855 = LINE('',#2856,#2857);
#2856 = CARTESIAN_POINT('',(1.27,-11.684,0.));
#2857 = VECTOR('',#2858,1.);
#2858 = DIRECTION('',(0.,0.,1.));
#2859 = ORIENTED_EDGE('',*,*,#1937,.T.);
#2860 = ORIENTED_EDGE('',*,*,#2820,.F.);
#2861 = ORIENTED_EDGE('',*,*,#1280,.F.);
#2862 = PLANE('',#2863);
#2863 = AXIS2_PLACEMENT_3D('',#2864,#2865,#2866);
#2864 = CARTESIAN_POINT('',(1.27,-11.684,0.));
#2865 = DIRECTION('',(-0.707106781187,-0.707106781187,0.));
#2866 = DIRECTION('',(-0.707106781187,0.707106781187,0.));
#2867 = ADVANCED_FACE('',(#2868),#2879,.F.);
#2868 = FACE_BOUND('',#2869,.F.);
#2869 = EDGE_LOOP('',(#2870,#2871,#2872,#2878));
#2870 = ORIENTED_EDGE('',*,*,#2839,.T.);
#2871 = ORIENTED_EDGE('',*,*,#1809,.T.);
#2872 = ORIENTED_EDGE('',*,*,#2873,.F.);
#2873 = EDGE_CURVE('',#1153,#1810,#2874,.T.);
#2874 = LINE('',#2875,#2876);
#2875 = CARTESIAN_POINT('',(-1.016,-13.97,0.));
#2876 = VECTOR('',#2877,1.);
#2877 = DIRECTION('',(0.,0.,1.));
#2878 = ORIENTED_EDGE('',*,*,#1152,.F.);
#2879 = PLANE('',#2880);
#2880 = AXIS2_PLACEMENT_3D('',#2881,#2882,#2883);
#2881 = CARTESIAN_POINT('',(-1.27,-13.716,0.));
#2882 = DIRECTION('',(0.707106781187,0.707106781187,0.));
#2883 = DIRECTION('',(0.707106781187,-0.707106781187,0.));
#2884 = ADVANCED_FACE('',(#2885),#2896,.F.);
#2885 = FACE_BOUND('',#2886,.F.);
#2886 = EDGE_LOOP('',(#2887,#2893,#2894,#2895));
#2887 = ORIENTED_EDGE('',*,*,#2888,.T.);
#2888 = EDGE_CURVE('',#1265,#1922,#2889,.T.);
#2889 = LINE('',#2890,#2891);
#2890 = CARTESIAN_POINT('',(1.27,-13.716,0.));
#2891 = VECTOR('',#2892,1.);
#2892 = DIRECTION('',(0.,0.,1.));
#2893 = ORIENTED_EDGE('',*,*,#1929,.T.);
#2894 = ORIENTED_EDGE('',*,*,#2854,.F.);
#2895 = ORIENTED_EDGE('',*,*,#1272,.F.);
#2896 = PLANE('',#2897);
#2897 = AXIS2_PLACEMENT_3D('',#2898,#2899,#2900);
#2898 = CARTESIAN_POINT('',(1.27,-13.716,0.));
#2899 = DIRECTION('',(-1.,0.,0.));
#2900 = DIRECTION('',(0.,1.,0.));
#2901 = ADVANCED_FACE('',(#2902),#2913,.F.);
#2902 = FACE_BOUND('',#2903,.F.);
#2903 = EDGE_LOOP('',(#2904,#2905,#2906,#2912));
#2904 = ORIENTED_EDGE('',*,*,#2873,.T.);
#2905 = ORIENTED_EDGE('',*,*,#1817,.T.);
#2906 = ORIENTED_EDGE('',*,*,#2907,.F.);
#2907 = EDGE_CURVE('',#1161,#1818,#2908,.T.);
#2908 = LINE('',#2909,#2910);
#2909 = CARTESIAN_POINT('',(-1.27,-14.224,0.));
#2910 = VECTOR('',#2911,1.);
#2911 = DIRECTION('',(0.,0.,1.));
#2912 = ORIENTED_EDGE('',*,*,#1160,.F.);
#2913 = PLANE('',#2914);
#2914 = AXIS2_PLACEMENT_3D('',#2915,#2916,#2917);
#2915 = CARTESIAN_POINT('',(-1.016,-13.97,0.));
#2916 = DIRECTION('',(0.707106781187,-0.707106781187,0.));
#2917 = DIRECTION('',(-0.707106781187,-0.707106781187,0.));
#2918 = ADVANCED_FACE('',(#2919),#2930,.F.);
#2919 = FACE_BOUND('',#2920,.F.);
#2920 = EDGE_LOOP('',(#2921,#2927,#2928,#2929));
#2921 = ORIENTED_EDGE('',*,*,#2922,.T.);
#2922 = EDGE_CURVE('',#1257,#1914,#2923,.T.);
#2923 = LINE('',#2924,#2925);
#2924 = CARTESIAN_POINT('',(1.016,-13.97,0.));
#2925 = VECTOR('',#2926,1.);
#2926 = DIRECTION('',(0.,0.,1.));
#2927 = ORIENTED_EDGE('',*,*,#1921,.T.);
#2928 = ORIENTED_EDGE('',*,*,#2888,.F.);
#2929 = ORIENTED_EDGE('',*,*,#1264,.F.);
#2930 = PLANE('',#2931);
#2931 = AXIS2_PLACEMENT_3D('',#2932,#2933,#2934);
#2932 = CARTESIAN_POINT('',(1.016,-13.97,0.));
#2933 = DIRECTION('',(-0.707106781187,0.707106781187,0.));
#2934 = DIRECTION('',(0.707106781187,0.707106781187,0.));
#2935 = ADVANCED_FACE('',(#2936),#2947,.F.);
#2936 = FACE_BOUND('',#2937,.F.);
#2937 = EDGE_LOOP('',(#2938,#2939,#2940,#2946));
#2938 = ORIENTED_EDGE('',*,*,#2907,.T.);
#2939 = ORIENTED_EDGE('',*,*,#1825,.T.);
#2940 = ORIENTED_EDGE('',*,*,#2941,.F.);
#2941 = EDGE_CURVE('',#1169,#1826,#2942,.T.);
#2942 = LINE('',#2943,#2944);
#2943 = CARTESIAN_POINT('',(-1.27,-16.256,0.));
#2944 = VECTOR('',#2945,1.);
#2945 = DIRECTION('',(0.,0.,1.));
#2946 = ORIENTED_EDGE('',*,*,#1168,.F.);
#2947 = PLANE('',#2948);
#2948 = AXIS2_PLACEMENT_3D('',#2949,#2950,#2951);
#2949 = CARTESIAN_POINT('',(-1.27,-14.224,0.));
#2950 = DIRECTION('',(1.,0.,0.));
#2951 = DIRECTION('',(0.,-1.,0.));
#2952 = ADVANCED_FACE('',(#2953),#2964,.F.);
#2953 = FACE_BOUND('',#2954,.F.);
#2954 = EDGE_LOOP('',(#2955,#2961,#2962,#2963));
#2955 = ORIENTED_EDGE('',*,*,#2956,.T.);
#2956 = EDGE_CURVE('',#1249,#1906,#2957,.T.);
#2957 = LINE('',#2958,#2959);
#2958 = CARTESIAN_POINT('',(1.27,-14.224,0.));
#2959 = VECTOR('',#2960,1.);
#2960 = DIRECTION('',(0.,0.,1.));
#2961 = ORIENTED_EDGE('',*,*,#1913,.T.);
#2962 = ORIENTED_EDGE('',*,*,#2922,.F.);
#2963 = ORIENTED_EDGE('',*,*,#1256,.F.);
#2964 = PLANE('',#2965);
#2965 = AXIS2_PLACEMENT_3D('',#2966,#2967,#2968);
#2966 = CARTESIAN_POINT('',(1.27,-14.224,0.));
#2967 = DIRECTION('',(-0.707106781187,-0.707106781187,0.));
#2968 = DIRECTION('',(-0.707106781187,0.707106781187,0.));
#2969 = ADVANCED_FACE('',(#2970),#2981,.F.);
#2970 = FACE_BOUND('',#2971,.F.);
#2971 = EDGE_LOOP('',(#2972,#2973,#2974,#2980));
#2972 = ORIENTED_EDGE('',*,*,#2941,.T.);
#2973 = ORIENTED_EDGE('',*,*,#1833,.T.);
#2974 = ORIENTED_EDGE('',*,*,#2975,.F.);
#2975 = EDGE_CURVE('',#1177,#1834,#2976,.T.);
#2976 = LINE('',#2977,#2978);
#2977 = CARTESIAN_POINT('',(-1.016,-16.51,0.));
#2978 = VECTOR('',#2979,1.);
#2979 = DIRECTION('',(0.,0.,1.));
#2980 = ORIENTED_EDGE('',*,*,#1176,.F.);
#2981 = PLANE('',#2982);
#2982 = AXIS2_PLACEMENT_3D('',#2983,#2984,#2985);
#2983 = CARTESIAN_POINT('',(-1.27,-16.256,0.));
#2984 = DIRECTION('',(0.707106781187,0.707106781187,0.));
#2985 = DIRECTION('',(0.707106781187,-0.707106781187,0.));
#2986 = ADVANCED_FACE('',(#2987),#2998,.F.);
#2987 = FACE_BOUND('',#2988,.F.);
#2988 = EDGE_LOOP('',(#2989,#2995,#2996,#2997));
#2989 = ORIENTED_EDGE('',*,*,#2990,.T.);
#2990 = EDGE_CURVE('',#1241,#1898,#2991,.T.);
#2991 = LINE('',#2992,#2993);
#2992 = CARTESIAN_POINT('',(1.27,-16.256,0.));
#2993 = VECTOR('',#2994,1.);
#2994 = DIRECTION('',(0.,0.,1.));
#2995 = ORIENTED_EDGE('',*,*,#1905,.T.);
#2996 = ORIENTED_EDGE('',*,*,#2956,.F.);
#2997 = ORIENTED_EDGE('',*,*,#1248,.F.);
#2998 = PLANE('',#2999);
#2999 = AXIS2_PLACEMENT_3D('',#3000,#3001,#3002);
#3000 = CARTESIAN_POINT('',(1.27,-16.256,0.));
#3001 = DIRECTION('',(-1.,0.,0.));
#3002 = DIRECTION('',(0.,1.,0.));
#3003 = ADVANCED_FACE('',(#3004),#3015,.F.);
#3004 = FACE_BOUND('',#3005,.F.);
#3005 = EDGE_LOOP('',(#3006,#3007,#3008,#3014));
#3006 = ORIENTED_EDGE('',*,*,#2975,.T.);
#3007 = ORIENTED_EDGE('',*,*,#1841,.T.);
#3008 = ORIENTED_EDGE('',*,*,#3009,.F.);
#3009 = EDGE_CURVE('',#1185,#1842,#3010,.T.);
#3010 = LINE('',#3011,#3012);
#3011 = CARTESIAN_POINT('',(-1.27,-16.764,0.));
#3012 = VECTOR('',#3013,1.);
#3013 = DIRECTION('',(0.,0.,1.));
#3014 = ORIENTED_EDGE('',*,*,#1184,.F.);
#3015 = PLANE('',#3016);
#3016 = AXIS2_PLACEMENT_3D('',#3017,#3018,#3019);
#3017 = CARTESIAN_POINT('',(-1.016,-16.51,0.));
#3018 = DIRECTION('',(0.707106781187,-0.707106781187,0.));
#3019 = DIRECTION('',(-0.707106781187,-0.707106781187,0.));
#3020 = ADVANCED_FACE('',(#3021),#3032,.F.);
#3021 = FACE_BOUND('',#3022,.F.);
#3022 = EDGE_LOOP('',(#3023,#3029,#3030,#3031));
#3023 = ORIENTED_EDGE('',*,*,#3024,.T.);
#3024 = EDGE_CURVE('',#1233,#1890,#3025,.T.);
#3025 = LINE('',#3026,#3027);
#3026 = CARTESIAN_POINT('',(1.016,-16.51,0.));
#3027 = VECTOR('',#3028,1.);
#3028 = DIRECTION('',(0.,0.,1.));
#3029 = ORIENTED_EDGE('',*,*,#1897,.T.);
#3030 = ORIENTED_EDGE('',*,*,#2990,.F.);
#3031 = ORIENTED_EDGE('',*,*,#1240,.F.);
#3032 = PLANE('',#3033);
#3033 = AXIS2_PLACEMENT_3D('',#3034,#3035,#3036);
#3034 = CARTESIAN_POINT('',(1.016,-16.51,0.));
#3035 = DIRECTION('',(-0.707106781187,0.707106781187,0.));
#3036 = DIRECTION('',(0.707106781187,0.707106781187,0.));
#3037 = ADVANCED_FACE('',(#3038),#3049,.F.);
#3038 = FACE_BOUND('',#3039,.F.);
#3039 = EDGE_LOOP('',(#3040,#3041,#3042,#3048));
#3040 = ORIENTED_EDGE('',*,*,#3009,.T.);
#3041 = ORIENTED_EDGE('',*,*,#1849,.T.);
#3042 = ORIENTED_EDGE('',*,*,#3043,.F.);
#3043 = EDGE_CURVE('',#1193,#1850,#3044,.T.);
#3044 = LINE('',#3045,#3046);
#3045 = CARTESIAN_POINT('',(-1.27,-18.796,0.));
#3046 = VECTOR('',#3047,1.);
#3047 = DIRECTION('',(0.,0.,1.));
#3048 = ORIENTED_EDGE('',*,*,#1192,.F.);
#3049 = PLANE('',#3050);
#3050 = AXIS2_PLACEMENT_3D('',#3051,#3052,#3053);
#3051 = CARTESIAN_POINT('',(-1.27,-16.764,0.));
#3052 = DIRECTION('',(1.,0.,0.));
#3053 = DIRECTION('',(0.,-1.,0.));
#3054 = ADVANCED_FACE('',(#3055),#3066,.F.);
#3055 = FACE_BOUND('',#3056,.F.);
#3056 = EDGE_LOOP('',(#3057,#3063,#3064,#3065));
#3057 = ORIENTED_EDGE('',*,*,#3058,.T.);
#3058 = EDGE_CURVE('',#1225,#1882,#3059,.T.);
#3059 = LINE('',#3060,#3061);
#3060 = CARTESIAN_POINT('',(1.27,-16.764,0.));
#3061 = VECTOR('',#3062,1.);
#3062 = DIRECTION('',(0.,0.,1.));
#3063 = ORIENTED_EDGE('',*,*,#1889,.T.);
#3064 = ORIENTED_EDGE('',*,*,#3024,.F.);
#3065 = ORIENTED_EDGE('',*,*,#1232,.F.);
#3066 = PLANE('',#3067);
#3067 = AXIS2_PLACEMENT_3D('',#3068,#3069,#3070);
#3068 = CARTESIAN_POINT('',(1.27,-16.764,0.));
#3069 = DIRECTION('',(-0.707106781187,-0.707106781187,0.));
#3070 = DIRECTION('',(-0.707106781187,0.707106781187,0.));
#3071 = ADVANCED_FACE('',(#3072),#3083,.F.);
#3072 = FACE_BOUND('',#3073,.F.);
#3073 = EDGE_LOOP('',(#3074,#3075,#3076,#3082));
#3074 = ORIENTED_EDGE('',*,*,#3043,.T.);
#3075 = ORIENTED_EDGE('',*,*,#1857,.T.);
#3076 = ORIENTED_EDGE('',*,*,#3077,.F.);
#3077 = EDGE_CURVE('',#1201,#1858,#3078,.T.);
#3078 = LINE('',#3079,#3080);
#3079 = CARTESIAN_POINT('',(-1.016,-19.05,0.));
#3080 = VECTOR('',#3081,1.);
#3081 = DIRECTION('',(0.,0.,1.));
#3082 = ORIENTED_EDGE('',*,*,#1200,.F.);
#3083 = PLANE('',#3084);
#3084 = AXIS2_PLACEMENT_3D('',#3085,#3086,#3087);
#3085 = CARTESIAN_POINT('',(-1.27,-18.796,0.));
#3086 = DIRECTION('',(0.707106781187,0.707106781187,0.));
#3087 = DIRECTION('',(0.707106781187,-0.707106781187,0.));
#3088 = ADVANCED_FACE('',(#3089),#3100,.F.);
#3089 = FACE_BOUND('',#3090,.F.);
#3090 = EDGE_LOOP('',(#3091,#3097,#3098,#3099));
#3091 = ORIENTED_EDGE('',*,*,#3092,.T.);
#3092 = EDGE_CURVE('',#1217,#1874,#3093,.T.);
#3093 = LINE('',#3094,#3095);
#3094 = CARTESIAN_POINT('',(1.27,-18.796,0.));
#3095 = VECTOR('',#3096,1.);
#3096 = DIRECTION('',(0.,0.,1.));
#3097 = ORIENTED_EDGE('',*,*,#1881,.T.);
#3098 = ORIENTED_EDGE('',*,*,#3058,.F.);
#3099 = ORIENTED_EDGE('',*,*,#1224,.F.);
#3100 = PLANE('',#3101);
#3101 = AXIS2_PLACEMENT_3D('',#3102,#3103,#3104);
#3102 = CARTESIAN_POINT('',(1.27,-18.796,0.));
#3103 = DIRECTION('',(-1.,0.,0.));
#3104 = DIRECTION('',(0.,1.,0.));
#3105 = ADVANCED_FACE('',(#3106),#3117,.F.);
#3106 = FACE_BOUND('',#3107,.F.);
#3107 = EDGE_LOOP('',(#3108,#3109,#3110,#3116));
#3108 = ORIENTED_EDGE('',*,*,#3077,.T.);
#3109 = ORIENTED_EDGE('',*,*,#1865,.T.);
#3110 = ORIENTED_EDGE('',*,*,#3111,.F.);
#3111 = EDGE_CURVE('',#1209,#1866,#3112,.T.);
#3112 = LINE('',#3113,#3114);
#3113 = CARTESIAN_POINT('',(1.016,-19.05,0.));
#3114 = VECTOR('',#3115,1.);
#3115 = DIRECTION('',(0.,0.,1.));
#3116 = ORIENTED_EDGE('',*,*,#1208,.F.);
#3117 = PLANE('',#3118);
#3118 = AXIS2_PLACEMENT_3D('',#3119,#3120,#3121);
#3119 = CARTESIAN_POINT('',(-1.016,-19.05,0.));
#3120 = DIRECTION('',(0.,1.,0.));
#3121 = DIRECTION('',(1.,0.,0.));
#3122 = ADVANCED_FACE('',(#3123),#3129,.F.);
#3123 = FACE_BOUND('',#3124,.F.);
#3124 = EDGE_LOOP('',(#3125,#3126,#3127,#3128));
#3125 = ORIENTED_EDGE('',*,*,#3111,.T.);
#3126 = ORIENTED_EDGE('',*,*,#1873,.T.);
#3127 = ORIENTED_EDGE('',*,*,#3092,.F.);
#3128 = ORIENTED_EDGE('',*,*,#1216,.F.);
#3129 = PLANE('',#3130);
#3130 = AXIS2_PLACEMENT_3D('',#3131,#3132,#3133);
#3131 = CARTESIAN_POINT('',(1.016,-19.05,0.));
#3132 = DIRECTION('',(-0.707106781187,0.707106781187,0.));
#3133 = DIRECTION('',(0.707106781187,0.707106781187,0.));
#3134 = ADVANCED_FACE('',(#3135),#3160,.F.);
#3135 = FACE_BOUND('',#3136,.F.);
#3136 = EDGE_LOOP('',(#3137,#3145,#3153,#3159));
#3137 = ORIENTED_EDGE('',*,*,#3138,.F.);
#3138 = EDGE_CURVE('',#3139,#1410,#3141,.T.);
#3139 = VERTEX_POINT('',#3140);
#3140 = CARTESIAN_POINT('',(0.32,-18.1,-2.84));
#3141 = LINE('',#3142,#3143);
#3142 = CARTESIAN_POINT('',(0.32,-18.1,-3.));
#3143 = VECTOR('',#3144,1.);
#3144 = DIRECTION('',(0.,0.,1.));
#3145 = ORIENTED_EDGE('',*,*,#3146,.F.);
#3146 = EDGE_CURVE('',#3147,#3139,#3149,.T.);
#3147 = VERTEX_POINT('',#3148);
#3148 = CARTESIAN_POINT('',(-0.32,-18.1,-2.84));
#3149 = LINE('',#3150,#3151);
#3150 = CARTESIAN_POINT('',(-0.32,-18.1,-2.84));
#3151 = VECTOR('',#3152,1.);
#3152 = DIRECTION('',(1.,0.,0.));
#3153 = ORIENTED_EDGE('',*,*,#3154,.T.);
#3154 = EDGE_CURVE('',#3147,#1412,#3155,.T.);
#3155 = LINE('',#3156,#3157);
#3156 = CARTESIAN_POINT('',(-0.32,-18.1,-3.));
#3157 = VECTOR('',#3158,1.);
#3158 = DIRECTION('',(0.,0.,1.));
#3159 = ORIENTED_EDGE('',*,*,#1409,.F.);
#3160 = PLANE('',#3161);
#3161 = AXIS2_PLACEMENT_3D('',#3162,#3163,#3164);
#3162 = CARTESIAN_POINT('',(-0.32,-18.1,-3.));
#3163 = DIRECTION('',(0.,1.,0.));
#3164 = DIRECTION('',(0.,-0.,1.));
#3165 = ADVANCED_FACE('',(#3166),#3184,.T.);
#3166 = FACE_BOUND('',#3167,.T.);
#3167 = EDGE_LOOP('',(#3168,#3169,#3177,#3183));
#3168 = ORIENTED_EDGE('',*,*,#3138,.F.);
#3169 = ORIENTED_EDGE('',*,*,#3170,.T.);
#3170 = EDGE_CURVE('',#3139,#3171,#3173,.T.);
#3171 = VERTEX_POINT('',#3172);
#3172 = CARTESIAN_POINT('',(0.32,-17.46,-2.84));
#3173 = LINE('',#3174,#3175);
#3174 = CARTESIAN_POINT('',(0.32,-18.1,-2.84));
#3175 = VECTOR('',#3176,1.);
#3176 = DIRECTION('',(0.,1.,0.));
#3177 = ORIENTED_EDGE('',*,*,#3178,.T.);
#3178 = EDGE_CURVE('',#3171,#1428,#3179,.T.);
#3179 = LINE('',#3180,#3181);
#3180 = CARTESIAN_POINT('',(0.32,-17.46,-3.));
#3181 = VECTOR('',#3182,1.);
#3182 = DIRECTION('',(0.,0.,1.));
#3183 = ORIENTED_EDGE('',*,*,#1435,.F.);
#3184 = PLANE('',#3185);
#3185 = AXIS2_PLACEMENT_3D('',#3186,#3187,#3188);
#3186 = CARTESIAN_POINT('',(0.32,-18.1,-3.));
#3187 = DIRECTION('',(1.,0.,0.));
#3188 = DIRECTION('',(0.,0.,1.));
#3189 = ADVANCED_FACE('',(#3190),#3208,.T.);
#3190 = FACE_BOUND('',#3191,.T.);
#3191 = EDGE_LOOP('',(#3192,#3193,#3201,#3207));
#3192 = ORIENTED_EDGE('',*,*,#3178,.F.);
#3193 = ORIENTED_EDGE('',*,*,#3194,.F.);
#3194 = EDGE_CURVE('',#3195,#3171,#3197,.T.);
#3195 = VERTEX_POINT('',#3196);
#3196 = CARTESIAN_POINT('',(-0.32,-17.46,-2.84));
#3197 = LINE('',#3198,#3199);
#3198 = CARTESIAN_POINT('',(-0.32,-17.46,-2.84));
#3199 = VECTOR('',#3200,1.);
#3200 = DIRECTION('',(1.,0.,0.));
#3201 = ORIENTED_EDGE('',*,*,#3202,.T.);
#3202 = EDGE_CURVE('',#3195,#1420,#3203,.T.);
#3203 = LINE('',#3204,#3205);
#3204 = CARTESIAN_POINT('',(-0.32,-17.46,-3.));
#3205 = VECTOR('',#3206,1.);
#3206 = DIRECTION('',(0.,0.,1.));
#3207 = ORIENTED_EDGE('',*,*,#1427,.F.);
#3208 = PLANE('',#3209);
#3209 = AXIS2_PLACEMENT_3D('',#3210,#3211,#3212);
#3210 = CARTESIAN_POINT('',(-0.32,-17.46,-3.));
#3211 = DIRECTION('',(0.,1.,0.));
#3212 = DIRECTION('',(0.,-0.,1.));
#3213 = ADVANCED_FACE('',(#3214),#3225,.F.);
#3214 = FACE_BOUND('',#3215,.F.);
#3215 = EDGE_LOOP('',(#3216,#3217,#3223,#3224));
#3216 = ORIENTED_EDGE('',*,*,#3154,.F.);
#3217 = ORIENTED_EDGE('',*,*,#3218,.T.);
#3218 = EDGE_CURVE('',#3147,#3195,#3219,.T.);
#3219 = LINE('',#3220,#3221);
#3220 = CARTESIAN_POINT('',(-0.32,-18.1,-2.84));
#3221 = VECTOR('',#3222,1.);
#3222 = DIRECTION('',(0.,1.,0.));
#3223 = ORIENTED_EDGE('',*,*,#3202,.T.);
#3224 = ORIENTED_EDGE('',*,*,#1419,.F.);
#3225 = PLANE('',#3226);
#3226 = AXIS2_PLACEMENT_3D('',#3227,#3228,#3229);
#3227 = CARTESIAN_POINT('',(-0.32,-18.1,-3.));
#3228 = DIRECTION('',(1.,0.,0.));
#3229 = DIRECTION('',(0.,0.,1.));
#3230 = ADVANCED_FACE('',(#3231),#3256,.T.);
#3231 = FACE_BOUND('',#3232,.T.);
#3232 = EDGE_LOOP('',(#3233,#3241,#3249,#3255));
#3233 = ORIENTED_EDGE('',*,*,#3234,.F.);
#3234 = EDGE_CURVE('',#3235,#1444,#3237,.T.);
#3235 = VERTEX_POINT('',#3236);
#3236 = CARTESIAN_POINT('',(0.32,-14.92,-2.84));
#3237 = LINE('',#3238,#3239);
#3238 = CARTESIAN_POINT('',(0.32,-14.92,-3.));
#3239 = VECTOR('',#3240,1.);
#3240 = DIRECTION('',(0.,0.,1.));
#3241 = ORIENTED_EDGE('',*,*,#3242,.F.);
#3242 = EDGE_CURVE('',#3243,#3235,#3245,.T.);
#3243 = VERTEX_POINT('',#3244);
#3244 = CARTESIAN_POINT('',(-0.32,-14.92,-2.84));
#3245 = LINE('',#3246,#3247);
#3246 = CARTESIAN_POINT('',(-0.32,-14.92,-2.84));
#3247 = VECTOR('',#3248,1.);
#3248 = DIRECTION('',(1.,0.,0.));
#3249 = ORIENTED_EDGE('',*,*,#3250,.T.);
#3250 = EDGE_CURVE('',#3243,#1446,#3251,.T.);
#3251 = LINE('',#3252,#3253);
#3252 = CARTESIAN_POINT('',(-0.32,-14.92,-3.));
#3253 = VECTOR('',#3254,1.);
#3254 = DIRECTION('',(0.,0.,1.));
#3255 = ORIENTED_EDGE('',*,*,#1443,.F.);
#3256 = PLANE('',#3257);
#3257 = AXIS2_PLACEMENT_3D('',#3258,#3259,#3260);
#3258 = CARTESIAN_POINT('',(-0.32,-14.92,-3.));
#3259 = DIRECTION('',(0.,1.,0.));
#3260 = DIRECTION('',(0.,-0.,1.));
#3261 = ADVANCED_FACE('',(#3262),#3280,.F.);
#3262 = FACE_BOUND('',#3263,.F.);
#3263 = EDGE_LOOP('',(#3264,#3272,#3278,#3279));
#3264 = ORIENTED_EDGE('',*,*,#3265,.F.);
#3265 = EDGE_CURVE('',#3266,#1462,#3268,.T.);
#3266 = VERTEX_POINT('',#3267);
#3267 = CARTESIAN_POINT('',(-0.32,-15.56,-2.84));
#3268 = LINE('',#3269,#3270);
#3269 = CARTESIAN_POINT('',(-0.32,-15.56,-3.));
#3270 = VECTOR('',#3271,1.);
#3271 = DIRECTION('',(0.,0.,1.));
#3272 = ORIENTED_EDGE('',*,*,#3273,.T.);
#3273 = EDGE_CURVE('',#3266,#3243,#3274,.T.);
#3274 = LINE('',#3275,#3276);
#3275 = CARTESIAN_POINT('',(-0.32,-15.56,-2.84));
#3276 = VECTOR('',#3277,1.);
#3277 = DIRECTION('',(0.,1.,0.));
#3278 = ORIENTED_EDGE('',*,*,#3250,.T.);
#3279 = ORIENTED_EDGE('',*,*,#1469,.F.);
#3280 = PLANE('',#3281);
#3281 = AXIS2_PLACEMENT_3D('',#3282,#3283,#3284);
#3282 = CARTESIAN_POINT('',(-0.32,-15.56,-3.));
#3283 = DIRECTION('',(1.,0.,0.));
#3284 = DIRECTION('',(0.,0.,1.));
#3285 = ADVANCED_FACE('',(#3286),#3304,.F.);
#3286 = FACE_BOUND('',#3287,.F.);
#3287 = EDGE_LOOP('',(#3288,#3296,#3302,#3303));
#3288 = ORIENTED_EDGE('',*,*,#3289,.F.);
#3289 = EDGE_CURVE('',#3290,#1454,#3292,.T.);
#3290 = VERTEX_POINT('',#3291);
#3291 = CARTESIAN_POINT('',(0.32,-15.56,-2.84));
#3292 = LINE('',#3293,#3294);
#3293 = CARTESIAN_POINT('',(0.32,-15.56,-3.));
#3294 = VECTOR('',#3295,1.);
#3295 = DIRECTION('',(0.,0.,1.));
#3296 = ORIENTED_EDGE('',*,*,#3297,.F.);
#3297 = EDGE_CURVE('',#3266,#3290,#3298,.T.);
#3298 = LINE('',#3299,#3300);
#3299 = CARTESIAN_POINT('',(-0.32,-15.56,-2.84));
#3300 = VECTOR('',#3301,1.);
#3301 = DIRECTION('',(1.,0.,0.));
#3302 = ORIENTED_EDGE('',*,*,#3265,.T.);
#3303 = ORIENTED_EDGE('',*,*,#1461,.F.);
#3304 = PLANE('',#3305);
#3305 = AXIS2_PLACEMENT_3D('',#3306,#3307,#3308);
#3306 = CARTESIAN_POINT('',(-0.32,-15.56,-3.));
#3307 = DIRECTION('',(0.,1.,0.));
#3308 = DIRECTION('',(0.,-0.,1.));
#3309 = ADVANCED_FACE('',(#3310),#3321,.T.);
#3310 = FACE_BOUND('',#3311,.T.);
#3311 = EDGE_LOOP('',(#3312,#3313,#3319,#3320));
#3312 = ORIENTED_EDGE('',*,*,#3289,.F.);
#3313 = ORIENTED_EDGE('',*,*,#3314,.T.);
#3314 = EDGE_CURVE('',#3290,#3235,#3315,.T.);
#3315 = LINE('',#3316,#3317);
#3316 = CARTESIAN_POINT('',(0.32,-15.56,-2.84));
#3317 = VECTOR('',#3318,1.);
#3318 = DIRECTION('',(0.,1.,0.));
#3319 = ORIENTED_EDGE('',*,*,#3234,.T.);
#3320 = ORIENTED_EDGE('',*,*,#1453,.F.);
#3321 = PLANE('',#3322);
#3322 = AXIS2_PLACEMENT_3D('',#3323,#3324,#3325);
#3323 = CARTESIAN_POINT('',(0.32,-15.56,-3.));
#3324 = DIRECTION('',(1.,0.,0.));
#3325 = DIRECTION('',(0.,0.,1.));
#3326 = ADVANCED_FACE('',(#3327),#3352,.T.);
#3327 = FACE_BOUND('',#3328,.T.);
#3328 = EDGE_LOOP('',(#3329,#3337,#3345,#3351));
#3329 = ORIENTED_EDGE('',*,*,#3330,.F.);
#3330 = EDGE_CURVE('',#3331,#1478,#3333,.T.);
#3331 = VERTEX_POINT('',#3332);
#3332 = CARTESIAN_POINT('',(0.32,-7.94,-2.84));
#3333 = LINE('',#3334,#3335);
#3334 = CARTESIAN_POINT('',(0.32,-7.94,-3.));
#3335 = VECTOR('',#3336,1.);
#3336 = DIRECTION('',(0.,0.,1.));
#3337 = ORIENTED_EDGE('',*,*,#3338,.T.);
#3338 = EDGE_CURVE('',#3331,#3339,#3341,.T.);
#3339 = VERTEX_POINT('',#3340);
#3340 = CARTESIAN_POINT('',(0.32,-7.3,-2.84));
#3341 = LINE('',#3342,#3343);
#3342 = CARTESIAN_POINT('',(0.32,-7.94,-2.84));
#3343 = VECTOR('',#3344,1.);
#3344 = DIRECTION('',(0.,1.,0.));
#3345 = ORIENTED_EDGE('',*,*,#3346,.T.);
#3346 = EDGE_CURVE('',#3339,#1480,#3347,.T.);
#3347 = LINE('',#3348,#3349);
#3348 = CARTESIAN_POINT('',(0.32,-7.3,-3.));
#3349 = VECTOR('',#3350,1.);
#3350 = DIRECTION('',(0.,0.,1.));
#3351 = ORIENTED_EDGE('',*,*,#1477,.F.);
#3352 = PLANE('',#3353);
#3353 = AXIS2_PLACEMENT_3D('',#3354,#3355,#3356);
#3354 = CARTESIAN_POINT('',(0.32,-7.94,-3.));
#3355 = DIRECTION('',(1.,0.,0.));
#3356 = DIRECTION('',(0.,0.,1.));
#3357 = ADVANCED_FACE('',(#3358),#3376,.T.);
#3358 = FACE_BOUND('',#3359,.T.);
#3359 = EDGE_LOOP('',(#3360,#3361,#3369,#3375));
#3360 = ORIENTED_EDGE('',*,*,#3346,.F.);
#3361 = ORIENTED_EDGE('',*,*,#3362,.F.);
#3362 = EDGE_CURVE('',#3363,#3339,#3365,.T.);
#3363 = VERTEX_POINT('',#3364);
#3364 = CARTESIAN_POINT('',(-0.32,-7.3,-2.84));
#3365 = LINE('',#3366,#3367);
#3366 = CARTESIAN_POINT('',(-0.32,-7.3,-2.84));
#3367 = VECTOR('',#3368,1.);
#3368 = DIRECTION('',(1.,0.,0.));
#3369 = ORIENTED_EDGE('',*,*,#3370,.T.);
#3370 = EDGE_CURVE('',#3363,#1496,#3371,.T.);
#3371 = LINE('',#3372,#3373);
#3372 = CARTESIAN_POINT('',(-0.32,-7.3,-3.));
#3373 = VECTOR('',#3374,1.);
#3374 = DIRECTION('',(0.,0.,1.));
#3375 = ORIENTED_EDGE('',*,*,#1503,.F.);
#3376 = PLANE('',#3377);
#3377 = AXIS2_PLACEMENT_3D('',#3378,#3379,#3380);
#3378 = CARTESIAN_POINT('',(-0.32,-7.3,-3.));
#3379 = DIRECTION('',(0.,1.,0.));
#3380 = DIRECTION('',(0.,-0.,1.));
#3381 = ADVANCED_FACE('',(#3382),#3400,.F.);
#3382 = FACE_BOUND('',#3383,.F.);
#3383 = EDGE_LOOP('',(#3384,#3392,#3398,#3399));
#3384 = ORIENTED_EDGE('',*,*,#3385,.F.);
#3385 = EDGE_CURVE('',#3386,#1488,#3388,.T.);
#3386 = VERTEX_POINT('',#3387);
#3387 = CARTESIAN_POINT('',(-0.32,-7.94,-2.84));
#3388 = LINE('',#3389,#3390);
#3389 = CARTESIAN_POINT('',(-0.32,-7.94,-3.));
#3390 = VECTOR('',#3391,1.);
#3391 = DIRECTION('',(0.,0.,1.));
#3392 = ORIENTED_EDGE('',*,*,#3393,.T.);
#3393 = EDGE_CURVE('',#3386,#3363,#3394,.T.);
#3394 = LINE('',#3395,#3396);
#3395 = CARTESIAN_POINT('',(-0.32,-7.94,-2.84));
#3396 = VECTOR('',#3397,1.);
#3397 = DIRECTION('',(0.,1.,0.));
#3398 = ORIENTED_EDGE('',*,*,#3370,.T.);
#3399 = ORIENTED_EDGE('',*,*,#1495,.F.);
#3400 = PLANE('',#3401);
#3401 = AXIS2_PLACEMENT_3D('',#3402,#3403,#3404);
#3402 = CARTESIAN_POINT('',(-0.32,-7.94,-3.));
#3403 = DIRECTION('',(1.,0.,0.));
#3404 = DIRECTION('',(0.,0.,1.));
#3405 = ADVANCED_FACE('',(#3406),#3417,.F.);
#3406 = FACE_BOUND('',#3407,.F.);
#3407 = EDGE_LOOP('',(#3408,#3409,#3415,#3416));
#3408 = ORIENTED_EDGE('',*,*,#3330,.F.);
#3409 = ORIENTED_EDGE('',*,*,#3410,.F.);
#3410 = EDGE_CURVE('',#3386,#3331,#3411,.T.);
#3411 = LINE('',#3412,#3413);
#3412 = CARTESIAN_POINT('',(-0.32,-7.94,-2.84));
#3413 = VECTOR('',#3414,1.);
#3414 = DIRECTION('',(1.,0.,0.));
#3415 = ORIENTED_EDGE('',*,*,#3385,.T.);
#3416 = ORIENTED_EDGE('',*,*,#1487,.F.);
#3417 = PLANE('',#3418);
#3418 = AXIS2_PLACEMENT_3D('',#3419,#3420,#3421);
#3419 = CARTESIAN_POINT('',(-0.32,-7.94,-3.));
#3420 = DIRECTION('',(0.,1.,0.));
#3421 = DIRECTION('',(0.,-0.,1.));
#3422 = ADVANCED_FACE('',(#3423),#3448,.T.);
#3423 = FACE_BOUND('',#3424,.T.);
#3424 = EDGE_LOOP('',(#3425,#3433,#3441,#3447));
#3425 = ORIENTED_EDGE('',*,*,#3426,.F.);
#3426 = EDGE_CURVE('',#3427,#1512,#3429,.T.);
#3427 = VERTEX_POINT('',#3428);
#3428 = CARTESIAN_POINT('',(0.32,-12.38,-2.84));
#3429 = LINE('',#3430,#3431);
#3430 = CARTESIAN_POINT('',(0.32,-12.38,-3.));
#3431 = VECTOR('',#3432,1.);
#3432 = DIRECTION('',(0.,0.,1.));
#3433 = ORIENTED_EDGE('',*,*,#3434,.F.);
#3434 = EDGE_CURVE('',#3435,#3427,#3437,.T.);
#3435 = VERTEX_POINT('',#3436);
#3436 = CARTESIAN_POINT('',(-0.32,-12.38,-2.84));
#3437 = LINE('',#3438,#3439);
#3438 = CARTESIAN_POINT('',(-0.32,-12.38,-2.84));
#3439 = VECTOR('',#3440,1.);
#3440 = DIRECTION('',(1.,0.,0.));
#3441 = ORIENTED_EDGE('',*,*,#3442,.T.);
#3442 = EDGE_CURVE('',#3435,#1514,#3443,.T.);
#3443 = LINE('',#3444,#3445);
#3444 = CARTESIAN_POINT('',(-0.32,-12.38,-3.));
#3445 = VECTOR('',#3446,1.);
#3446 = DIRECTION('',(0.,0.,1.));
#3447 = ORIENTED_EDGE('',*,*,#1511,.F.);
#3448 = PLANE('',#3449);
#3449 = AXIS2_PLACEMENT_3D('',#3450,#3451,#3452);
#3450 = CARTESIAN_POINT('',(-0.32,-12.38,-3.));
#3451 = DIRECTION('',(0.,1.,0.));
#3452 = DIRECTION('',(0.,-0.,1.));
#3453 = ADVANCED_FACE('',(#3454),#3472,.F.);
#3454 = FACE_BOUND('',#3455,.F.);
#3455 = EDGE_LOOP('',(#3456,#3464,#3470,#3471));
#3456 = ORIENTED_EDGE('',*,*,#3457,.F.);
#3457 = EDGE_CURVE('',#3458,#1530,#3460,.T.);
#3458 = VERTEX_POINT('',#3459);
#3459 = CARTESIAN_POINT('',(-0.32,-13.02,-2.84));
#3460 = LINE('',#3461,#3462);
#3461 = CARTESIAN_POINT('',(-0.32,-13.02,-3.));
#3462 = VECTOR('',#3463,1.);
#3463 = DIRECTION('',(0.,0.,1.));
#3464 = ORIENTED_EDGE('',*,*,#3465,.T.);
#3465 = EDGE_CURVE('',#3458,#3435,#3466,.T.);
#3466 = LINE('',#3467,#3468);
#3467 = CARTESIAN_POINT('',(-0.32,-13.02,-2.84));
#3468 = VECTOR('',#3469,1.);
#3469 = DIRECTION('',(0.,1.,0.));
#3470 = ORIENTED_EDGE('',*,*,#3442,.T.);
#3471 = ORIENTED_EDGE('',*,*,#1537,.F.);
#3472 = PLANE('',#3473);
#3473 = AXIS2_PLACEMENT_3D('',#3474,#3475,#3476);
#3474 = CARTESIAN_POINT('',(-0.32,-13.02,-3.));
#3475 = DIRECTION('',(1.,0.,0.));
#3476 = DIRECTION('',(0.,0.,1.));
#3477 = ADVANCED_FACE('',(#3478),#3496,.F.);
#3478 = FACE_BOUND('',#3479,.F.);
#3479 = EDGE_LOOP('',(#3480,#3488,#3494,#3495));
#3480 = ORIENTED_EDGE('',*,*,#3481,.F.);
#3481 = EDGE_CURVE('',#3482,#1522,#3484,.T.);
#3482 = VERTEX_POINT('',#3483);
#3483 = CARTESIAN_POINT('',(0.32,-13.02,-2.84));
#3484 = LINE('',#3485,#3486);
#3485 = CARTESIAN_POINT('',(0.32,-13.02,-3.));
#3486 = VECTOR('',#3487,1.);
#3487 = DIRECTION('',(0.,0.,1.));
#3488 = ORIENTED_EDGE('',*,*,#3489,.F.);
#3489 = EDGE_CURVE('',#3458,#3482,#3490,.T.);
#3490 = LINE('',#3491,#3492);
#3491 = CARTESIAN_POINT('',(-0.32,-13.02,-2.84));
#3492 = VECTOR('',#3493,1.);
#3493 = DIRECTION('',(1.,0.,0.));
#3494 = ORIENTED_EDGE('',*,*,#3457,.T.);
#3495 = ORIENTED_EDGE('',*,*,#1529,.F.);
#3496 = PLANE('',#3497);
#3497 = AXIS2_PLACEMENT_3D('',#3498,#3499,#3500);
#3498 = CARTESIAN_POINT('',(-0.32,-13.02,-3.));
#3499 = DIRECTION('',(0.,1.,0.));
#3500 = DIRECTION('',(0.,-0.,1.));
#3501 = ADVANCED_FACE('',(#3502),#3513,.T.);
#3502 = FACE_BOUND('',#3503,.T.);
#3503 = EDGE_LOOP('',(#3504,#3505,#3511,#3512));
#3504 = ORIENTED_EDGE('',*,*,#3481,.F.);
#3505 = ORIENTED_EDGE('',*,*,#3506,.T.);
#3506 = EDGE_CURVE('',#3482,#3427,#3507,.T.);
#3507 = LINE('',#3508,#3509);
#3508 = CARTESIAN_POINT('',(0.32,-13.02,-2.84));
#3509 = VECTOR('',#3510,1.);
#3510 = DIRECTION('',(0.,1.,0.));
#3511 = ORIENTED_EDGE('',*,*,#3426,.T.);
#3512 = ORIENTED_EDGE('',*,*,#1521,.F.);
#3513 = PLANE('',#3514);
#3514 = AXIS2_PLACEMENT_3D('',#3515,#3516,#3517);
#3515 = CARTESIAN_POINT('',(0.32,-13.02,-3.));
#3516 = DIRECTION('',(1.,0.,0.));
#3517 = DIRECTION('',(0.,0.,1.));
#3518 = ADVANCED_FACE('',(#3519),#3544,.T.);
#3519 = FACE_BOUND('',#3520,.T.);
#3520 = EDGE_LOOP('',(#3521,#3529,#3537,#3543));
#3521 = ORIENTED_EDGE('',*,*,#3522,.F.);
#3522 = EDGE_CURVE('',#3523,#1546,#3525,.T.);
#3523 = VERTEX_POINT('',#3524);
#3524 = CARTESIAN_POINT('',(0.32,-10.48,-2.84));
#3525 = LINE('',#3526,#3527);
#3526 = CARTESIAN_POINT('',(0.32,-10.48,-3.));
#3527 = VECTOR('',#3528,1.);
#3528 = DIRECTION('',(0.,0.,1.));
#3529 = ORIENTED_EDGE('',*,*,#3530,.T.);
#3530 = EDGE_CURVE('',#3523,#3531,#3533,.T.);
#3531 = VERTEX_POINT('',#3532);
#3532 = CARTESIAN_POINT('',(0.32,-9.84,-2.84));
#3533 = LINE('',#3534,#3535);
#3534 = CARTESIAN_POINT('',(0.32,-10.48,-2.84));
#3535 = VECTOR('',#3536,1.);
#3536 = DIRECTION('',(0.,1.,0.));
#3537 = ORIENTED_EDGE('',*,*,#3538,.T.);
#3538 = EDGE_CURVE('',#3531,#1548,#3539,.T.);
#3539 = LINE('',#3540,#3541);
#3540 = CARTESIAN_POINT('',(0.32,-9.84,-3.));
#3541 = VECTOR('',#3542,1.);
#3542 = DIRECTION('',(0.,0.,1.));
#3543 = ORIENTED_EDGE('',*,*,#1545,.F.);
#3544 = PLANE('',#3545);
#3545 = AXIS2_PLACEMENT_3D('',#3546,#3547,#3548);
#3546 = CARTESIAN_POINT('',(0.32,-10.48,-3.));
#3547 = DIRECTION('',(1.,0.,0.));
#3548 = DIRECTION('',(0.,0.,1.));
#3549 = ADVANCED_FACE('',(#3550),#3568,.T.);
#3550 = FACE_BOUND('',#3551,.T.);
#3551 = EDGE_LOOP('',(#3552,#3553,#3561,#3567));
#3552 = ORIENTED_EDGE('',*,*,#3538,.F.);
#3553 = ORIENTED_EDGE('',*,*,#3554,.F.);
#3554 = EDGE_CURVE('',#3555,#3531,#3557,.T.);
#3555 = VERTEX_POINT('',#3556);
#3556 = CARTESIAN_POINT('',(-0.32,-9.84,-2.84));
#3557 = LINE('',#3558,#3559);
#3558 = CARTESIAN_POINT('',(-0.32,-9.84,-2.84));
#3559 = VECTOR('',#3560,1.);
#3560 = DIRECTION('',(1.,0.,0.));
#3561 = ORIENTED_EDGE('',*,*,#3562,.T.);
#3562 = EDGE_CURVE('',#3555,#1564,#3563,.T.);
#3563 = LINE('',#3564,#3565);
#3564 = CARTESIAN_POINT('',(-0.32,-9.84,-3.));
#3565 = VECTOR('',#3566,1.);
#3566 = DIRECTION('',(0.,0.,1.));
#3567 = ORIENTED_EDGE('',*,*,#1571,.F.);
#3568 = PLANE('',#3569);
#3569 = AXIS2_PLACEMENT_3D('',#3570,#3571,#3572);
#3570 = CARTESIAN_POINT('',(-0.32,-9.84,-3.));
#3571 = DIRECTION('',(0.,1.,0.));
#3572 = DIRECTION('',(0.,-0.,1.));
#3573 = ADVANCED_FACE('',(#3574),#3592,.F.);
#3574 = FACE_BOUND('',#3575,.F.);
#3575 = EDGE_LOOP('',(#3576,#3584,#3590,#3591));
#3576 = ORIENTED_EDGE('',*,*,#3577,.F.);
#3577 = EDGE_CURVE('',#3578,#1556,#3580,.T.);
#3578 = VERTEX_POINT('',#3579);
#3579 = CARTESIAN_POINT('',(-0.32,-10.48,-2.84));
#3580 = LINE('',#3581,#3582);
#3581 = CARTESIAN_POINT('',(-0.32,-10.48,-3.));
#3582 = VECTOR('',#3583,1.);
#3583 = DIRECTION('',(0.,0.,1.));
#3584 = ORIENTED_EDGE('',*,*,#3585,.T.);
#3585 = EDGE_CURVE('',#3578,#3555,#3586,.T.);
#3586 = LINE('',#3587,#3588);
#3587 = CARTESIAN_POINT('',(-0.32,-10.48,-2.84));
#3588 = VECTOR('',#3589,1.);
#3589 = DIRECTION('',(0.,1.,0.));
#3590 = ORIENTED_EDGE('',*,*,#3562,.T.);
#3591 = ORIENTED_EDGE('',*,*,#1563,.F.);
#3592 = PLANE('',#3593);
#3593 = AXIS2_PLACEMENT_3D('',#3594,#3595,#3596);
#3594 = CARTESIAN_POINT('',(-0.32,-10.48,-3.));
#3595 = DIRECTION('',(1.,0.,0.));
#3596 = DIRECTION('',(0.,0.,1.));
#3597 = ADVANCED_FACE('',(#3598),#3609,.F.);
#3598 = FACE_BOUND('',#3599,.F.);
#3599 = EDGE_LOOP('',(#3600,#3601,#3607,#3608));
#3600 = ORIENTED_EDGE('',*,*,#3522,.F.);
#3601 = ORIENTED_EDGE('',*,*,#3602,.F.);
#3602 = EDGE_CURVE('',#3578,#3523,#3603,.T.);
#3603 = LINE('',#3604,#3605);
#3604 = CARTESIAN_POINT('',(-0.32,-10.48,-2.84));
#3605 = VECTOR('',#3606,1.);
#3606 = DIRECTION('',(1.,0.,0.));
#3607 = ORIENTED_EDGE('',*,*,#3577,.T.);
#3608 = ORIENTED_EDGE('',*,*,#1555,.F.);
#3609 = PLANE('',#3610);
#3610 = AXIS2_PLACEMENT_3D('',#3611,#3612,#3613);
#3611 = CARTESIAN_POINT('',(-0.32,-10.48,-3.));
#3612 = DIRECTION('',(0.,1.,0.));
#3613 = DIRECTION('',(0.,-0.,1.));
#3614 = ADVANCED_FACE('',(#3615),#3640,.T.);
#3615 = FACE_BOUND('',#3616,.T.);
#3616 = EDGE_LOOP('',(#3617,#3625,#3633,#3639));
#3617 = ORIENTED_EDGE('',*,*,#3618,.F.);
#3618 = EDGE_CURVE('',#3619,#1580,#3621,.T.);
#3619 = VERTEX_POINT('',#3620);
#3620 = CARTESIAN_POINT('',(0.32,-2.22,-2.84));
#3621 = LINE('',#3622,#3623);
#3622 = CARTESIAN_POINT('',(0.32,-2.22,-3.));
#3623 = VECTOR('',#3624,1.);
#3624 = DIRECTION('',(0.,0.,1.));
#3625 = ORIENTED_EDGE('',*,*,#3626,.F.);
#3626 = EDGE_CURVE('',#3627,#3619,#3629,.T.);
#3627 = VERTEX_POINT('',#3628);
#3628 = CARTESIAN_POINT('',(-0.32,-2.22,-2.84));
#3629 = LINE('',#3630,#3631);
#3630 = CARTESIAN_POINT('',(-0.32,-2.22,-2.84));
#3631 = VECTOR('',#3632,1.);
#3632 = DIRECTION('',(1.,0.,0.));
#3633 = ORIENTED_EDGE('',*,*,#3634,.T.);
#3634 = EDGE_CURVE('',#3627,#1582,#3635,.T.);
#3635 = LINE('',#3636,#3637);
#3636 = CARTESIAN_POINT('',(-0.32,-2.22,-3.));
#3637 = VECTOR('',#3638,1.);
#3638 = DIRECTION('',(0.,0.,1.));
#3639 = ORIENTED_EDGE('',*,*,#1579,.F.);
#3640 = PLANE('',#3641);
#3641 = AXIS2_PLACEMENT_3D('',#3642,#3643,#3644);
#3642 = CARTESIAN_POINT('',(-0.32,-2.22,-3.));
#3643 = DIRECTION('',(0.,1.,0.));
#3644 = DIRECTION('',(0.,-0.,1.));
#3645 = ADVANCED_FACE('',(#3646),#3664,.F.);
#3646 = FACE_BOUND('',#3647,.F.);
#3647 = EDGE_LOOP('',(#3648,#3656,#3662,#3663));
#3648 = ORIENTED_EDGE('',*,*,#3649,.F.);
#3649 = EDGE_CURVE('',#3650,#1598,#3652,.T.);
#3650 = VERTEX_POINT('',#3651);
#3651 = CARTESIAN_POINT('',(-0.32,-2.86,-2.84));
#3652 = LINE('',#3653,#3654);
#3653 = CARTESIAN_POINT('',(-0.32,-2.86,-3.));
#3654 = VECTOR('',#3655,1.);
#3655 = DIRECTION('',(0.,0.,1.));
#3656 = ORIENTED_EDGE('',*,*,#3657,.T.);
#3657 = EDGE_CURVE('',#3650,#3627,#3658,.T.);
#3658 = LINE('',#3659,#3660);
#3659 = CARTESIAN_POINT('',(-0.32,-2.86,-2.84));
#3660 = VECTOR('',#3661,1.);
#3661 = DIRECTION('',(0.,1.,0.));
#3662 = ORIENTED_EDGE('',*,*,#3634,.T.);
#3663 = ORIENTED_EDGE('',*,*,#1605,.F.);
#3664 = PLANE('',#3665);
#3665 = AXIS2_PLACEMENT_3D('',#3666,#3667,#3668);
#3666 = CARTESIAN_POINT('',(-0.32,-2.86,-3.));
#3667 = DIRECTION('',(1.,0.,0.));
#3668 = DIRECTION('',(0.,0.,1.));
#3669 = ADVANCED_FACE('',(#3670),#3688,.F.);
#3670 = FACE_BOUND('',#3671,.F.);
#3671 = EDGE_LOOP('',(#3672,#3680,#3686,#3687));
#3672 = ORIENTED_EDGE('',*,*,#3673,.F.);
#3673 = EDGE_CURVE('',#3674,#1590,#3676,.T.);
#3674 = VERTEX_POINT('',#3675);
#3675 = CARTESIAN_POINT('',(0.32,-2.86,-2.84));
#3676 = LINE('',#3677,#3678);
#3677 = CARTESIAN_POINT('',(0.32,-2.86,-3.));
#3678 = VECTOR('',#3679,1.);
#3679 = DIRECTION('',(0.,0.,1.));
#3680 = ORIENTED_EDGE('',*,*,#3681,.F.);
#3681 = EDGE_CURVE('',#3650,#3674,#3682,.T.);
#3682 = LINE('',#3683,#3684);
#3683 = CARTESIAN_POINT('',(-0.32,-2.86,-2.84));
#3684 = VECTOR('',#3685,1.);
#3685 = DIRECTION('',(1.,0.,0.));
#3686 = ORIENTED_EDGE('',*,*,#3649,.T.);
#3687 = ORIENTED_EDGE('',*,*,#1597,.F.);
#3688 = PLANE('',#3689);
#3689 = AXIS2_PLACEMENT_3D('',#3690,#3691,#3692);
#3690 = CARTESIAN_POINT('',(-0.32,-2.86,-3.));
#3691 = DIRECTION('',(0.,1.,0.));
#3692 = DIRECTION('',(0.,-0.,1.));
#3693 = ADVANCED_FACE('',(#3694),#3705,.T.);
#3694 = FACE_BOUND('',#3695,.T.);
#3695 = EDGE_LOOP('',(#3696,#3697,#3703,#3704));
#3696 = ORIENTED_EDGE('',*,*,#3673,.F.);
#3697 = ORIENTED_EDGE('',*,*,#3698,.T.);
#3698 = EDGE_CURVE('',#3674,#3619,#3699,.T.);
#3699 = LINE('',#3700,#3701);
#3700 = CARTESIAN_POINT('',(0.32,-2.86,-2.84));
#3701 = VECTOR('',#3702,1.);
#3702 = DIRECTION('',(0.,1.,0.));
#3703 = ORIENTED_EDGE('',*,*,#3618,.T.);
#3704 = ORIENTED_EDGE('',*,*,#1589,.F.);
#3705 = PLANE('',#3706);
#3706 = AXIS2_PLACEMENT_3D('',#3707,#3708,#3709);
#3707 = CARTESIAN_POINT('',(0.32,-2.86,-3.));
#3708 = DIRECTION('',(1.,0.,0.));
#3709 = DIRECTION('',(0.,0.,1.));
#3710 = ADVANCED_FACE('',(#3711),#3736,.F.);
#3711 = FACE_BOUND('',#3712,.F.);
#3712 = EDGE_LOOP('',(#3713,#3721,#3729,#3735));
#3713 = ORIENTED_EDGE('',*,*,#3714,.F.);
#3714 = EDGE_CURVE('',#3715,#1614,#3717,.T.);
#3715 = VERTEX_POINT('',#3716);
#3716 = CARTESIAN_POINT('',(0.32,-5.4,-2.84));
#3717 = LINE('',#3718,#3719);
#3718 = CARTESIAN_POINT('',(0.32,-5.4,-3.));
#3719 = VECTOR('',#3720,1.);
#3720 = DIRECTION('',(0.,0.,1.));
#3721 = ORIENTED_EDGE('',*,*,#3722,.F.);
#3722 = EDGE_CURVE('',#3723,#3715,#3725,.T.);
#3723 = VERTEX_POINT('',#3724);
#3724 = CARTESIAN_POINT('',(-0.32,-5.4,-2.84));
#3725 = LINE('',#3726,#3727);
#3726 = CARTESIAN_POINT('',(-0.32,-5.4,-2.84));
#3727 = VECTOR('',#3728,1.);
#3728 = DIRECTION('',(1.,0.,0.));
#3729 = ORIENTED_EDGE('',*,*,#3730,.T.);
#3730 = EDGE_CURVE('',#3723,#1616,#3731,.T.);
#3731 = LINE('',#3732,#3733);
#3732 = CARTESIAN_POINT('',(-0.32,-5.4,-3.));
#3733 = VECTOR('',#3734,1.);
#3734 = DIRECTION('',(0.,0.,1.));
#3735 = ORIENTED_EDGE('',*,*,#1613,.F.);
#3736 = PLANE('',#3737);
#3737 = AXIS2_PLACEMENT_3D('',#3738,#3739,#3740);
#3738 = CARTESIAN_POINT('',(-0.32,-5.4,-3.));
#3739 = DIRECTION('',(0.,1.,0.));
#3740 = DIRECTION('',(0.,-0.,1.));
#3741 = ADVANCED_FACE('',(#3742),#3760,.T.);
#3742 = FACE_BOUND('',#3743,.T.);
#3743 = EDGE_LOOP('',(#3744,#3745,#3753,#3759));
#3744 = ORIENTED_EDGE('',*,*,#3714,.F.);
#3745 = ORIENTED_EDGE('',*,*,#3746,.T.);
#3746 = EDGE_CURVE('',#3715,#3747,#3749,.T.);
#3747 = VERTEX_POINT('',#3748);
#3748 = CARTESIAN_POINT('',(0.32,-4.76,-2.84));
#3749 = LINE('',#3750,#3751);
#3750 = CARTESIAN_POINT('',(0.32,-5.4,-2.84));
#3751 = VECTOR('',#3752,1.);
#3752 = DIRECTION('',(0.,1.,0.));
#3753 = ORIENTED_EDGE('',*,*,#3754,.T.);
#3754 = EDGE_CURVE('',#3747,#1632,#3755,.T.);
#3755 = LINE('',#3756,#3757);
#3756 = CARTESIAN_POINT('',(0.32,-4.76,-3.));
#3757 = VECTOR('',#3758,1.);
#3758 = DIRECTION('',(0.,0.,1.));
#3759 = ORIENTED_EDGE('',*,*,#1639,.F.);
#3760 = PLANE('',#3761);
#3761 = AXIS2_PLACEMENT_3D('',#3762,#3763,#3764);
#3762 = CARTESIAN_POINT('',(0.32,-5.4,-3.));
#3763 = DIRECTION('',(1.,0.,0.));
#3764 = DIRECTION('',(0.,0.,1.));
#3765 = ADVANCED_FACE('',(#3766),#3784,.T.);
#3766 = FACE_BOUND('',#3767,.T.);
#3767 = EDGE_LOOP('',(#3768,#3769,#3777,#3783));
#3768 = ORIENTED_EDGE('',*,*,#3754,.F.);
#3769 = ORIENTED_EDGE('',*,*,#3770,.F.);
#3770 = EDGE_CURVE('',#3771,#3747,#3773,.T.);
#3771 = VERTEX_POINT('',#3772);
#3772 = CARTESIAN_POINT('',(-0.32,-4.76,-2.84));
#3773 = LINE('',#3774,#3775);
#3774 = CARTESIAN_POINT('',(-0.32,-4.76,-2.84));
#3775 = VECTOR('',#3776,1.);
#3776 = DIRECTION('',(1.,0.,0.));
#3777 = ORIENTED_EDGE('',*,*,#3778,.T.);
#3778 = EDGE_CURVE('',#3771,#1624,#3779,.T.);
#3779 = LINE('',#3780,#3781);
#3780 = CARTESIAN_POINT('',(-0.32,-4.76,-3.));
#3781 = VECTOR('',#3782,1.);
#3782 = DIRECTION('',(0.,0.,1.));
#3783 = ORIENTED_EDGE('',*,*,#1631,.F.);
#3784 = PLANE('',#3785);
#3785 = AXIS2_PLACEMENT_3D('',#3786,#3787,#3788);
#3786 = CARTESIAN_POINT('',(-0.32,-4.76,-3.));
#3787 = DIRECTION('',(0.,1.,0.));
#3788 = DIRECTION('',(0.,-0.,1.));
#3789 = ADVANCED_FACE('',(#3790),#3801,.F.);
#3790 = FACE_BOUND('',#3791,.F.);
#3791 = EDGE_LOOP('',(#3792,#3793,#3799,#3800));
#3792 = ORIENTED_EDGE('',*,*,#3730,.F.);
#3793 = ORIENTED_EDGE('',*,*,#3794,.T.);
#3794 = EDGE_CURVE('',#3723,#3771,#3795,.T.);
#3795 = LINE('',#3796,#3797);
#3796 = CARTESIAN_POINT('',(-0.32,-5.4,-2.84));
#3797 = VECTOR('',#3798,1.);
#3798 = DIRECTION('',(0.,1.,0.));
#3799 = ORIENTED_EDGE('',*,*,#3778,.T.);
#3800 = ORIENTED_EDGE('',*,*,#1623,.F.);
#3801 = PLANE('',#3802);
#3802 = AXIS2_PLACEMENT_3D('',#3803,#3804,#3805);
#3803 = CARTESIAN_POINT('',(-0.32,-5.4,-3.));
#3804 = DIRECTION('',(1.,0.,0.));
#3805 = DIRECTION('',(0.,0.,1.));
#3806 = ADVANCED_FACE('',(#3807),#3832,.T.);
#3807 = FACE_BOUND('',#3808,.T.);
#3808 = EDGE_LOOP('',(#3809,#3817,#3825,#3831));
#3809 = ORIENTED_EDGE('',*,*,#3810,.F.);
#3810 = EDGE_CURVE('',#3811,#1648,#3813,.T.);
#3811 = VERTEX_POINT('',#3812);
#3812 = CARTESIAN_POINT('',(0.32,-0.32,-2.84));
#3813 = LINE('',#3814,#3815);
#3814 = CARTESIAN_POINT('',(0.32,-0.32,-3.));
#3815 = VECTOR('',#3816,1.);
#3816 = DIRECTION('',(0.,0.,1.));
#3817 = ORIENTED_EDGE('',*,*,#3818,.T.);
#3818 = EDGE_CURVE('',#3811,#3819,#3821,.T.);
#3819 = VERTEX_POINT('',#3820);
#3820 = CARTESIAN_POINT('',(0.32,0.32,-2.84));
#3821 = LINE('',#3822,#3823);
#3822 = CARTESIAN_POINT('',(0.32,-0.32,-2.84));
#3823 = VECTOR('',#3824,1.);
#3824 = DIRECTION('',(0.,1.,0.));
#3825 = ORIENTED_EDGE('',*,*,#3826,.T.);
#3826 = EDGE_CURVE('',#3819,#1650,#3827,.T.);
#3827 = LINE('',#3828,#3829);
#3828 = CARTESIAN_POINT('',(0.32,0.32,-3.));
#3829 = VECTOR('',#3830,1.);
#3830 = DIRECTION('',(0.,0.,1.));
#3831 = ORIENTED_EDGE('',*,*,#1647,.F.);
#3832 = PLANE('',#3833);
#3833 = AXIS2_PLACEMENT_3D('',#3834,#3835,#3836);
#3834 = CARTESIAN_POINT('',(0.32,-0.32,-3.));
#3835 = DIRECTION('',(1.,0.,0.));
#3836 = DIRECTION('',(0.,0.,1.));
#3837 = ADVANCED_FACE('',(#3838),#3856,.T.);
#3838 = FACE_BOUND('',#3839,.T.);
#3839 = EDGE_LOOP('',(#3840,#3841,#3849,#3855));
#3840 = ORIENTED_EDGE('',*,*,#3826,.F.);
#3841 = ORIENTED_EDGE('',*,*,#3842,.F.);
#3842 = EDGE_CURVE('',#3843,#3819,#3845,.T.);
#3843 = VERTEX_POINT('',#3844);
#3844 = CARTESIAN_POINT('',(-0.32,0.32,-2.84));
#3845 = LINE('',#3846,#3847);
#3846 = CARTESIAN_POINT('',(-0.32,0.32,-2.84));
#3847 = VECTOR('',#3848,1.);
#3848 = DIRECTION('',(1.,0.,0.));
#3849 = ORIENTED_EDGE('',*,*,#3850,.T.);
#3850 = EDGE_CURVE('',#3843,#1666,#3851,.T.);
#3851 = LINE('',#3852,#3853);
#3852 = CARTESIAN_POINT('',(-0.32,0.32,-3.));
#3853 = VECTOR('',#3854,1.);
#3854 = DIRECTION('',(0.,0.,1.));
#3855 = ORIENTED_EDGE('',*,*,#1673,.F.);
#3856 = PLANE('',#3857);
#3857 = AXIS2_PLACEMENT_3D('',#3858,#3859,#3860);
#3858 = CARTESIAN_POINT('',(-0.32,0.32,-3.));
#3859 = DIRECTION('',(0.,1.,0.));
#3860 = DIRECTION('',(0.,-0.,1.));
#3861 = ADVANCED_FACE('',(#3862),#3880,.F.);
#3862 = FACE_BOUND('',#3863,.F.);
#3863 = EDGE_LOOP('',(#3864,#3872,#3878,#3879));
#3864 = ORIENTED_EDGE('',*,*,#3865,.F.);
#3865 = EDGE_CURVE('',#3866,#1658,#3868,.T.);
#3866 = VERTEX_POINT('',#3867);
#3867 = CARTESIAN_POINT('',(-0.32,-0.32,-2.84));
#3868 = LINE('',#3869,#3870);
#3869 = CARTESIAN_POINT('',(-0.32,-0.32,-3.));
#3870 = VECTOR('',#3871,1.);
#3871 = DIRECTION('',(0.,0.,1.));
#3872 = ORIENTED_EDGE('',*,*,#3873,.T.);
#3873 = EDGE_CURVE('',#3866,#3843,#3874,.T.);
#3874 = LINE('',#3875,#3876);
#3875 = CARTESIAN_POINT('',(-0.32,-0.32,-2.84));
#3876 = VECTOR('',#3877,1.);
#3877 = DIRECTION('',(0.,1.,0.));
#3878 = ORIENTED_EDGE('',*,*,#3850,.T.);
#3879 = ORIENTED_EDGE('',*,*,#1665,.F.);
#3880 = PLANE('',#3881);
#3881 = AXIS2_PLACEMENT_3D('',#3882,#3883,#3884);
#3882 = CARTESIAN_POINT('',(-0.32,-0.32,-3.));
#3883 = DIRECTION('',(1.,0.,0.));
#3884 = DIRECTION('',(0.,0.,1.));
#3885 = ADVANCED_FACE('',(#3886),#3897,.F.);
#3886 = FACE_BOUND('',#3887,.F.);
#3887 = EDGE_LOOP('',(#3888,#3889,#3895,#3896));
#3888 = ORIENTED_EDGE('',*,*,#3810,.F.);
#3889 = ORIENTED_EDGE('',*,*,#3890,.F.);
#3890 = EDGE_CURVE('',#3866,#3811,#3891,.T.);
#3891 = LINE('',#3892,#3893);
#3892 = CARTESIAN_POINT('',(-0.32,-0.32,-2.84));
#3893 = VECTOR('',#3894,1.);
#3894 = DIRECTION('',(1.,0.,0.));
#3895 = ORIENTED_EDGE('',*,*,#3865,.T.);
#3896 = ORIENTED_EDGE('',*,*,#1657,.F.);
#3897 = PLANE('',#3898);
#3898 = AXIS2_PLACEMENT_3D('',#3899,#3900,#3901);
#3899 = CARTESIAN_POINT('',(-0.32,-0.32,-3.));
#3900 = DIRECTION('',(0.,1.,0.));
#3901 = DIRECTION('',(0.,-0.,1.));
#3902 = ADVANCED_FACE('',(#3903),#3928,.F.);
#3903 = FACE_BOUND('',#3904,.F.);
#3904 = EDGE_LOOP('',(#3905,#3913,#3914,#3922));
#3905 = ORIENTED_EDGE('',*,*,#3906,.F.);
#3906 = EDGE_CURVE('',#2067,#3907,#3909,.T.);
#3907 = VERTEX_POINT('',#3908);
#3908 = CARTESIAN_POINT('',(0.32,-18.1,8.38));
#3909 = LINE('',#3910,#3911);
#3910 = CARTESIAN_POINT('',(0.32,-18.1,-3.));
#3911 = VECTOR('',#3912,1.);
#3912 = DIRECTION('',(0.,0.,1.));
#3913 = ORIENTED_EDGE('',*,*,#2066,.T.);
#3914 = ORIENTED_EDGE('',*,*,#3915,.T.);
#3915 = EDGE_CURVE('',#2069,#3916,#3918,.T.);
#3916 = VERTEX_POINT('',#3917);
#3917 = CARTESIAN_POINT('',(-0.32,-18.1,8.38));
#3918 = LINE('',#3919,#3920);
#3919 = CARTESIAN_POINT('',(-0.32,-18.1,-3.));
#3920 = VECTOR('',#3921,1.);
#3921 = DIRECTION('',(0.,0.,1.));
#3922 = ORIENTED_EDGE('',*,*,#3923,.T.);
#3923 = EDGE_CURVE('',#3916,#3907,#3924,.T.);
#3924 = LINE('',#3925,#3926);
#3925 = CARTESIAN_POINT('',(-0.32,-18.1,8.38));
#3926 = VECTOR('',#3927,1.);
#3927 = DIRECTION('',(1.,0.,0.));
#3928 = PLANE('',#3929);
#3929 = AXIS2_PLACEMENT_3D('',#3930,#3931,#3932);
#3930 = CARTESIAN_POINT('',(-0.32,-18.1,-3.));
#3931 = DIRECTION('',(0.,1.,0.));
#3932 = DIRECTION('',(0.,-0.,1.));
#3933 = ADVANCED_FACE('',(#3934),#3952,.T.);
#3934 = FACE_BOUND('',#3935,.T.);
#3935 = EDGE_LOOP('',(#3936,#3937,#3938,#3946));
#3936 = ORIENTED_EDGE('',*,*,#3906,.F.);
#3937 = ORIENTED_EDGE('',*,*,#2092,.T.);
#3938 = ORIENTED_EDGE('',*,*,#3939,.T.);
#3939 = EDGE_CURVE('',#2085,#3940,#3942,.T.);
#3940 = VERTEX_POINT('',#3941);
#3941 = CARTESIAN_POINT('',(0.32,-17.46,8.38));
#3942 = LINE('',#3943,#3944);
#3943 = CARTESIAN_POINT('',(0.32,-17.46,-3.));
#3944 = VECTOR('',#3945,1.);
#3945 = DIRECTION('',(0.,0.,1.));
#3946 = ORIENTED_EDGE('',*,*,#3947,.F.);
#3947 = EDGE_CURVE('',#3907,#3940,#3948,.T.);
#3948 = LINE('',#3949,#3950);
#3949 = CARTESIAN_POINT('',(0.32,-18.1,8.38));
#3950 = VECTOR('',#3951,1.);
#3951 = DIRECTION('',(0.,1.,0.));
#3952 = PLANE('',#3953);
#3953 = AXIS2_PLACEMENT_3D('',#3954,#3955,#3956);
#3954 = CARTESIAN_POINT('',(0.32,-18.1,-3.));
#3955 = DIRECTION('',(1.,0.,0.));
#3956 = DIRECTION('',(0.,0.,1.));
#3957 = ADVANCED_FACE('',(#3958),#3976,.T.);
#3958 = FACE_BOUND('',#3959,.T.);
#3959 = EDGE_LOOP('',(#3960,#3961,#3962,#3970));
#3960 = ORIENTED_EDGE('',*,*,#3939,.F.);
#3961 = ORIENTED_EDGE('',*,*,#2084,.T.);
#3962 = ORIENTED_EDGE('',*,*,#3963,.T.);
#3963 = EDGE_CURVE('',#2077,#3964,#3966,.T.);
#3964 = VERTEX_POINT('',#3965);
#3965 = CARTESIAN_POINT('',(-0.32,-17.46,8.38));
#3966 = LINE('',#3967,#3968);
#3967 = CARTESIAN_POINT('',(-0.32,-17.46,-3.));
#3968 = VECTOR('',#3969,1.);
#3969 = DIRECTION('',(0.,0.,1.));
#3970 = ORIENTED_EDGE('',*,*,#3971,.T.);
#3971 = EDGE_CURVE('',#3964,#3940,#3972,.T.);
#3972 = LINE('',#3973,#3974);
#3973 = CARTESIAN_POINT('',(-0.32,-17.46,8.38));
#3974 = VECTOR('',#3975,1.);
#3975 = DIRECTION('',(1.,0.,0.));
#3976 = PLANE('',#3977);
#3977 = AXIS2_PLACEMENT_3D('',#3978,#3979,#3980);
#3978 = CARTESIAN_POINT('',(-0.32,-17.46,-3.));
#3979 = DIRECTION('',(0.,1.,0.));
#3980 = DIRECTION('',(0.,-0.,1.));
#3981 = ADVANCED_FACE('',(#3982),#3993,.F.);
#3982 = FACE_BOUND('',#3983,.F.);
#3983 = EDGE_LOOP('',(#3984,#3985,#3986,#3987));
#3984 = ORIENTED_EDGE('',*,*,#3915,.F.);
#3985 = ORIENTED_EDGE('',*,*,#2076,.T.);
#3986 = ORIENTED_EDGE('',*,*,#3963,.T.);
#3987 = ORIENTED_EDGE('',*,*,#3988,.F.);
#3988 = EDGE_CURVE('',#3916,#3964,#3989,.T.);
#3989 = LINE('',#3990,#3991);
#3990 = CARTESIAN_POINT('',(-0.32,-18.1,8.38));
#3991 = VECTOR('',#3992,1.);
#3992 = DIRECTION('',(0.,1.,0.));
#3993 = PLANE('',#3994);
#3994 = AXIS2_PLACEMENT_3D('',#3995,#3996,#3997);
#3995 = CARTESIAN_POINT('',(-0.32,-18.1,-3.));
#3996 = DIRECTION('',(1.,0.,0.));
#3997 = DIRECTION('',(0.,0.,1.));
#3998 = ADVANCED_FACE('',(#3999),#4024,.T.);
#3999 = FACE_BOUND('',#4000,.T.);
#4000 = EDGE_LOOP('',(#4001,#4009,#4010,#4018));
#4001 = ORIENTED_EDGE('',*,*,#4002,.F.);
#4002 = EDGE_CURVE('',#2101,#4003,#4005,.T.);
#4003 = VERTEX_POINT('',#4004);
#4004 = CARTESIAN_POINT('',(0.32,-14.92,8.38));
#4005 = LINE('',#4006,#4007);
#4006 = CARTESIAN_POINT('',(0.32,-14.92,-3.));
#4007 = VECTOR('',#4008,1.);
#4008 = DIRECTION('',(0.,0.,1.));
#4009 = ORIENTED_EDGE('',*,*,#2100,.T.);
#4010 = ORIENTED_EDGE('',*,*,#4011,.T.);
#4011 = EDGE_CURVE('',#2103,#4012,#4014,.T.);
#4012 = VERTEX_POINT('',#4013);
#4013 = CARTESIAN_POINT('',(-0.32,-14.92,8.38));
#4014 = LINE('',#4015,#4016);
#4015 = CARTESIAN_POINT('',(-0.32,-14.92,-3.));
#4016 = VECTOR('',#4017,1.);
#4017 = DIRECTION('',(0.,0.,1.));
#4018 = ORIENTED_EDGE('',*,*,#4019,.T.);
#4019 = EDGE_CURVE('',#4012,#4003,#4020,.T.);
#4020 = LINE('',#4021,#4022);
#4021 = CARTESIAN_POINT('',(-0.32,-14.92,8.38));
#4022 = VECTOR('',#4023,1.);
#4023 = DIRECTION('',(1.,0.,0.));
#4024 = PLANE('',#4025);
#4025 = AXIS2_PLACEMENT_3D('',#4026,#4027,#4028);
#4026 = CARTESIAN_POINT('',(-0.32,-14.92,-3.));
#4027 = DIRECTION('',(0.,1.,0.));
#4028 = DIRECTION('',(0.,-0.,1.));
#4029 = ADVANCED_FACE('',(#4030),#4048,.F.);
#4030 = FACE_BOUND('',#4031,.F.);
#4031 = EDGE_LOOP('',(#4032,#4040,#4041,#4042));
#4032 = ORIENTED_EDGE('',*,*,#4033,.F.);
#4033 = EDGE_CURVE('',#2119,#4034,#4036,.T.);
#4034 = VERTEX_POINT('',#4035);
#4035 = CARTESIAN_POINT('',(-0.32,-15.56,8.38));
#4036 = LINE('',#4037,#4038);
#4037 = CARTESIAN_POINT('',(-0.32,-15.56,-3.));
#4038 = VECTOR('',#4039,1.);
#4039 = DIRECTION('',(0.,0.,1.));
#4040 = ORIENTED_EDGE('',*,*,#2126,.T.);
#4041 = ORIENTED_EDGE('',*,*,#4011,.T.);
#4042 = ORIENTED_EDGE('',*,*,#4043,.F.);
#4043 = EDGE_CURVE('',#4034,#4012,#4044,.T.);
#4044 = LINE('',#4045,#4046);
#4045 = CARTESIAN_POINT('',(-0.32,-15.56,8.38));
#4046 = VECTOR('',#4047,1.);
#4047 = DIRECTION('',(0.,1.,0.));
#4048 = PLANE('',#4049);
#4049 = AXIS2_PLACEMENT_3D('',#4050,#4051,#4052);
#4050 = CARTESIAN_POINT('',(-0.32,-15.56,-3.));
#4051 = DIRECTION('',(1.,0.,0.));
#4052 = DIRECTION('',(0.,0.,1.));
#4053 = ADVANCED_FACE('',(#4054),#4072,.F.);
#4054 = FACE_BOUND('',#4055,.F.);
#4055 = EDGE_LOOP('',(#4056,#4064,#4065,#4066));
#4056 = ORIENTED_EDGE('',*,*,#4057,.F.);
#4057 = EDGE_CURVE('',#2111,#4058,#4060,.T.);
#4058 = VERTEX_POINT('',#4059);
#4059 = CARTESIAN_POINT('',(0.32,-15.56,8.38));
#4060 = LINE('',#4061,#4062);
#4061 = CARTESIAN_POINT('',(0.32,-15.56,-3.));
#4062 = VECTOR('',#4063,1.);
#4063 = DIRECTION('',(0.,0.,1.));
#4064 = ORIENTED_EDGE('',*,*,#2118,.T.);
#4065 = ORIENTED_EDGE('',*,*,#4033,.T.);
#4066 = ORIENTED_EDGE('',*,*,#4067,.T.);
#4067 = EDGE_CURVE('',#4034,#4058,#4068,.T.);
#4068 = LINE('',#4069,#4070);
#4069 = CARTESIAN_POINT('',(-0.32,-15.56,8.38));
#4070 = VECTOR('',#4071,1.);
#4071 = DIRECTION('',(1.,0.,0.));
#4072 = PLANE('',#4073);
#4073 = AXIS2_PLACEMENT_3D('',#4074,#4075,#4076);
#4074 = CARTESIAN_POINT('',(-0.32,-15.56,-3.));
#4075 = DIRECTION('',(0.,1.,0.));
#4076 = DIRECTION('',(0.,-0.,1.));
#4077 = ADVANCED_FACE('',(#4078),#4089,.T.);
#4078 = FACE_BOUND('',#4079,.T.);
#4079 = EDGE_LOOP('',(#4080,#4081,#4082,#4083));
#4080 = ORIENTED_EDGE('',*,*,#4057,.F.);
#4081 = ORIENTED_EDGE('',*,*,#2110,.T.);
#4082 = ORIENTED_EDGE('',*,*,#4002,.T.);
#4083 = ORIENTED_EDGE('',*,*,#4084,.F.);
#4084 = EDGE_CURVE('',#4058,#4003,#4085,.T.);
#4085 = LINE('',#4086,#4087);
#4086 = CARTESIAN_POINT('',(0.32,-15.56,8.38));
#4087 = VECTOR('',#4088,1.);
#4088 = DIRECTION('',(0.,1.,0.));
#4089 = PLANE('',#4090);
#4090 = AXIS2_PLACEMENT_3D('',#4091,#4092,#4093);
#4091 = CARTESIAN_POINT('',(0.32,-15.56,-3.));
#4092 = DIRECTION('',(1.,0.,0.));
#4093 = DIRECTION('',(0.,0.,1.));
#4094 = ADVANCED_FACE('',(#4095),#4120,.T.);
#4095 = FACE_BOUND('',#4096,.T.);
#4096 = EDGE_LOOP('',(#4097,#4105,#4106,#4114));
#4097 = ORIENTED_EDGE('',*,*,#4098,.F.);
#4098 = EDGE_CURVE('',#2135,#4099,#4101,.T.);
#4099 = VERTEX_POINT('',#4100);
#4100 = CARTESIAN_POINT('',(0.32,-7.94,8.38));
#4101 = LINE('',#4102,#4103);
#4102 = CARTESIAN_POINT('',(0.32,-7.94,-3.));
#4103 = VECTOR('',#4104,1.);
#4104 = DIRECTION('',(0.,0.,1.));
#4105 = ORIENTED_EDGE('',*,*,#2134,.T.);
#4106 = ORIENTED_EDGE('',*,*,#4107,.T.);
#4107 = EDGE_CURVE('',#2137,#4108,#4110,.T.);
#4108 = VERTEX_POINT('',#4109);
#4109 = CARTESIAN_POINT('',(0.32,-7.3,8.38));
#4110 = LINE('',#4111,#4112);
#4111 = CARTESIAN_POINT('',(0.32,-7.3,-3.));
#4112 = VECTOR('',#4113,1.);
#4113 = DIRECTION('',(0.,0.,1.));
#4114 = ORIENTED_EDGE('',*,*,#4115,.F.);
#4115 = EDGE_CURVE('',#4099,#4108,#4116,.T.);
#4116 = LINE('',#4117,#4118);
#4117 = CARTESIAN_POINT('',(0.32,-7.94,8.38));
#4118 = VECTOR('',#4119,1.);
#4119 = DIRECTION('',(0.,1.,0.));
#4120 = PLANE('',#4121);
#4121 = AXIS2_PLACEMENT_3D('',#4122,#4123,#4124);
#4122 = CARTESIAN_POINT('',(0.32,-7.94,-3.));
#4123 = DIRECTION('',(1.,0.,0.));
#4124 = DIRECTION('',(0.,0.,1.));
#4125 = ADVANCED_FACE('',(#4126),#4144,.T.);
#4126 = FACE_BOUND('',#4127,.T.);
#4127 = EDGE_LOOP('',(#4128,#4129,#4130,#4138));
#4128 = ORIENTED_EDGE('',*,*,#4107,.F.);
#4129 = ORIENTED_EDGE('',*,*,#2160,.T.);
#4130 = ORIENTED_EDGE('',*,*,#4131,.T.);
#4131 = EDGE_CURVE('',#2153,#4132,#4134,.T.);
#4132 = VERTEX_POINT('',#4133);
#4133 = CARTESIAN_POINT('',(-0.32,-7.3,8.38));
#4134 = LINE('',#4135,#4136);
#4135 = CARTESIAN_POINT('',(-0.32,-7.3,-3.));
#4136 = VECTOR('',#4137,1.);
#4137 = DIRECTION('',(0.,0.,1.));
#4138 = ORIENTED_EDGE('',*,*,#4139,.T.);
#4139 = EDGE_CURVE('',#4132,#4108,#4140,.T.);
#4140 = LINE('',#4141,#4142);
#4141 = CARTESIAN_POINT('',(-0.32,-7.3,8.38));
#4142 = VECTOR('',#4143,1.);
#4143 = DIRECTION('',(1.,0.,0.));
#4144 = PLANE('',#4145);
#4145 = AXIS2_PLACEMENT_3D('',#4146,#4147,#4148);
#4146 = CARTESIAN_POINT('',(-0.32,-7.3,-3.));
#4147 = DIRECTION('',(0.,1.,0.));
#4148 = DIRECTION('',(0.,-0.,1.));
#4149 = ADVANCED_FACE('',(#4150),#4168,.F.);
#4150 = FACE_BOUND('',#4151,.F.);
#4151 = EDGE_LOOP('',(#4152,#4160,#4161,#4162));
#4152 = ORIENTED_EDGE('',*,*,#4153,.F.);
#4153 = EDGE_CURVE('',#2145,#4154,#4156,.T.);
#4154 = VERTEX_POINT('',#4155);
#4155 = CARTESIAN_POINT('',(-0.32,-7.94,8.38));
#4156 = LINE('',#4157,#4158);
#4157 = CARTESIAN_POINT('',(-0.32,-7.94,-3.));
#4158 = VECTOR('',#4159,1.);
#4159 = DIRECTION('',(0.,0.,1.));
#4160 = ORIENTED_EDGE('',*,*,#2152,.T.);
#4161 = ORIENTED_EDGE('',*,*,#4131,.T.);
#4162 = ORIENTED_EDGE('',*,*,#4163,.F.);
#4163 = EDGE_CURVE('',#4154,#4132,#4164,.T.);
#4164 = LINE('',#4165,#4166);
#4165 = CARTESIAN_POINT('',(-0.32,-7.94,8.38));
#4166 = VECTOR('',#4167,1.);
#4167 = DIRECTION('',(0.,1.,0.));
#4168 = PLANE('',#4169);
#4169 = AXIS2_PLACEMENT_3D('',#4170,#4171,#4172);
#4170 = CARTESIAN_POINT('',(-0.32,-7.94,-3.));
#4171 = DIRECTION('',(1.,0.,0.));
#4172 = DIRECTION('',(0.,0.,1.));
#4173 = ADVANCED_FACE('',(#4174),#4185,.F.);
#4174 = FACE_BOUND('',#4175,.F.);
#4175 = EDGE_LOOP('',(#4176,#4177,#4178,#4179));
#4176 = ORIENTED_EDGE('',*,*,#4098,.F.);
#4177 = ORIENTED_EDGE('',*,*,#2144,.T.);
#4178 = ORIENTED_EDGE('',*,*,#4153,.T.);
#4179 = ORIENTED_EDGE('',*,*,#4180,.T.);
#4180 = EDGE_CURVE('',#4154,#4099,#4181,.T.);
#4181 = LINE('',#4182,#4183);
#4182 = CARTESIAN_POINT('',(-0.32,-7.94,8.38));
#4183 = VECTOR('',#4184,1.);
#4184 = DIRECTION('',(1.,0.,0.));
#4185 = PLANE('',#4186);
#4186 = AXIS2_PLACEMENT_3D('',#4187,#4188,#4189);
#4187 = CARTESIAN_POINT('',(-0.32,-7.94,-3.));
#4188 = DIRECTION('',(0.,1.,0.));
#4189 = DIRECTION('',(0.,-0.,1.));
#4190 = ADVANCED_FACE('',(#4191),#4216,.T.);
#4191 = FACE_BOUND('',#4192,.T.);
#4192 = EDGE_LOOP('',(#4193,#4201,#4202,#4210));
#4193 = ORIENTED_EDGE('',*,*,#4194,.F.);
#4194 = EDGE_CURVE('',#2169,#4195,#4197,.T.);
#4195 = VERTEX_POINT('',#4196);
#4196 = CARTESIAN_POINT('',(0.32,-12.38,8.38));
#4197 = LINE('',#4198,#4199);
#4198 = CARTESIAN_POINT('',(0.32,-12.38,-3.));
#4199 = VECTOR('',#4200,1.);
#4200 = DIRECTION('',(0.,0.,1.));
#4201 = ORIENTED_EDGE('',*,*,#2168,.T.);
#4202 = ORIENTED_EDGE('',*,*,#4203,.T.);
#4203 = EDGE_CURVE('',#2171,#4204,#4206,.T.);
#4204 = VERTEX_POINT('',#4205);
#4205 = CARTESIAN_POINT('',(-0.32,-12.38,8.38));
#4206 = LINE('',#4207,#4208);
#4207 = CARTESIAN_POINT('',(-0.32,-12.38,-3.));
#4208 = VECTOR('',#4209,1.);
#4209 = DIRECTION('',(0.,0.,1.));
#4210 = ORIENTED_EDGE('',*,*,#4211,.T.);
#4211 = EDGE_CURVE('',#4204,#4195,#4212,.T.);
#4212 = LINE('',#4213,#4214);
#4213 = CARTESIAN_POINT('',(-0.32,-12.38,8.38));
#4214 = VECTOR('',#4215,1.);
#4215 = DIRECTION('',(1.,0.,0.));
#4216 = PLANE('',#4217);
#4217 = AXIS2_PLACEMENT_3D('',#4218,#4219,#4220);
#4218 = CARTESIAN_POINT('',(-0.32,-12.38,-3.));
#4219 = DIRECTION('',(0.,1.,0.));
#4220 = DIRECTION('',(0.,-0.,1.));
#4221 = ADVANCED_FACE('',(#4222),#4240,.F.);
#4222 = FACE_BOUND('',#4223,.F.);
#4223 = EDGE_LOOP('',(#4224,#4232,#4233,#4234));
#4224 = ORIENTED_EDGE('',*,*,#4225,.F.);
#4225 = EDGE_CURVE('',#2187,#4226,#4228,.T.);
#4226 = VERTEX_POINT('',#4227);
#4227 = CARTESIAN_POINT('',(-0.32,-13.02,8.38));
#4228 = LINE('',#4229,#4230);
#4229 = CARTESIAN_POINT('',(-0.32,-13.02,-3.));
#4230 = VECTOR('',#4231,1.);
#4231 = DIRECTION('',(0.,0.,1.));
#4232 = ORIENTED_EDGE('',*,*,#2194,.T.);
#4233 = ORIENTED_EDGE('',*,*,#4203,.T.);
#4234 = ORIENTED_EDGE('',*,*,#4235,.F.);
#4235 = EDGE_CURVE('',#4226,#4204,#4236,.T.);
#4236 = LINE('',#4237,#4238);
#4237 = CARTESIAN_POINT('',(-0.32,-13.02,8.38));
#4238 = VECTOR('',#4239,1.);
#4239 = DIRECTION('',(0.,1.,0.));
#4240 = PLANE('',#4241);
#4241 = AXIS2_PLACEMENT_3D('',#4242,#4243,#4244);
#4242 = CARTESIAN_POINT('',(-0.32,-13.02,-3.));
#4243 = DIRECTION('',(1.,0.,0.));
#4244 = DIRECTION('',(0.,0.,1.));
#4245 = ADVANCED_FACE('',(#4246),#4264,.F.);
#4246 = FACE_BOUND('',#4247,.F.);
#4247 = EDGE_LOOP('',(#4248,#4256,#4257,#4258));
#4248 = ORIENTED_EDGE('',*,*,#4249,.F.);
#4249 = EDGE_CURVE('',#2179,#4250,#4252,.T.);
#4250 = VERTEX_POINT('',#4251);
#4251 = CARTESIAN_POINT('',(0.32,-13.02,8.38));
#4252 = LINE('',#4253,#4254);
#4253 = CARTESIAN_POINT('',(0.32,-13.02,-3.));
#4254 = VECTOR('',#4255,1.);
#4255 = DIRECTION('',(0.,0.,1.));
#4256 = ORIENTED_EDGE('',*,*,#2186,.T.);
#4257 = ORIENTED_EDGE('',*,*,#4225,.T.);
#4258 = ORIENTED_EDGE('',*,*,#4259,.T.);
#4259 = EDGE_CURVE('',#4226,#4250,#4260,.T.);
#4260 = LINE('',#4261,#4262);
#4261 = CARTESIAN_POINT('',(-0.32,-13.02,8.38));
#4262 = VECTOR('',#4263,1.);
#4263 = DIRECTION('',(1.,0.,0.));
#4264 = PLANE('',#4265);
#4265 = AXIS2_PLACEMENT_3D('',#4266,#4267,#4268);
#4266 = CARTESIAN_POINT('',(-0.32,-13.02,-3.));
#4267 = DIRECTION('',(0.,1.,0.));
#4268 = DIRECTION('',(0.,-0.,1.));
#4269 = ADVANCED_FACE('',(#4270),#4281,.T.);
#4270 = FACE_BOUND('',#4271,.T.);
#4271 = EDGE_LOOP('',(#4272,#4273,#4274,#4275));
#4272 = ORIENTED_EDGE('',*,*,#4249,.F.);
#4273 = ORIENTED_EDGE('',*,*,#2178,.T.);
#4274 = ORIENTED_EDGE('',*,*,#4194,.T.);
#4275 = ORIENTED_EDGE('',*,*,#4276,.F.);
#4276 = EDGE_CURVE('',#4250,#4195,#4277,.T.);
#4277 = LINE('',#4278,#4279);
#4278 = CARTESIAN_POINT('',(0.32,-13.02,8.38));
#4279 = VECTOR('',#4280,1.);
#4280 = DIRECTION('',(0.,1.,0.));
#4281 = PLANE('',#4282);
#4282 = AXIS2_PLACEMENT_3D('',#4283,#4284,#4285);
#4283 = CARTESIAN_POINT('',(0.32,-13.02,-3.));
#4284 = DIRECTION('',(1.,0.,0.));
#4285 = DIRECTION('',(0.,0.,1.));
#4286 = ADVANCED_FACE('',(#4287),#4312,.T.);
#4287 = FACE_BOUND('',#4288,.T.);
#4288 = EDGE_LOOP('',(#4289,#4297,#4298,#4306));
#4289 = ORIENTED_EDGE('',*,*,#4290,.F.);
#4290 = EDGE_CURVE('',#2203,#4291,#4293,.T.);
#4291 = VERTEX_POINT('',#4292);
#4292 = CARTESIAN_POINT('',(0.32,-10.48,8.38));
#4293 = LINE('',#4294,#4295);
#4294 = CARTESIAN_POINT('',(0.32,-10.48,-3.));
#4295 = VECTOR('',#4296,1.);
#4296 = DIRECTION('',(0.,0.,1.));
#4297 = ORIENTED_EDGE('',*,*,#2202,.T.);
#4298 = ORIENTED_EDGE('',*,*,#4299,.T.);
#4299 = EDGE_CURVE('',#2205,#4300,#4302,.T.);
#4300 = VERTEX_POINT('',#4301);
#4301 = CARTESIAN_POINT('',(0.32,-9.84,8.38));
#4302 = LINE('',#4303,#4304);
#4303 = CARTESIAN_POINT('',(0.32,-9.84,-3.));
#4304 = VECTOR('',#4305,1.);
#4305 = DIRECTION('',(0.,0.,1.));
#4306 = ORIENTED_EDGE('',*,*,#4307,.F.);
#4307 = EDGE_CURVE('',#4291,#4300,#4308,.T.);
#4308 = LINE('',#4309,#4310);
#4309 = CARTESIAN_POINT('',(0.32,-10.48,8.38));
#4310 = VECTOR('',#4311,1.);
#4311 = DIRECTION('',(0.,1.,0.));
#4312 = PLANE('',#4313);
#4313 = AXIS2_PLACEMENT_3D('',#4314,#4315,#4316);
#4314 = CARTESIAN_POINT('',(0.32,-10.48,-3.));
#4315 = DIRECTION('',(1.,0.,0.));
#4316 = DIRECTION('',(0.,0.,1.));
#4317 = ADVANCED_FACE('',(#4318),#4336,.T.);
#4318 = FACE_BOUND('',#4319,.T.);
#4319 = EDGE_LOOP('',(#4320,#4321,#4322,#4330));
#4320 = ORIENTED_EDGE('',*,*,#4299,.F.);
#4321 = ORIENTED_EDGE('',*,*,#2228,.T.);
#4322 = ORIENTED_EDGE('',*,*,#4323,.T.);
#4323 = EDGE_CURVE('',#2221,#4324,#4326,.T.);
#4324 = VERTEX_POINT('',#4325);
#4325 = CARTESIAN_POINT('',(-0.32,-9.84,8.38));
#4326 = LINE('',#4327,#4328);
#4327 = CARTESIAN_POINT('',(-0.32,-9.84,-3.));
#4328 = VECTOR('',#4329,1.);
#4329 = DIRECTION('',(0.,0.,1.));
#4330 = ORIENTED_EDGE('',*,*,#4331,.T.);
#4331 = EDGE_CURVE('',#4324,#4300,#4332,.T.);
#4332 = LINE('',#4333,#4334);
#4333 = CARTESIAN_POINT('',(-0.32,-9.84,8.38));
#4334 = VECTOR('',#4335,1.);
#4335 = DIRECTION('',(1.,0.,0.));
#4336 = PLANE('',#4337);
#4337 = AXIS2_PLACEMENT_3D('',#4338,#4339,#4340);
#4338 = CARTESIAN_POINT('',(-0.32,-9.84,-3.));
#4339 = DIRECTION('',(0.,1.,0.));
#4340 = DIRECTION('',(0.,-0.,1.));
#4341 = ADVANCED_FACE('',(#4342),#4360,.F.);
#4342 = FACE_BOUND('',#4343,.F.);
#4343 = EDGE_LOOP('',(#4344,#4352,#4353,#4354));
#4344 = ORIENTED_EDGE('',*,*,#4345,.F.);
#4345 = EDGE_CURVE('',#2213,#4346,#4348,.T.);
#4346 = VERTEX_POINT('',#4347);
#4347 = CARTESIAN_POINT('',(-0.32,-10.48,8.38));
#4348 = LINE('',#4349,#4350);
#4349 = CARTESIAN_POINT('',(-0.32,-10.48,-3.));
#4350 = VECTOR('',#4351,1.);
#4351 = DIRECTION('',(0.,0.,1.));
#4352 = ORIENTED_EDGE('',*,*,#2220,.T.);
#4353 = ORIENTED_EDGE('',*,*,#4323,.T.);
#4354 = ORIENTED_EDGE('',*,*,#4355,.F.);
#4355 = EDGE_CURVE('',#4346,#4324,#4356,.T.);
#4356 = LINE('',#4357,#4358);
#4357 = CARTESIAN_POINT('',(-0.32,-10.48,8.38));
#4358 = VECTOR('',#4359,1.);
#4359 = DIRECTION('',(0.,1.,0.));
#4360 = PLANE('',#4361);
#4361 = AXIS2_PLACEMENT_3D('',#4362,#4363,#4364);
#4362 = CARTESIAN_POINT('',(-0.32,-10.48,-3.));
#4363 = DIRECTION('',(1.,0.,0.));
#4364 = DIRECTION('',(0.,0.,1.));
#4365 = ADVANCED_FACE('',(#4366),#4377,.F.);
#4366 = FACE_BOUND('',#4367,.F.);
#4367 = EDGE_LOOP('',(#4368,#4369,#4370,#4371));
#4368 = ORIENTED_EDGE('',*,*,#4290,.F.);
#4369 = ORIENTED_EDGE('',*,*,#2212,.T.);
#4370 = ORIENTED_EDGE('',*,*,#4345,.T.);
#4371 = ORIENTED_EDGE('',*,*,#4372,.T.);
#4372 = EDGE_CURVE('',#4346,#4291,#4373,.T.);
#4373 = LINE('',#4374,#4375);
#4374 = CARTESIAN_POINT('',(-0.32,-10.48,8.38));
#4375 = VECTOR('',#4376,1.);
#4376 = DIRECTION('',(1.,0.,0.));
#4377 = PLANE('',#4378);
#4378 = AXIS2_PLACEMENT_3D('',#4379,#4380,#4381);
#4379 = CARTESIAN_POINT('',(-0.32,-10.48,-3.));
#4380 = DIRECTION('',(0.,1.,0.));
#4381 = DIRECTION('',(0.,-0.,1.));
#4382 = ADVANCED_FACE('',(#4383),#4408,.T.);
#4383 = FACE_BOUND('',#4384,.T.);
#4384 = EDGE_LOOP('',(#4385,#4393,#4394,#4402));
#4385 = ORIENTED_EDGE('',*,*,#4386,.F.);
#4386 = EDGE_CURVE('',#2237,#4387,#4389,.T.);
#4387 = VERTEX_POINT('',#4388);
#4388 = CARTESIAN_POINT('',(0.32,-2.22,8.38));
#4389 = LINE('',#4390,#4391);
#4390 = CARTESIAN_POINT('',(0.32,-2.22,-3.));
#4391 = VECTOR('',#4392,1.);
#4392 = DIRECTION('',(0.,0.,1.));
#4393 = ORIENTED_EDGE('',*,*,#2236,.T.);
#4394 = ORIENTED_EDGE('',*,*,#4395,.T.);
#4395 = EDGE_CURVE('',#2239,#4396,#4398,.T.);
#4396 = VERTEX_POINT('',#4397);
#4397 = CARTESIAN_POINT('',(-0.32,-2.22,8.38));
#4398 = LINE('',#4399,#4400);
#4399 = CARTESIAN_POINT('',(-0.32,-2.22,-3.));
#4400 = VECTOR('',#4401,1.);
#4401 = DIRECTION('',(0.,0.,1.));
#4402 = ORIENTED_EDGE('',*,*,#4403,.T.);
#4403 = EDGE_CURVE('',#4396,#4387,#4404,.T.);
#4404 = LINE('',#4405,#4406);
#4405 = CARTESIAN_POINT('',(-0.32,-2.22,8.38));
#4406 = VECTOR('',#4407,1.);
#4407 = DIRECTION('',(1.,0.,0.));
#4408 = PLANE('',#4409);
#4409 = AXIS2_PLACEMENT_3D('',#4410,#4411,#4412);
#4410 = CARTESIAN_POINT('',(-0.32,-2.22,-3.));
#4411 = DIRECTION('',(0.,1.,0.));
#4412 = DIRECTION('',(0.,-0.,1.));
#4413 = ADVANCED_FACE('',(#4414),#4432,.F.);
#4414 = FACE_BOUND('',#4415,.F.);
#4415 = EDGE_LOOP('',(#4416,#4424,#4425,#4426));
#4416 = ORIENTED_EDGE('',*,*,#4417,.F.);
#4417 = EDGE_CURVE('',#2255,#4418,#4420,.T.);
#4418 = VERTEX_POINT('',#4419);
#4419 = CARTESIAN_POINT('',(-0.32,-2.86,8.38));
#4420 = LINE('',#4421,#4422);
#4421 = CARTESIAN_POINT('',(-0.32,-2.86,-3.));
#4422 = VECTOR('',#4423,1.);
#4423 = DIRECTION('',(0.,0.,1.));
#4424 = ORIENTED_EDGE('',*,*,#2262,.T.);
#4425 = ORIENTED_EDGE('',*,*,#4395,.T.);
#4426 = ORIENTED_EDGE('',*,*,#4427,.F.);
#4427 = EDGE_CURVE('',#4418,#4396,#4428,.T.);
#4428 = LINE('',#4429,#4430);
#4429 = CARTESIAN_POINT('',(-0.32,-2.86,8.38));
#4430 = VECTOR('',#4431,1.);
#4431 = DIRECTION('',(0.,1.,0.));
#4432 = PLANE('',#4433);
#4433 = AXIS2_PLACEMENT_3D('',#4434,#4435,#4436);
#4434 = CARTESIAN_POINT('',(-0.32,-2.86,-3.));
#4435 = DIRECTION('',(1.,0.,0.));
#4436 = DIRECTION('',(0.,0.,1.));
#4437 = ADVANCED_FACE('',(#4438),#4456,.F.);
#4438 = FACE_BOUND('',#4439,.F.);
#4439 = EDGE_LOOP('',(#4440,#4448,#4449,#4450));
#4440 = ORIENTED_EDGE('',*,*,#4441,.F.);
#4441 = EDGE_CURVE('',#2247,#4442,#4444,.T.);
#4442 = VERTEX_POINT('',#4443);
#4443 = CARTESIAN_POINT('',(0.32,-2.86,8.38));
#4444 = LINE('',#4445,#4446);
#4445 = CARTESIAN_POINT('',(0.32,-2.86,-3.));
#4446 = VECTOR('',#4447,1.);
#4447 = DIRECTION('',(0.,0.,1.));
#4448 = ORIENTED_EDGE('',*,*,#2254,.T.);
#4449 = ORIENTED_EDGE('',*,*,#4417,.T.);
#4450 = ORIENTED_EDGE('',*,*,#4451,.T.);
#4451 = EDGE_CURVE('',#4418,#4442,#4452,.T.);
#4452 = LINE('',#4453,#4454);
#4453 = CARTESIAN_POINT('',(-0.32,-2.86,8.38));
#4454 = VECTOR('',#4455,1.);
#4455 = DIRECTION('',(1.,0.,0.));
#4456 = PLANE('',#4457);
#4457 = AXIS2_PLACEMENT_3D('',#4458,#4459,#4460);
#4458 = CARTESIAN_POINT('',(-0.32,-2.86,-3.));
#4459 = DIRECTION('',(0.,1.,0.));
#4460 = DIRECTION('',(0.,-0.,1.));
#4461 = ADVANCED_FACE('',(#4462),#4473,.T.);
#4462 = FACE_BOUND('',#4463,.T.);
#4463 = EDGE_LOOP('',(#4464,#4465,#4466,#4467));
#4464 = ORIENTED_EDGE('',*,*,#4441,.F.);
#4465 = ORIENTED_EDGE('',*,*,#2246,.T.);
#4466 = ORIENTED_EDGE('',*,*,#4386,.T.);
#4467 = ORIENTED_EDGE('',*,*,#4468,.F.);
#4468 = EDGE_CURVE('',#4442,#4387,#4469,.T.);
#4469 = LINE('',#4470,#4471);
#4470 = CARTESIAN_POINT('',(0.32,-2.86,8.38));
#4471 = VECTOR('',#4472,1.);
#4472 = DIRECTION('',(0.,1.,0.));
#4473 = PLANE('',#4474);
#4474 = AXIS2_PLACEMENT_3D('',#4475,#4476,#4477);
#4475 = CARTESIAN_POINT('',(0.32,-2.86,-3.));
#4476 = DIRECTION('',(1.,0.,0.));
#4477 = DIRECTION('',(0.,0.,1.));
#4478 = ADVANCED_FACE('',(#4479),#4504,.F.);
#4479 = FACE_BOUND('',#4480,.F.);
#4480 = EDGE_LOOP('',(#4481,#4489,#4490,#4498));
#4481 = ORIENTED_EDGE('',*,*,#4482,.F.);
#4482 = EDGE_CURVE('',#2271,#4483,#4485,.T.);
#4483 = VERTEX_POINT('',#4484);
#4484 = CARTESIAN_POINT('',(0.32,-5.4,8.38));
#4485 = LINE('',#4486,#4487);
#4486 = CARTESIAN_POINT('',(0.32,-5.4,-3.));
#4487 = VECTOR('',#4488,1.);
#4488 = DIRECTION('',(0.,0.,1.));
#4489 = ORIENTED_EDGE('',*,*,#2270,.T.);
#4490 = ORIENTED_EDGE('',*,*,#4491,.T.);
#4491 = EDGE_CURVE('',#2273,#4492,#4494,.T.);
#4492 = VERTEX_POINT('',#4493);
#4493 = CARTESIAN_POINT('',(-0.32,-5.4,8.38));
#4494 = LINE('',#4495,#4496);
#4495 = CARTESIAN_POINT('',(-0.32,-5.4,-3.));
#4496 = VECTOR('',#4497,1.);
#4497 = DIRECTION('',(0.,0.,1.));
#4498 = ORIENTED_EDGE('',*,*,#4499,.T.);
#4499 = EDGE_CURVE('',#4492,#4483,#4500,.T.);
#4500 = LINE('',#4501,#4502);
#4501 = CARTESIAN_POINT('',(-0.32,-5.4,8.38));
#4502 = VECTOR('',#4503,1.);
#4503 = DIRECTION('',(1.,0.,0.));
#4504 = PLANE('',#4505);
#4505 = AXIS2_PLACEMENT_3D('',#4506,#4507,#4508);
#4506 = CARTESIAN_POINT('',(-0.32,-5.4,-3.));
#4507 = DIRECTION('',(0.,1.,0.));
#4508 = DIRECTION('',(0.,-0.,1.));
#4509 = ADVANCED_FACE('',(#4510),#4528,.T.);
#4510 = FACE_BOUND('',#4511,.T.);
#4511 = EDGE_LOOP('',(#4512,#4513,#4514,#4522));
#4512 = ORIENTED_EDGE('',*,*,#4482,.F.);
#4513 = ORIENTED_EDGE('',*,*,#2296,.T.);
#4514 = ORIENTED_EDGE('',*,*,#4515,.T.);
#4515 = EDGE_CURVE('',#2289,#4516,#4518,.T.);
#4516 = VERTEX_POINT('',#4517);
#4517 = CARTESIAN_POINT('',(0.32,-4.76,8.38));
#4518 = LINE('',#4519,#4520);
#4519 = CARTESIAN_POINT('',(0.32,-4.76,-3.));
#4520 = VECTOR('',#4521,1.);
#4521 = DIRECTION('',(0.,0.,1.));
#4522 = ORIENTED_EDGE('',*,*,#4523,.F.);
#4523 = EDGE_CURVE('',#4483,#4516,#4524,.T.);
#4524 = LINE('',#4525,#4526);
#4525 = CARTESIAN_POINT('',(0.32,-5.4,8.38));
#4526 = VECTOR('',#4527,1.);
#4527 = DIRECTION('',(0.,1.,0.));
#4528 = PLANE('',#4529);
#4529 = AXIS2_PLACEMENT_3D('',#4530,#4531,#4532);
#4530 = CARTESIAN_POINT('',(0.32,-5.4,-3.));
#4531 = DIRECTION('',(1.,0.,0.));
#4532 = DIRECTION('',(0.,0.,1.));
#4533 = ADVANCED_FACE('',(#4534),#4552,.T.);
#4534 = FACE_BOUND('',#4535,.T.);
#4535 = EDGE_LOOP('',(#4536,#4537,#4538,#4546));
#4536 = ORIENTED_EDGE('',*,*,#4515,.F.);
#4537 = ORIENTED_EDGE('',*,*,#2288,.T.);
#4538 = ORIENTED_EDGE('',*,*,#4539,.T.);
#4539 = EDGE_CURVE('',#2281,#4540,#4542,.T.);
#4540 = VERTEX_POINT('',#4541);
#4541 = CARTESIAN_POINT('',(-0.32,-4.76,8.38));
#4542 = LINE('',#4543,#4544);
#4543 = CARTESIAN_POINT('',(-0.32,-4.76,-3.));
#4544 = VECTOR('',#4545,1.);
#4545 = DIRECTION('',(0.,0.,1.));
#4546 = ORIENTED_EDGE('',*,*,#4547,.T.);
#4547 = EDGE_CURVE('',#4540,#4516,#4548,.T.);
#4548 = LINE('',#4549,#4550);
#4549 = CARTESIAN_POINT('',(-0.32,-4.76,8.38));
#4550 = VECTOR('',#4551,1.);
#4551 = DIRECTION('',(1.,0.,0.));
#4552 = PLANE('',#4553);
#4553 = AXIS2_PLACEMENT_3D('',#4554,#4555,#4556);
#4554 = CARTESIAN_POINT('',(-0.32,-4.76,-3.));
#4555 = DIRECTION('',(0.,1.,0.));
#4556 = DIRECTION('',(0.,-0.,1.));
#4557 = ADVANCED_FACE('',(#4558),#4569,.F.);
#4558 = FACE_BOUND('',#4559,.F.);
#4559 = EDGE_LOOP('',(#4560,#4561,#4562,#4563));
#4560 = ORIENTED_EDGE('',*,*,#4491,.F.);
#4561 = ORIENTED_EDGE('',*,*,#2280,.T.);
#4562 = ORIENTED_EDGE('',*,*,#4539,.T.);
#4563 = ORIENTED_EDGE('',*,*,#4564,.F.);
#4564 = EDGE_CURVE('',#4492,#4540,#4565,.T.);
#4565 = LINE('',#4566,#4567);
#4566 = CARTESIAN_POINT('',(-0.32,-5.4,8.38));
#4567 = VECTOR('',#4568,1.);
#4568 = DIRECTION('',(0.,1.,0.));
#4569 = PLANE('',#4570);
#4570 = AXIS2_PLACEMENT_3D('',#4571,#4572,#4573);
#4571 = CARTESIAN_POINT('',(-0.32,-5.4,-3.));
#4572 = DIRECTION('',(1.,0.,0.));
#4573 = DIRECTION('',(0.,0.,1.));
#4574 = ADVANCED_FACE('',(#4575),#4600,.T.);
#4575 = FACE_BOUND('',#4576,.T.);
#4576 = EDGE_LOOP('',(#4577,#4585,#4586,#4594));
#4577 = ORIENTED_EDGE('',*,*,#4578,.F.);
#4578 = EDGE_CURVE('',#2305,#4579,#4581,.T.);
#4579 = VERTEX_POINT('',#4580);
#4580 = CARTESIAN_POINT('',(0.32,-0.32,8.38));
#4581 = LINE('',#4582,#4583);
#4582 = CARTESIAN_POINT('',(0.32,-0.32,-3.));
#4583 = VECTOR('',#4584,1.);
#4584 = DIRECTION('',(0.,0.,1.));
#4585 = ORIENTED_EDGE('',*,*,#2304,.T.);
#4586 = ORIENTED_EDGE('',*,*,#4587,.T.);
#4587 = EDGE_CURVE('',#2307,#4588,#4590,.T.);
#4588 = VERTEX_POINT('',#4589);
#4589 = CARTESIAN_POINT('',(0.32,0.32,8.38));
#4590 = LINE('',#4591,#4592);
#4591 = CARTESIAN_POINT('',(0.32,0.32,-3.));
#4592 = VECTOR('',#4593,1.);
#4593 = DIRECTION('',(0.,0.,1.));
#4594 = ORIENTED_EDGE('',*,*,#4595,.F.);
#4595 = EDGE_CURVE('',#4579,#4588,#4596,.T.);
#4596 = LINE('',#4597,#4598);
#4597 = CARTESIAN_POINT('',(0.32,-0.32,8.38));
#4598 = VECTOR('',#4599,1.);
#4599 = DIRECTION('',(0.,1.,0.));
#4600 = PLANE('',#4601);
#4601 = AXIS2_PLACEMENT_3D('',#4602,#4603,#4604);
#4602 = CARTESIAN_POINT('',(0.32,-0.32,-3.));
#4603 = DIRECTION('',(1.,0.,0.));
#4604 = DIRECTION('',(0.,0.,1.));
#4605 = ADVANCED_FACE('',(#4606),#4624,.T.);
#4606 = FACE_BOUND('',#4607,.T.);
#4607 = EDGE_LOOP('',(#4608,#4609,#4610,#4618));
#4608 = ORIENTED_EDGE('',*,*,#4587,.F.);
#4609 = ORIENTED_EDGE('',*,*,#2330,.T.);
#4610 = ORIENTED_EDGE('',*,*,#4611,.T.);
#4611 = EDGE_CURVE('',#2323,#4612,#4614,.T.);
#4612 = VERTEX_POINT('',#4613);
#4613 = CARTESIAN_POINT('',(-0.32,0.32,8.38));
#4614 = LINE('',#4615,#4616);
#4615 = CARTESIAN_POINT('',(-0.32,0.32,-3.));
#4616 = VECTOR('',#4617,1.);
#4617 = DIRECTION('',(0.,0.,1.));
#4618 = ORIENTED_EDGE('',*,*,#4619,.T.);
#4619 = EDGE_CURVE('',#4612,#4588,#4620,.T.);
#4620 = LINE('',#4621,#4622);
#4621 = CARTESIAN_POINT('',(-0.32,0.32,8.38));
#4622 = VECTOR('',#4623,1.);
#4623 = DIRECTION('',(1.,0.,0.));
#4624 = PLANE('',#4625);
#4625 = AXIS2_PLACEMENT_3D('',#4626,#4627,#4628);
#4626 = CARTESIAN_POINT('',(-0.32,0.32,-3.));
#4627 = DIRECTION('',(0.,1.,0.));
#4628 = DIRECTION('',(0.,-0.,1.));
#4629 = ADVANCED_FACE('',(#4630),#4648,.F.);
#4630 = FACE_BOUND('',#4631,.F.);
#4631 = EDGE_LOOP('',(#4632,#4640,#4641,#4642));
#4632 = ORIENTED_EDGE('',*,*,#4633,.F.);
#4633 = EDGE_CURVE('',#2315,#4634,#4636,.T.);
#4634 = VERTEX_POINT('',#4635);
#4635 = CARTESIAN_POINT('',(-0.32,-0.32,8.38));
#4636 = LINE('',#4637,#4638);
#4637 = CARTESIAN_POINT('',(-0.32,-0.32,-3.));
#4638 = VECTOR('',#4639,1.);
#4639 = DIRECTION('',(0.,0.,1.));
#4640 = ORIENTED_EDGE('',*,*,#2322,.T.);
#4641 = ORIENTED_EDGE('',*,*,#4611,.T.);
#4642 = ORIENTED_EDGE('',*,*,#4643,.F.);
#4643 = EDGE_CURVE('',#4634,#4612,#4644,.T.);
#4644 = LINE('',#4645,#4646);
#4645 = CARTESIAN_POINT('',(-0.32,-0.32,8.38));
#4646 = VECTOR('',#4647,1.);
#4647 = DIRECTION('',(0.,1.,0.));
#4648 = PLANE('',#4649);
#4649 = AXIS2_PLACEMENT_3D('',#4650,#4651,#4652);
#4650 = CARTESIAN_POINT('',(-0.32,-0.32,-3.));
#4651 = DIRECTION('',(1.,0.,0.));
#4652 = DIRECTION('',(0.,0.,1.));
#4653 = ADVANCED_FACE('',(#4654),#4665,.F.);
#4654 = FACE_BOUND('',#4655,.F.);
#4655 = EDGE_LOOP('',(#4656,#4657,#4658,#4659));
#4656 = ORIENTED_EDGE('',*,*,#4578,.F.);
#4657 = ORIENTED_EDGE('',*,*,#2314,.T.);
#4658 = ORIENTED_EDGE('',*,*,#4633,.T.);
#4659 = ORIENTED_EDGE('',*,*,#4660,.T.);
#4660 = EDGE_CURVE('',#4634,#4579,#4661,.T.);
#4661 = LINE('',#4662,#4663);
#4662 = CARTESIAN_POINT('',(-0.32,-0.32,8.38));
#4663 = VECTOR('',#4664,1.);
#4664 = DIRECTION('',(1.,0.,0.));
#4665 = PLANE('',#4666);
#4666 = AXIS2_PLACEMENT_3D('',#4667,#4668,#4669);
#4667 = CARTESIAN_POINT('',(-0.32,-0.32,-3.));
#4668 = DIRECTION('',(0.,1.,0.));
#4669 = DIRECTION('',(0.,-0.,1.));
#4670 = ADVANCED_FACE('',(#4671),#4696,.T.);
#4671 = FACE_BOUND('',#4672,.F.);
#4672 = EDGE_LOOP('',(#4673,#4681,#4682,#4690));
#4673 = ORIENTED_EDGE('',*,*,#4674,.F.);
#4674 = EDGE_CURVE('',#3147,#4675,#4677,.T.);
#4675 = VERTEX_POINT('',#4676);
#4676 = CARTESIAN_POINT('',(-0.16,-17.94,-3.));
#4677 = LINE('',#4678,#4679);
#4678 = CARTESIAN_POINT('',(-0.266666666667,-18.04666666666,
    -2.893333333333));
#4679 = VECTOR('',#4680,1.);
#4680 = DIRECTION('',(0.57735026919,0.57735026919,-0.57735026919));
#4681 = ORIENTED_EDGE('',*,*,#3146,.T.);
#4682 = ORIENTED_EDGE('',*,*,#4683,.T.);
#4683 = EDGE_CURVE('',#3139,#4684,#4686,.T.);
#4684 = VERTEX_POINT('',#4685);
#4685 = CARTESIAN_POINT('',(0.16,-17.94,-3.));
#4686 = LINE('',#4687,#4688);
#4687 = CARTESIAN_POINT('',(0.16,-17.94,-3.));
#4688 = VECTOR('',#4689,1.);
#4689 = DIRECTION('',(-0.57735026919,0.57735026919,-0.57735026919));
#4690 = ORIENTED_EDGE('',*,*,#4691,.F.);
#4691 = EDGE_CURVE('',#4675,#4684,#4692,.T.);
#4692 = LINE('',#4693,#4694);
#4693 = CARTESIAN_POINT('',(-0.32,-17.94,-3.));
#4694 = VECTOR('',#4695,1.);
#4695 = DIRECTION('',(1.,0.,0.));
#4696 = PLANE('',#4697);
#4697 = AXIS2_PLACEMENT_3D('',#4698,#4699,#4700);
#4698 = CARTESIAN_POINT('',(-0.32,-18.02,-2.92));
#4699 = DIRECTION('',(1.735167508357E-18,-0.707106781187,-0.707106781187
    ));
#4700 = DIRECTION('',(-1.,-1.226948711654E-18,-1.226948711654E-18));
#4701 = ADVANCED_FACE('',(#4702),#4720,.F.);
#4702 = FACE_BOUND('',#4703,.F.);
#4703 = EDGE_LOOP('',(#4704,#4705,#4706,#4714));
#4704 = ORIENTED_EDGE('',*,*,#4683,.F.);
#4705 = ORIENTED_EDGE('',*,*,#3170,.T.);
#4706 = ORIENTED_EDGE('',*,*,#4707,.T.);
#4707 = EDGE_CURVE('',#3171,#4708,#4710,.T.);
#4708 = VERTEX_POINT('',#4709);
#4709 = CARTESIAN_POINT('',(0.16,-17.62,-3.));
#4710 = LINE('',#4711,#4712);
#4711 = CARTESIAN_POINT('',(5.333333333333E-02,-17.72666666666,
    -3.106666666667));
#4712 = VECTOR('',#4713,1.);
#4713 = DIRECTION('',(-0.57735026919,-0.57735026919,-0.57735026919));
#4714 = ORIENTED_EDGE('',*,*,#4715,.F.);
#4715 = EDGE_CURVE('',#4684,#4708,#4716,.T.);
#4716 = LINE('',#4717,#4718);
#4717 = CARTESIAN_POINT('',(0.16,-18.1,-3.));
#4718 = VECTOR('',#4719,1.);
#4719 = DIRECTION('',(0.,1.,0.));
#4720 = PLANE('',#4721);
#4721 = AXIS2_PLACEMENT_3D('',#4722,#4723,#4724);
#4722 = CARTESIAN_POINT('',(0.24,-18.1,-2.92));
#4723 = DIRECTION('',(-0.707106781187,1.735167508357E-18,0.707106781187)
  );
#4724 = DIRECTION('',(1.226948711654E-18,1.,-1.226948711654E-18));
#4725 = ADVANCED_FACE('',(#4726),#4744,.F.);
#4726 = FACE_BOUND('',#4727,.T.);
#4727 = EDGE_LOOP('',(#4728,#4736,#4737,#4738));
#4728 = ORIENTED_EDGE('',*,*,#4729,.F.);
#4729 = EDGE_CURVE('',#3195,#4730,#4732,.T.);
#4730 = VERTEX_POINT('',#4731);
#4731 = CARTESIAN_POINT('',(-0.16,-17.62,-3.));
#4732 = LINE('',#4733,#4734);
#4733 = CARTESIAN_POINT('',(-0.16,-17.62,-3.));
#4734 = VECTOR('',#4735,1.);
#4735 = DIRECTION('',(0.57735026919,-0.57735026919,-0.57735026919));
#4736 = ORIENTED_EDGE('',*,*,#3194,.T.);
#4737 = ORIENTED_EDGE('',*,*,#4707,.T.);
#4738 = ORIENTED_EDGE('',*,*,#4739,.F.);
#4739 = EDGE_CURVE('',#4730,#4708,#4740,.T.);
#4740 = LINE('',#4741,#4742);
#4741 = CARTESIAN_POINT('',(-0.32,-17.62,-3.));
#4742 = VECTOR('',#4743,1.);
#4743 = DIRECTION('',(1.,0.,0.));
#4744 = PLANE('',#4745);
#4745 = AXIS2_PLACEMENT_3D('',#4746,#4747,#4748);
#4746 = CARTESIAN_POINT('',(-0.32,-17.54,-2.92));
#4747 = DIRECTION('',(-1.735167508357E-18,-0.707106781187,0.707106781187
    ));
#4748 = DIRECTION('',(-1.,1.226948711654E-18,-1.226948711654E-18));
#4749 = ADVANCED_FACE('',(#4750),#4761,.T.);
#4750 = FACE_BOUND('',#4751,.T.);
#4751 = EDGE_LOOP('',(#4752,#4753,#4754,#4755));
#4752 = ORIENTED_EDGE('',*,*,#4674,.F.);
#4753 = ORIENTED_EDGE('',*,*,#3218,.T.);
#4754 = ORIENTED_EDGE('',*,*,#4729,.T.);
#4755 = ORIENTED_EDGE('',*,*,#4756,.F.);
#4756 = EDGE_CURVE('',#4675,#4730,#4757,.T.);
#4757 = LINE('',#4758,#4759);
#4758 = CARTESIAN_POINT('',(-0.16,-18.1,-3.));
#4759 = VECTOR('',#4760,1.);
#4760 = DIRECTION('',(0.,1.,0.));
#4761 = PLANE('',#4762);
#4762 = AXIS2_PLACEMENT_3D('',#4763,#4764,#4765);
#4763 = CARTESIAN_POINT('',(-0.24,-18.1,-2.92));
#4764 = DIRECTION('',(-0.707106781187,-1.735167508357E-18,
    -0.707106781187));
#4765 = DIRECTION('',(-1.226948711654E-18,1.,-1.226948711654E-18));
#4766 = ADVANCED_FACE('',(#4767),#4792,.F.);
#4767 = FACE_BOUND('',#4768,.T.);
#4768 = EDGE_LOOP('',(#4769,#4777,#4778,#4786));
#4769 = ORIENTED_EDGE('',*,*,#4770,.F.);
#4770 = EDGE_CURVE('',#3243,#4771,#4773,.T.);
#4771 = VERTEX_POINT('',#4772);
#4772 = CARTESIAN_POINT('',(-0.16,-15.08,-3.));
#4773 = LINE('',#4774,#4775);
#4774 = CARTESIAN_POINT('',(-0.16,-15.08,-3.));
#4775 = VECTOR('',#4776,1.);
#4776 = DIRECTION('',(0.57735026919,-0.57735026919,-0.57735026919));
#4777 = ORIENTED_EDGE('',*,*,#3242,.T.);
#4778 = ORIENTED_EDGE('',*,*,#4779,.T.);
#4779 = EDGE_CURVE('',#3235,#4780,#4782,.T.);
#4780 = VERTEX_POINT('',#4781);
#4781 = CARTESIAN_POINT('',(0.16,-15.08,-3.));
#4782 = LINE('',#4783,#4784);
#4783 = CARTESIAN_POINT('',(5.333333333333E-02,-15.18666666666,
    -3.106666666667));
#4784 = VECTOR('',#4785,1.);
#4785 = DIRECTION('',(-0.57735026919,-0.57735026919,-0.57735026919));
#4786 = ORIENTED_EDGE('',*,*,#4787,.F.);
#4787 = EDGE_CURVE('',#4771,#4780,#4788,.T.);
#4788 = LINE('',#4789,#4790);
#4789 = CARTESIAN_POINT('',(-0.32,-15.08,-3.));
#4790 = VECTOR('',#4791,1.);
#4791 = DIRECTION('',(1.,0.,0.));
#4792 = PLANE('',#4793);
#4793 = AXIS2_PLACEMENT_3D('',#4794,#4795,#4796);
#4794 = CARTESIAN_POINT('',(-0.32,-15.,-2.92));
#4795 = DIRECTION('',(-1.735167508357E-18,-0.707106781187,0.707106781187
    ));
#4796 = DIRECTION('',(-1.,1.226948711654E-18,-1.226948711654E-18));
#4797 = ADVANCED_FACE('',(#4798),#4816,.T.);
#4798 = FACE_BOUND('',#4799,.T.);
#4799 = EDGE_LOOP('',(#4800,#4808,#4809,#4810));
#4800 = ORIENTED_EDGE('',*,*,#4801,.F.);
#4801 = EDGE_CURVE('',#3266,#4802,#4804,.T.);
#4802 = VERTEX_POINT('',#4803);
#4803 = CARTESIAN_POINT('',(-0.16,-15.4,-3.));
#4804 = LINE('',#4805,#4806);
#4805 = CARTESIAN_POINT('',(-0.266666666667,-15.50666666666,
    -2.893333333333));
#4806 = VECTOR('',#4807,1.);
#4807 = DIRECTION('',(0.57735026919,0.57735026919,-0.57735026919));
#4808 = ORIENTED_EDGE('',*,*,#3273,.T.);
#4809 = ORIENTED_EDGE('',*,*,#4770,.T.);
#4810 = ORIENTED_EDGE('',*,*,#4811,.F.);
#4811 = EDGE_CURVE('',#4802,#4771,#4812,.T.);
#4812 = LINE('',#4813,#4814);
#4813 = CARTESIAN_POINT('',(-0.16,-15.56,-3.));
#4814 = VECTOR('',#4815,1.);
#4815 = DIRECTION('',(0.,1.,0.));
#4816 = PLANE('',#4817);
#4817 = AXIS2_PLACEMENT_3D('',#4818,#4819,#4820);
#4818 = CARTESIAN_POINT('',(-0.24,-15.56,-2.92));
#4819 = DIRECTION('',(-0.707106781187,-1.735167508357E-18,
    -0.707106781187));
#4820 = DIRECTION('',(-1.226948711654E-18,1.,-1.226948711654E-18));
#4821 = ADVANCED_FACE('',(#4822),#4840,.T.);
#4822 = FACE_BOUND('',#4823,.F.);
#4823 = EDGE_LOOP('',(#4824,#4825,#4826,#4834));
#4824 = ORIENTED_EDGE('',*,*,#4801,.F.);
#4825 = ORIENTED_EDGE('',*,*,#3297,.T.);
#4826 = ORIENTED_EDGE('',*,*,#4827,.T.);
#4827 = EDGE_CURVE('',#3290,#4828,#4830,.T.);
#4828 = VERTEX_POINT('',#4829);
#4829 = CARTESIAN_POINT('',(0.16,-15.4,-3.));
#4830 = LINE('',#4831,#4832);
#4831 = CARTESIAN_POINT('',(0.16,-15.4,-3.));
#4832 = VECTOR('',#4833,1.);
#4833 = DIRECTION('',(-0.57735026919,0.57735026919,-0.57735026919));
#4834 = ORIENTED_EDGE('',*,*,#4835,.F.);
#4835 = EDGE_CURVE('',#4802,#4828,#4836,.T.);
#4836 = LINE('',#4837,#4838);
#4837 = CARTESIAN_POINT('',(-0.32,-15.4,-3.));
#4838 = VECTOR('',#4839,1.);
#4839 = DIRECTION('',(1.,0.,0.));
#4840 = PLANE('',#4841);
#4841 = AXIS2_PLACEMENT_3D('',#4842,#4843,#4844);
#4842 = CARTESIAN_POINT('',(-0.32,-15.48,-2.92));
#4843 = DIRECTION('',(1.735167508357E-18,-0.707106781187,-0.707106781187
    ));
#4844 = DIRECTION('',(-1.,-1.226948711654E-18,-1.226948711654E-18));
#4845 = ADVANCED_FACE('',(#4846),#4857,.F.);
#4846 = FACE_BOUND('',#4847,.F.);
#4847 = EDGE_LOOP('',(#4848,#4849,#4850,#4851));
#4848 = ORIENTED_EDGE('',*,*,#4827,.F.);
#4849 = ORIENTED_EDGE('',*,*,#3314,.T.);
#4850 = ORIENTED_EDGE('',*,*,#4779,.T.);
#4851 = ORIENTED_EDGE('',*,*,#4852,.F.);
#4852 = EDGE_CURVE('',#4828,#4780,#4853,.T.);
#4853 = LINE('',#4854,#4855);
#4854 = CARTESIAN_POINT('',(0.16,-15.56,-3.));
#4855 = VECTOR('',#4856,1.);
#4856 = DIRECTION('',(0.,1.,0.));
#4857 = PLANE('',#4858);
#4858 = AXIS2_PLACEMENT_3D('',#4859,#4860,#4861);
#4859 = CARTESIAN_POINT('',(0.24,-15.56,-2.92));
#4860 = DIRECTION('',(-0.707106781187,1.735167508357E-18,0.707106781187)
  );
#4861 = DIRECTION('',(1.226948711654E-18,1.,-1.226948711654E-18));
#4862 = ADVANCED_FACE('',(#4863),#4888,.F.);
#4863 = FACE_BOUND('',#4864,.F.);
#4864 = EDGE_LOOP('',(#4865,#4873,#4874,#4882));
#4865 = ORIENTED_EDGE('',*,*,#4866,.F.);
#4866 = EDGE_CURVE('',#3331,#4867,#4869,.T.);
#4867 = VERTEX_POINT('',#4868);
#4868 = CARTESIAN_POINT('',(0.16,-7.78,-3.));
#4869 = LINE('',#4870,#4871);
#4870 = CARTESIAN_POINT('',(0.16,-7.78,-3.));
#4871 = VECTOR('',#4872,1.);
#4872 = DIRECTION('',(-0.57735026919,0.57735026919,-0.57735026919));
#4873 = ORIENTED_EDGE('',*,*,#3338,.T.);
#4874 = ORIENTED_EDGE('',*,*,#4875,.T.);
#4875 = EDGE_CURVE('',#3339,#4876,#4878,.T.);
#4876 = VERTEX_POINT('',#4877);
#4877 = CARTESIAN_POINT('',(0.16,-7.46,-3.));
#4878 = LINE('',#4879,#4880);
#4879 = CARTESIAN_POINT('',(5.333333333333E-02,-7.566666666667,
    -3.106666666667));
#4880 = VECTOR('',#4881,1.);
#4881 = DIRECTION('',(-0.57735026919,-0.57735026919,-0.57735026919));
#4882 = ORIENTED_EDGE('',*,*,#4883,.F.);
#4883 = EDGE_CURVE('',#4867,#4876,#4884,.T.);
#4884 = LINE('',#4885,#4886);
#4885 = CARTESIAN_POINT('',(0.16,-7.94,-3.));
#4886 = VECTOR('',#4887,1.);
#4887 = DIRECTION('',(0.,1.,0.));
#4888 = PLANE('',#4889);
#4889 = AXIS2_PLACEMENT_3D('',#4890,#4891,#4892);
#4890 = CARTESIAN_POINT('',(0.24,-7.94,-2.92));
#4891 = DIRECTION('',(-0.707106781187,1.735167508357E-18,0.707106781187)
  );
#4892 = DIRECTION('',(1.226948711654E-18,1.,-1.226948711654E-18));
#4893 = ADVANCED_FACE('',(#4894),#4912,.F.);
#4894 = FACE_BOUND('',#4895,.T.);
#4895 = EDGE_LOOP('',(#4896,#4904,#4905,#4906));
#4896 = ORIENTED_EDGE('',*,*,#4897,.F.);
#4897 = EDGE_CURVE('',#3363,#4898,#4900,.T.);
#4898 = VERTEX_POINT('',#4899);
#4899 = CARTESIAN_POINT('',(-0.16,-7.46,-3.));
#4900 = LINE('',#4901,#4902);
#4901 = CARTESIAN_POINT('',(-0.16,-7.46,-3.));
#4902 = VECTOR('',#4903,1.);
#4903 = DIRECTION('',(0.57735026919,-0.57735026919,-0.57735026919));
#4904 = ORIENTED_EDGE('',*,*,#3362,.T.);
#4905 = ORIENTED_EDGE('',*,*,#4875,.T.);
#4906 = ORIENTED_EDGE('',*,*,#4907,.F.);
#4907 = EDGE_CURVE('',#4898,#4876,#4908,.T.);
#4908 = LINE('',#4909,#4910);
#4909 = CARTESIAN_POINT('',(-0.32,-7.46,-3.));
#4910 = VECTOR('',#4911,1.);
#4911 = DIRECTION('',(1.,0.,0.));
#4912 = PLANE('',#4913);
#4913 = AXIS2_PLACEMENT_3D('',#4914,#4915,#4916);
#4914 = CARTESIAN_POINT('',(-0.32,-7.38,-2.92));
#4915 = DIRECTION('',(-1.735167508357E-18,-0.707106781187,0.707106781187
    ));
#4916 = DIRECTION('',(-1.,1.226948711654E-18,-1.226948711654E-18));
#4917 = ADVANCED_FACE('',(#4918),#4936,.T.);
#4918 = FACE_BOUND('',#4919,.T.);
#4919 = EDGE_LOOP('',(#4920,#4928,#4929,#4930));
#4920 = ORIENTED_EDGE('',*,*,#4921,.F.);
#4921 = EDGE_CURVE('',#3386,#4922,#4924,.T.);
#4922 = VERTEX_POINT('',#4923);
#4923 = CARTESIAN_POINT('',(-0.16,-7.78,-3.));
#4924 = LINE('',#4925,#4926);
#4925 = CARTESIAN_POINT('',(-0.266666666667,-7.886666666667,
    -2.893333333333));
#4926 = VECTOR('',#4927,1.);
#4927 = DIRECTION('',(0.57735026919,0.57735026919,-0.57735026919));
#4928 = ORIENTED_EDGE('',*,*,#3393,.T.);
#4929 = ORIENTED_EDGE('',*,*,#4897,.T.);
#4930 = ORIENTED_EDGE('',*,*,#4931,.F.);
#4931 = EDGE_CURVE('',#4922,#4898,#4932,.T.);
#4932 = LINE('',#4933,#4934);
#4933 = CARTESIAN_POINT('',(-0.16,-7.94,-3.));
#4934 = VECTOR('',#4935,1.);
#4935 = DIRECTION('',(0.,1.,0.));
#4936 = PLANE('',#4937);
#4937 = AXIS2_PLACEMENT_3D('',#4938,#4939,#4940);
#4938 = CARTESIAN_POINT('',(-0.24,-7.94,-2.92));
#4939 = DIRECTION('',(-0.707106781187,-1.735167508357E-18,
    -0.707106781187));
#4940 = DIRECTION('',(-1.226948711654E-18,1.,-1.226948711654E-18));
#4941 = ADVANCED_FACE('',(#4942),#4953,.T.);
#4942 = FACE_BOUND('',#4943,.F.);
#4943 = EDGE_LOOP('',(#4944,#4945,#4946,#4947));
#4944 = ORIENTED_EDGE('',*,*,#4921,.F.);
#4945 = ORIENTED_EDGE('',*,*,#3410,.T.);
#4946 = ORIENTED_EDGE('',*,*,#4866,.T.);
#4947 = ORIENTED_EDGE('',*,*,#4948,.F.);
#4948 = EDGE_CURVE('',#4922,#4867,#4949,.T.);
#4949 = LINE('',#4950,#4951);
#4950 = CARTESIAN_POINT('',(-0.32,-7.78,-3.));
#4951 = VECTOR('',#4952,1.);
#4952 = DIRECTION('',(1.,0.,0.));
#4953 = PLANE('',#4954);
#4954 = AXIS2_PLACEMENT_3D('',#4955,#4956,#4957);
#4955 = CARTESIAN_POINT('',(-0.32,-7.86,-2.92));
#4956 = DIRECTION('',(1.735167508357E-18,-0.707106781187,-0.707106781187
    ));
#4957 = DIRECTION('',(-1.,-1.226948711654E-18,-1.226948711654E-18));
#4958 = ADVANCED_FACE('',(#4959),#4984,.F.);
#4959 = FACE_BOUND('',#4960,.T.);
#4960 = EDGE_LOOP('',(#4961,#4969,#4970,#4978));
#4961 = ORIENTED_EDGE('',*,*,#4962,.F.);
#4962 = EDGE_CURVE('',#3435,#4963,#4965,.T.);
#4963 = VERTEX_POINT('',#4964);
#4964 = CARTESIAN_POINT('',(-0.16,-12.54,-3.));
#4965 = LINE('',#4966,#4967);
#4966 = CARTESIAN_POINT('',(-0.16,-12.54,-3.));
#4967 = VECTOR('',#4968,1.);
#4968 = DIRECTION('',(0.57735026919,-0.57735026919,-0.57735026919));
#4969 = ORIENTED_EDGE('',*,*,#3434,.T.);
#4970 = ORIENTED_EDGE('',*,*,#4971,.T.);
#4971 = EDGE_CURVE('',#3427,#4972,#4974,.T.);
#4972 = VERTEX_POINT('',#4973);
#4973 = CARTESIAN_POINT('',(0.16,-12.54,-3.));
#4974 = LINE('',#4975,#4976);
#4975 = CARTESIAN_POINT('',(5.333333333333E-02,-12.64666666666,
    -3.106666666667));
#4976 = VECTOR('',#4977,1.);
#4977 = DIRECTION('',(-0.57735026919,-0.57735026919,-0.57735026919));
#4978 = ORIENTED_EDGE('',*,*,#4979,.F.);
#4979 = EDGE_CURVE('',#4963,#4972,#4980,.T.);
#4980 = LINE('',#4981,#4982);
#4981 = CARTESIAN_POINT('',(-0.32,-12.54,-3.));
#4982 = VECTOR('',#4983,1.);
#4983 = DIRECTION('',(1.,0.,0.));
#4984 = PLANE('',#4985);
#4985 = AXIS2_PLACEMENT_3D('',#4986,#4987,#4988);
#4986 = CARTESIAN_POINT('',(-0.32,-12.46,-2.92));
#4987 = DIRECTION('',(-1.735167508357E-18,-0.707106781187,0.707106781187
    ));
#4988 = DIRECTION('',(-1.,1.226948711654E-18,-1.226948711654E-18));
#4989 = ADVANCED_FACE('',(#4990),#5008,.T.);
#4990 = FACE_BOUND('',#4991,.T.);
#4991 = EDGE_LOOP('',(#4992,#5000,#5001,#5002));
#4992 = ORIENTED_EDGE('',*,*,#4993,.F.);
#4993 = EDGE_CURVE('',#3458,#4994,#4996,.T.);
#4994 = VERTEX_POINT('',#4995);
#4995 = CARTESIAN_POINT('',(-0.16,-12.86,-3.));
#4996 = LINE('',#4997,#4998);
#4997 = CARTESIAN_POINT('',(-0.266666666667,-12.96666666666,
    -2.893333333333));
#4998 = VECTOR('',#4999,1.);
#4999 = DIRECTION('',(0.57735026919,0.57735026919,-0.57735026919));
#5000 = ORIENTED_EDGE('',*,*,#3465,.T.);
#5001 = ORIENTED_EDGE('',*,*,#4962,.T.);
#5002 = ORIENTED_EDGE('',*,*,#5003,.F.);
#5003 = EDGE_CURVE('',#4994,#4963,#5004,.T.);
#5004 = LINE('',#5005,#5006);
#5005 = CARTESIAN_POINT('',(-0.16,-13.02,-3.));
#5006 = VECTOR('',#5007,1.);
#5007 = DIRECTION('',(0.,1.,0.));
#5008 = PLANE('',#5009);
#5009 = AXIS2_PLACEMENT_3D('',#5010,#5011,#5012);
#5010 = CARTESIAN_POINT('',(-0.24,-13.02,-2.92));
#5011 = DIRECTION('',(-0.707106781187,-1.735167508357E-18,
    -0.707106781187));
#5012 = DIRECTION('',(-1.226948711654E-18,1.,-1.226948711654E-18));
#5013 = ADVANCED_FACE('',(#5014),#5032,.T.);
#5014 = FACE_BOUND('',#5015,.F.);
#5015 = EDGE_LOOP('',(#5016,#5017,#5018,#5026));
#5016 = ORIENTED_EDGE('',*,*,#4993,.F.);
#5017 = ORIENTED_EDGE('',*,*,#3489,.T.);
#5018 = ORIENTED_EDGE('',*,*,#5019,.T.);
#5019 = EDGE_CURVE('',#3482,#5020,#5022,.T.);
#5020 = VERTEX_POINT('',#5021);
#5021 = CARTESIAN_POINT('',(0.16,-12.86,-3.));
#5022 = LINE('',#5023,#5024);
#5023 = CARTESIAN_POINT('',(0.16,-12.86,-3.));
#5024 = VECTOR('',#5025,1.);
#5025 = DIRECTION('',(-0.57735026919,0.57735026919,-0.57735026919));
#5026 = ORIENTED_EDGE('',*,*,#5027,.F.);
#5027 = EDGE_CURVE('',#4994,#5020,#5028,.T.);
#5028 = LINE('',#5029,#5030);
#5029 = CARTESIAN_POINT('',(-0.32,-12.86,-3.));
#5030 = VECTOR('',#5031,1.);
#5031 = DIRECTION('',(1.,0.,0.));
#5032 = PLANE('',#5033);
#5033 = AXIS2_PLACEMENT_3D('',#5034,#5035,#5036);
#5034 = CARTESIAN_POINT('',(-0.32,-12.94,-2.92));
#5035 = DIRECTION('',(1.735167508357E-18,-0.707106781187,-0.707106781187
    ));
#5036 = DIRECTION('',(-1.,-1.226948711654E-18,-1.226948711654E-18));
#5037 = ADVANCED_FACE('',(#5038),#5049,.F.);
#5038 = FACE_BOUND('',#5039,.F.);
#5039 = EDGE_LOOP('',(#5040,#5041,#5042,#5043));
#5040 = ORIENTED_EDGE('',*,*,#5019,.F.);
#5041 = ORIENTED_EDGE('',*,*,#3506,.T.);
#5042 = ORIENTED_EDGE('',*,*,#4971,.T.);
#5043 = ORIENTED_EDGE('',*,*,#5044,.F.);
#5044 = EDGE_CURVE('',#5020,#4972,#5045,.T.);
#5045 = LINE('',#5046,#5047);
#5046 = CARTESIAN_POINT('',(0.16,-13.02,-3.));
#5047 = VECTOR('',#5048,1.);
#5048 = DIRECTION('',(0.,1.,0.));
#5049 = PLANE('',#5050);
#5050 = AXIS2_PLACEMENT_3D('',#5051,#5052,#5053);
#5051 = CARTESIAN_POINT('',(0.24,-13.02,-2.92));
#5052 = DIRECTION('',(-0.707106781187,1.735167508357E-18,0.707106781187)
  );
#5053 = DIRECTION('',(1.226948711654E-18,1.,-1.226948711654E-18));
#5054 = ADVANCED_FACE('',(#5055),#5080,.F.);
#5055 = FACE_BOUND('',#5056,.F.);
#5056 = EDGE_LOOP('',(#5057,#5065,#5066,#5074));
#5057 = ORIENTED_EDGE('',*,*,#5058,.F.);
#5058 = EDGE_CURVE('',#3523,#5059,#5061,.T.);
#5059 = VERTEX_POINT('',#5060);
#5060 = CARTESIAN_POINT('',(0.16,-10.32,-3.));
#5061 = LINE('',#5062,#5063);
#5062 = CARTESIAN_POINT('',(0.16,-10.32,-3.));
#5063 = VECTOR('',#5064,1.);
#5064 = DIRECTION('',(-0.57735026919,0.57735026919,-0.57735026919));
#5065 = ORIENTED_EDGE('',*,*,#3530,.T.);
#5066 = ORIENTED_EDGE('',*,*,#5067,.T.);
#5067 = EDGE_CURVE('',#3531,#5068,#5070,.T.);
#5068 = VERTEX_POINT('',#5069);
#5069 = CARTESIAN_POINT('',(0.16,-10.,-3.));
#5070 = LINE('',#5071,#5072);
#5071 = CARTESIAN_POINT('',(5.333333333333E-02,-10.10666666666,
    -3.106666666667));
#5072 = VECTOR('',#5073,1.);
#5073 = DIRECTION('',(-0.57735026919,-0.57735026919,-0.57735026919));
#5074 = ORIENTED_EDGE('',*,*,#5075,.F.);
#5075 = EDGE_CURVE('',#5059,#5068,#5076,.T.);
#5076 = LINE('',#5077,#5078);
#5077 = CARTESIAN_POINT('',(0.16,-10.48,-3.));
#5078 = VECTOR('',#5079,1.);
#5079 = DIRECTION('',(0.,1.,0.));
#5080 = PLANE('',#5081);
#5081 = AXIS2_PLACEMENT_3D('',#5082,#5083,#5084);
#5082 = CARTESIAN_POINT('',(0.24,-10.48,-2.92));
#5083 = DIRECTION('',(-0.707106781187,1.735167508357E-18,0.707106781187)
  );
#5084 = DIRECTION('',(1.226948711654E-18,1.,-1.226948711654E-18));
#5085 = ADVANCED_FACE('',(#5086),#5104,.F.);
#5086 = FACE_BOUND('',#5087,.T.);
#5087 = EDGE_LOOP('',(#5088,#5096,#5097,#5098));
#5088 = ORIENTED_EDGE('',*,*,#5089,.F.);
#5089 = EDGE_CURVE('',#3555,#5090,#5092,.T.);
#5090 = VERTEX_POINT('',#5091);
#5091 = CARTESIAN_POINT('',(-0.16,-10.,-3.));
#5092 = LINE('',#5093,#5094);
#5093 = CARTESIAN_POINT('',(-0.16,-10.,-3.));
#5094 = VECTOR('',#5095,1.);
#5095 = DIRECTION('',(0.57735026919,-0.57735026919,-0.57735026919));
#5096 = ORIENTED_EDGE('',*,*,#3554,.T.);
#5097 = ORIENTED_EDGE('',*,*,#5067,.T.);
#5098 = ORIENTED_EDGE('',*,*,#5099,.F.);
#5099 = EDGE_CURVE('',#5090,#5068,#5100,.T.);
#5100 = LINE('',#5101,#5102);
#5101 = CARTESIAN_POINT('',(-0.32,-10.,-3.));
#5102 = VECTOR('',#5103,1.);
#5103 = DIRECTION('',(1.,0.,0.));
#5104 = PLANE('',#5105);
#5105 = AXIS2_PLACEMENT_3D('',#5106,#5107,#5108);
#5106 = CARTESIAN_POINT('',(-0.32,-9.92,-2.92));
#5107 = DIRECTION('',(-1.735167508357E-18,-0.707106781187,0.707106781187
    ));
#5108 = DIRECTION('',(-1.,1.226948711654E-18,-1.226948711654E-18));
#5109 = ADVANCED_FACE('',(#5110),#5128,.T.);
#5110 = FACE_BOUND('',#5111,.T.);
#5111 = EDGE_LOOP('',(#5112,#5120,#5121,#5122));
#5112 = ORIENTED_EDGE('',*,*,#5113,.F.);
#5113 = EDGE_CURVE('',#3578,#5114,#5116,.T.);
#5114 = VERTEX_POINT('',#5115);
#5115 = CARTESIAN_POINT('',(-0.16,-10.32,-3.));
#5116 = LINE('',#5117,#5118);
#5117 = CARTESIAN_POINT('',(-0.266666666667,-10.42666666666,
    -2.893333333333));
#5118 = VECTOR('',#5119,1.);
#5119 = DIRECTION('',(0.57735026919,0.57735026919,-0.57735026919));
#5120 = ORIENTED_EDGE('',*,*,#3585,.T.);
#5121 = ORIENTED_EDGE('',*,*,#5089,.T.);
#5122 = ORIENTED_EDGE('',*,*,#5123,.F.);
#5123 = EDGE_CURVE('',#5114,#5090,#5124,.T.);
#5124 = LINE('',#5125,#5126);
#5125 = CARTESIAN_POINT('',(-0.16,-10.48,-3.));
#5126 = VECTOR('',#5127,1.);
#5127 = DIRECTION('',(0.,1.,0.));
#5128 = PLANE('',#5129);
#5129 = AXIS2_PLACEMENT_3D('',#5130,#5131,#5132);
#5130 = CARTESIAN_POINT('',(-0.24,-10.48,-2.92));
#5131 = DIRECTION('',(-0.707106781187,-1.735167508357E-18,
    -0.707106781187));
#5132 = DIRECTION('',(-1.226948711654E-18,1.,-1.226948711654E-18));
#5133 = ADVANCED_FACE('',(#5134),#5145,.T.);
#5134 = FACE_BOUND('',#5135,.F.);
#5135 = EDGE_LOOP('',(#5136,#5137,#5138,#5139));
#5136 = ORIENTED_EDGE('',*,*,#5113,.F.);
#5137 = ORIENTED_EDGE('',*,*,#3602,.T.);
#5138 = ORIENTED_EDGE('',*,*,#5058,.T.);
#5139 = ORIENTED_EDGE('',*,*,#5140,.F.);
#5140 = EDGE_CURVE('',#5114,#5059,#5141,.T.);
#5141 = LINE('',#5142,#5143);
#5142 = CARTESIAN_POINT('',(-0.32,-10.32,-3.));
#5143 = VECTOR('',#5144,1.);
#5144 = DIRECTION('',(1.,0.,0.));
#5145 = PLANE('',#5146);
#5146 = AXIS2_PLACEMENT_3D('',#5147,#5148,#5149);
#5147 = CARTESIAN_POINT('',(-0.32,-10.4,-2.92));
#5148 = DIRECTION('',(1.735167508357E-18,-0.707106781187,-0.707106781187
    ));
#5149 = DIRECTION('',(-1.,-1.226948711654E-18,-1.226948711654E-18));
#5150 = ADVANCED_FACE('',(#5151),#5176,.F.);
#5151 = FACE_BOUND('',#5152,.T.);
#5152 = EDGE_LOOP('',(#5153,#5161,#5162,#5170));
#5153 = ORIENTED_EDGE('',*,*,#5154,.F.);
#5154 = EDGE_CURVE('',#3627,#5155,#5157,.T.);
#5155 = VERTEX_POINT('',#5156);
#5156 = CARTESIAN_POINT('',(-0.16,-2.38,-3.));
#5157 = LINE('',#5158,#5159);
#5158 = CARTESIAN_POINT('',(-0.16,-2.38,-3.));
#5159 = VECTOR('',#5160,1.);
#5160 = DIRECTION('',(0.57735026919,-0.57735026919,-0.57735026919));
#5161 = ORIENTED_EDGE('',*,*,#3626,.T.);
#5162 = ORIENTED_EDGE('',*,*,#5163,.T.);
#5163 = EDGE_CURVE('',#3619,#5164,#5166,.T.);
#5164 = VERTEX_POINT('',#5165);
#5165 = CARTESIAN_POINT('',(0.16,-2.38,-3.));
#5166 = LINE('',#5167,#5168);
#5167 = CARTESIAN_POINT('',(5.333333333333E-02,-2.486666666667,
    -3.106666666667));
#5168 = VECTOR('',#5169,1.);
#5169 = DIRECTION('',(-0.57735026919,-0.57735026919,-0.57735026919));
#5170 = ORIENTED_EDGE('',*,*,#5171,.F.);
#5171 = EDGE_CURVE('',#5155,#5164,#5172,.T.);
#5172 = LINE('',#5173,#5174);
#5173 = CARTESIAN_POINT('',(-0.32,-2.38,-3.));
#5174 = VECTOR('',#5175,1.);
#5175 = DIRECTION('',(1.,0.,0.));
#5176 = PLANE('',#5177);
#5177 = AXIS2_PLACEMENT_3D('',#5178,#5179,#5180);
#5178 = CARTESIAN_POINT('',(-0.32,-2.3,-2.92));
#5179 = DIRECTION('',(-1.735167508357E-18,-0.707106781187,0.707106781187
    ));
#5180 = DIRECTION('',(-1.,1.226948711654E-18,-1.226948711654E-18));
#5181 = ADVANCED_FACE('',(#5182),#5200,.T.);
#5182 = FACE_BOUND('',#5183,.T.);
#5183 = EDGE_LOOP('',(#5184,#5192,#5193,#5194));
#5184 = ORIENTED_EDGE('',*,*,#5185,.F.);
#5185 = EDGE_CURVE('',#3650,#5186,#5188,.T.);
#5186 = VERTEX_POINT('',#5187);
#5187 = CARTESIAN_POINT('',(-0.16,-2.7,-3.));
#5188 = LINE('',#5189,#5190);
#5189 = CARTESIAN_POINT('',(-0.266666666667,-2.806666666667,
    -2.893333333333));
#5190 = VECTOR('',#5191,1.);
#5191 = DIRECTION('',(0.57735026919,0.57735026919,-0.57735026919));
#5192 = ORIENTED_EDGE('',*,*,#3657,.T.);
#5193 = ORIENTED_EDGE('',*,*,#5154,.T.);
#5194 = ORIENTED_EDGE('',*,*,#5195,.F.);
#5195 = EDGE_CURVE('',#5186,#5155,#5196,.T.);
#5196 = LINE('',#5197,#5198);
#5197 = CARTESIAN_POINT('',(-0.16,-2.86,-3.));
#5198 = VECTOR('',#5199,1.);
#5199 = DIRECTION('',(0.,1.,0.));
#5200 = PLANE('',#5201);
#5201 = AXIS2_PLACEMENT_3D('',#5202,#5203,#5204);
#5202 = CARTESIAN_POINT('',(-0.24,-2.86,-2.92));
#5203 = DIRECTION('',(-0.707106781187,-1.735167508357E-18,
    -0.707106781187));
#5204 = DIRECTION('',(-1.226948711654E-18,1.,-1.226948711654E-18));
#5205 = ADVANCED_FACE('',(#5206),#5224,.T.);
#5206 = FACE_BOUND('',#5207,.F.);
#5207 = EDGE_LOOP('',(#5208,#5209,#5210,#5218));
#5208 = ORIENTED_EDGE('',*,*,#5185,.F.);
#5209 = ORIENTED_EDGE('',*,*,#3681,.T.);
#5210 = ORIENTED_EDGE('',*,*,#5211,.T.);
#5211 = EDGE_CURVE('',#3674,#5212,#5214,.T.);
#5212 = VERTEX_POINT('',#5213);
#5213 = CARTESIAN_POINT('',(0.16,-2.7,-3.));
#5214 = LINE('',#5215,#5216);
#5215 = CARTESIAN_POINT('',(0.16,-2.7,-3.));
#5216 = VECTOR('',#5217,1.);
#5217 = DIRECTION('',(-0.57735026919,0.57735026919,-0.57735026919));
#5218 = ORIENTED_EDGE('',*,*,#5219,.F.);
#5219 = EDGE_CURVE('',#5186,#5212,#5220,.T.);
#5220 = LINE('',#5221,#5222);
#5221 = CARTESIAN_POINT('',(-0.32,-2.7,-3.));
#5222 = VECTOR('',#5223,1.);
#5223 = DIRECTION('',(1.,0.,0.));
#5224 = PLANE('',#5225);
#5225 = AXIS2_PLACEMENT_3D('',#5226,#5227,#5228);
#5226 = CARTESIAN_POINT('',(-0.32,-2.78,-2.92));
#5227 = DIRECTION('',(1.735167508357E-18,-0.707106781187,-0.707106781187
    ));
#5228 = DIRECTION('',(-1.,-1.226948711654E-18,-1.226948711654E-18));
#5229 = ADVANCED_FACE('',(#5230),#5241,.F.);
#5230 = FACE_BOUND('',#5231,.F.);
#5231 = EDGE_LOOP('',(#5232,#5233,#5234,#5235));
#5232 = ORIENTED_EDGE('',*,*,#5211,.F.);
#5233 = ORIENTED_EDGE('',*,*,#3698,.T.);
#5234 = ORIENTED_EDGE('',*,*,#5163,.T.);
#5235 = ORIENTED_EDGE('',*,*,#5236,.F.);
#5236 = EDGE_CURVE('',#5212,#5164,#5237,.T.);
#5237 = LINE('',#5238,#5239);
#5238 = CARTESIAN_POINT('',(0.16,-2.86,-3.));
#5239 = VECTOR('',#5240,1.);
#5240 = DIRECTION('',(0.,1.,0.));
#5241 = PLANE('',#5242);
#5242 = AXIS2_PLACEMENT_3D('',#5243,#5244,#5245);
#5243 = CARTESIAN_POINT('',(0.24,-2.86,-2.92));
#5244 = DIRECTION('',(-0.707106781187,1.735167508357E-18,0.707106781187)
  );
#5245 = DIRECTION('',(1.226948711654E-18,1.,-1.226948711654E-18));
#5246 = ADVANCED_FACE('',(#5247),#5272,.T.);
#5247 = FACE_BOUND('',#5248,.F.);
#5248 = EDGE_LOOP('',(#5249,#5257,#5258,#5266));
#5249 = ORIENTED_EDGE('',*,*,#5250,.F.);
#5250 = EDGE_CURVE('',#3723,#5251,#5253,.T.);
#5251 = VERTEX_POINT('',#5252);
#5252 = CARTESIAN_POINT('',(-0.16,-5.24,-3.));
#5253 = LINE('',#5254,#5255);
#5254 = CARTESIAN_POINT('',(-0.266666666667,-5.346666666667,
    -2.893333333333));
#5255 = VECTOR('',#5256,1.);
#5256 = DIRECTION('',(0.57735026919,0.57735026919,-0.57735026919));
#5257 = ORIENTED_EDGE('',*,*,#3722,.T.);
#5258 = ORIENTED_EDGE('',*,*,#5259,.T.);
#5259 = EDGE_CURVE('',#3715,#5260,#5262,.T.);
#5260 = VERTEX_POINT('',#5261);
#5261 = CARTESIAN_POINT('',(0.16,-5.24,-3.));
#5262 = LINE('',#5263,#5264);
#5263 = CARTESIAN_POINT('',(0.16,-5.24,-3.));
#5264 = VECTOR('',#5265,1.);
#5265 = DIRECTION('',(-0.57735026919,0.57735026919,-0.57735026919));
#5266 = ORIENTED_EDGE('',*,*,#5267,.F.);
#5267 = EDGE_CURVE('',#5251,#5260,#5268,.T.);
#5268 = LINE('',#5269,#5270);
#5269 = CARTESIAN_POINT('',(-0.32,-5.24,-3.));
#5270 = VECTOR('',#5271,1.);
#5271 = DIRECTION('',(1.,0.,0.));
#5272 = PLANE('',#5273);
#5273 = AXIS2_PLACEMENT_3D('',#5274,#5275,#5276);
#5274 = CARTESIAN_POINT('',(-0.32,-5.32,-2.92));
#5275 = DIRECTION('',(1.735167508357E-18,-0.707106781187,-0.707106781187
    ));
#5276 = DIRECTION('',(-1.,-1.226948711654E-18,-1.226948711654E-18));
#5277 = ADVANCED_FACE('',(#5278),#5296,.F.);
#5278 = FACE_BOUND('',#5279,.F.);
#5279 = EDGE_LOOP('',(#5280,#5281,#5282,#5290));
#5280 = ORIENTED_EDGE('',*,*,#5259,.F.);
#5281 = ORIENTED_EDGE('',*,*,#3746,.T.);
#5282 = ORIENTED_EDGE('',*,*,#5283,.T.);
#5283 = EDGE_CURVE('',#3747,#5284,#5286,.T.);
#5284 = VERTEX_POINT('',#5285);
#5285 = CARTESIAN_POINT('',(0.16,-4.92,-3.));
#5286 = LINE('',#5287,#5288);
#5287 = CARTESIAN_POINT('',(5.333333333333E-02,-5.026666666667,
    -3.106666666667));
#5288 = VECTOR('',#5289,1.);
#5289 = DIRECTION('',(-0.57735026919,-0.57735026919,-0.57735026919));
#5290 = ORIENTED_EDGE('',*,*,#5291,.F.);
#5291 = EDGE_CURVE('',#5260,#5284,#5292,.T.);
#5292 = LINE('',#5293,#5294);
#5293 = CARTESIAN_POINT('',(0.16,-5.4,-3.));
#5294 = VECTOR('',#5295,1.);
#5295 = DIRECTION('',(0.,1.,0.));
#5296 = PLANE('',#5297);
#5297 = AXIS2_PLACEMENT_3D('',#5298,#5299,#5300);
#5298 = CARTESIAN_POINT('',(0.24,-5.4,-2.92));
#5299 = DIRECTION('',(-0.707106781187,1.735167508357E-18,0.707106781187)
  );
#5300 = DIRECTION('',(1.226948711654E-18,1.,-1.226948711654E-18));
#5301 = ADVANCED_FACE('',(#5302),#5320,.F.);
#5302 = FACE_BOUND('',#5303,.T.);
#5303 = EDGE_LOOP('',(#5304,#5312,#5313,#5314));
#5304 = ORIENTED_EDGE('',*,*,#5305,.F.);
#5305 = EDGE_CURVE('',#3771,#5306,#5308,.T.);
#5306 = VERTEX_POINT('',#5307);
#5307 = CARTESIAN_POINT('',(-0.16,-4.92,-3.));
#5308 = LINE('',#5309,#5310);
#5309 = CARTESIAN_POINT('',(-0.16,-4.92,-3.));
#5310 = VECTOR('',#5311,1.);
#5311 = DIRECTION('',(0.57735026919,-0.57735026919,-0.57735026919));
#5312 = ORIENTED_EDGE('',*,*,#3770,.T.);
#5313 = ORIENTED_EDGE('',*,*,#5283,.T.);
#5314 = ORIENTED_EDGE('',*,*,#5315,.F.);
#5315 = EDGE_CURVE('',#5306,#5284,#5316,.T.);
#5316 = LINE('',#5317,#5318);
#5317 = CARTESIAN_POINT('',(-0.32,-4.92,-3.));
#5318 = VECTOR('',#5319,1.);
#5319 = DIRECTION('',(1.,0.,0.));
#5320 = PLANE('',#5321);
#5321 = AXIS2_PLACEMENT_3D('',#5322,#5323,#5324);
#5322 = CARTESIAN_POINT('',(-0.32,-4.84,-2.92));
#5323 = DIRECTION('',(-1.735167508357E-18,-0.707106781187,0.707106781187
    ));
#5324 = DIRECTION('',(-1.,1.226948711654E-18,-1.226948711654E-18));
#5325 = ADVANCED_FACE('',(#5326),#5337,.T.);
#5326 = FACE_BOUND('',#5327,.T.);
#5327 = EDGE_LOOP('',(#5328,#5329,#5330,#5331));
#5328 = ORIENTED_EDGE('',*,*,#5250,.F.);
#5329 = ORIENTED_EDGE('',*,*,#3794,.T.);
#5330 = ORIENTED_EDGE('',*,*,#5305,.T.);
#5331 = ORIENTED_EDGE('',*,*,#5332,.F.);
#5332 = EDGE_CURVE('',#5251,#5306,#5333,.T.);
#5333 = LINE('',#5334,#5335);
#5334 = CARTESIAN_POINT('',(-0.16,-5.4,-3.));
#5335 = VECTOR('',#5336,1.);
#5336 = DIRECTION('',(0.,1.,0.));
#5337 = PLANE('',#5338);
#5338 = AXIS2_PLACEMENT_3D('',#5339,#5340,#5341);
#5339 = CARTESIAN_POINT('',(-0.24,-5.4,-2.92));
#5340 = DIRECTION('',(-0.707106781187,-1.735167508357E-18,
    -0.707106781187));
#5341 = DIRECTION('',(-1.226948711654E-18,1.,-1.226948711654E-18));
#5342 = ADVANCED_FACE('',(#5343),#5368,.F.);
#5343 = FACE_BOUND('',#5344,.F.);
#5344 = EDGE_LOOP('',(#5345,#5353,#5354,#5362));
#5345 = ORIENTED_EDGE('',*,*,#5346,.F.);
#5346 = EDGE_CURVE('',#3811,#5347,#5349,.T.);
#5347 = VERTEX_POINT('',#5348);
#5348 = CARTESIAN_POINT('',(0.16,-0.16,-3.));
#5349 = LINE('',#5350,#5351);
#5350 = CARTESIAN_POINT('',(0.16,-0.16,-3.));
#5351 = VECTOR('',#5352,1.);
#5352 = DIRECTION('',(-0.57735026919,0.57735026919,-0.57735026919));
#5353 = ORIENTED_EDGE('',*,*,#3818,.T.);
#5354 = ORIENTED_EDGE('',*,*,#5355,.T.);
#5355 = EDGE_CURVE('',#3819,#5356,#5358,.T.);
#5356 = VERTEX_POINT('',#5357);
#5357 = CARTESIAN_POINT('',(0.16,0.16,-3.));
#5358 = LINE('',#5359,#5360);
#5359 = CARTESIAN_POINT('',(5.333333333333E-02,5.333333333333E-02,
    -3.106666666667));
#5360 = VECTOR('',#5361,1.);
#5361 = DIRECTION('',(-0.57735026919,-0.57735026919,-0.57735026919));
#5362 = ORIENTED_EDGE('',*,*,#5363,.F.);
#5363 = EDGE_CURVE('',#5347,#5356,#5364,.T.);
#5364 = LINE('',#5365,#5366);
#5365 = CARTESIAN_POINT('',(0.16,-0.32,-3.));
#5366 = VECTOR('',#5367,1.);
#5367 = DIRECTION('',(0.,1.,0.));
#5368 = PLANE('',#5369);
#5369 = AXIS2_PLACEMENT_3D('',#5370,#5371,#5372);
#5370 = CARTESIAN_POINT('',(0.24,-0.32,-2.92));
#5371 = DIRECTION('',(-0.707106781187,1.735167508357E-18,0.707106781187)
  );
#5372 = DIRECTION('',(1.226948711654E-18,1.,-1.226948711654E-18));
#5373 = ADVANCED_FACE('',(#5374),#5392,.F.);
#5374 = FACE_BOUND('',#5375,.T.);
#5375 = EDGE_LOOP('',(#5376,#5384,#5385,#5386));
#5376 = ORIENTED_EDGE('',*,*,#5377,.F.);
#5377 = EDGE_CURVE('',#3843,#5378,#5380,.T.);
#5378 = VERTEX_POINT('',#5379);
#5379 = CARTESIAN_POINT('',(-0.16,0.16,-3.));
#5380 = LINE('',#5381,#5382);
#5381 = CARTESIAN_POINT('',(-0.16,0.16,-3.));
#5382 = VECTOR('',#5383,1.);
#5383 = DIRECTION('',(0.57735026919,-0.57735026919,-0.57735026919));
#5384 = ORIENTED_EDGE('',*,*,#3842,.T.);
#5385 = ORIENTED_EDGE('',*,*,#5355,.T.);
#5386 = ORIENTED_EDGE('',*,*,#5387,.F.);
#5387 = EDGE_CURVE('',#5378,#5356,#5388,.T.);
#5388 = LINE('',#5389,#5390);
#5389 = CARTESIAN_POINT('',(-0.32,0.16,-3.));
#5390 = VECTOR('',#5391,1.);
#5391 = DIRECTION('',(1.,0.,0.));
#5392 = PLANE('',#5393);
#5393 = AXIS2_PLACEMENT_3D('',#5394,#5395,#5396);
#5394 = CARTESIAN_POINT('',(-0.32,0.24,-2.92));
#5395 = DIRECTION('',(-1.735167508357E-18,-0.707106781187,0.707106781187
    ));
#5396 = DIRECTION('',(-1.,1.226948711654E-18,-1.226948711654E-18));
#5397 = ADVANCED_FACE('',(#5398),#5416,.T.);
#5398 = FACE_BOUND('',#5399,.T.);
#5399 = EDGE_LOOP('',(#5400,#5408,#5409,#5410));
#5400 = ORIENTED_EDGE('',*,*,#5401,.F.);
#5401 = EDGE_CURVE('',#3866,#5402,#5404,.T.);
#5402 = VERTEX_POINT('',#5403);
#5403 = CARTESIAN_POINT('',(-0.16,-0.16,-3.));
#5404 = LINE('',#5405,#5406);
#5405 = CARTESIAN_POINT('',(-0.266666666667,-0.266666666667,
    -2.893333333333));
#5406 = VECTOR('',#5407,1.);
#5407 = DIRECTION('',(0.57735026919,0.57735026919,-0.57735026919));
#5408 = ORIENTED_EDGE('',*,*,#3873,.T.);
#5409 = ORIENTED_EDGE('',*,*,#5377,.T.);
#5410 = ORIENTED_EDGE('',*,*,#5411,.F.);
#5411 = EDGE_CURVE('',#5402,#5378,#5412,.T.);
#5412 = LINE('',#5413,#5414);
#5413 = CARTESIAN_POINT('',(-0.16,-0.32,-3.));
#5414 = VECTOR('',#5415,1.);
#5415 = DIRECTION('',(0.,1.,0.));
#5416 = PLANE('',#5417);
#5417 = AXIS2_PLACEMENT_3D('',#5418,#5419,#5420);
#5418 = CARTESIAN_POINT('',(-0.24,-0.32,-2.92));
#5419 = DIRECTION('',(-0.707106781187,-1.735167508357E-18,
    -0.707106781187));
#5420 = DIRECTION('',(-1.226948711654E-18,1.,-1.226948711654E-18));
#5421 = ADVANCED_FACE('',(#5422),#5433,.T.);
#5422 = FACE_BOUND('',#5423,.F.);
#5423 = EDGE_LOOP('',(#5424,#5425,#5426,#5427));
#5424 = ORIENTED_EDGE('',*,*,#5401,.F.);
#5425 = ORIENTED_EDGE('',*,*,#3890,.T.);
#5426 = ORIENTED_EDGE('',*,*,#5346,.T.);
#5427 = ORIENTED_EDGE('',*,*,#5428,.F.);
#5428 = EDGE_CURVE('',#5402,#5347,#5429,.T.);
#5429 = LINE('',#5430,#5431);
#5430 = CARTESIAN_POINT('',(-0.32,-0.16,-3.));
#5431 = VECTOR('',#5432,1.);
#5432 = DIRECTION('',(1.,0.,0.));
#5433 = PLANE('',#5434);
#5434 = AXIS2_PLACEMENT_3D('',#5435,#5436,#5437);
#5435 = CARTESIAN_POINT('',(-0.32,-0.24,-2.92));
#5436 = DIRECTION('',(1.735167508357E-18,-0.707106781187,-0.707106781187
    ));
#5437 = DIRECTION('',(-1.,-1.226948711654E-18,-1.226948711654E-18));
#5438 = ADVANCED_FACE('',(#5439),#5464,.F.);
#5439 = FACE_BOUND('',#5440,.T.);
#5440 = EDGE_LOOP('',(#5441,#5449,#5450,#5458));
#5441 = ORIENTED_EDGE('',*,*,#5442,.F.);
#5442 = EDGE_CURVE('',#3916,#5443,#5445,.T.);
#5443 = VERTEX_POINT('',#5444);
#5444 = CARTESIAN_POINT('',(-0.16,-17.94,8.54));
#5445 = LINE('',#5446,#5447);
#5446 = CARTESIAN_POINT('',(-0.266666666667,-18.04666666666,
    8.433333333333));
#5447 = VECTOR('',#5448,1.);
#5448 = DIRECTION('',(0.57735026919,0.57735026919,0.57735026919));
#5449 = ORIENTED_EDGE('',*,*,#3923,.T.);
#5450 = ORIENTED_EDGE('',*,*,#5451,.T.);
#5451 = EDGE_CURVE('',#3907,#5452,#5454,.T.);
#5452 = VERTEX_POINT('',#5453);
#5453 = CARTESIAN_POINT('',(0.16,-17.94,8.54));
#5454 = LINE('',#5455,#5456);
#5455 = CARTESIAN_POINT('',(0.16,-17.94,8.54));
#5456 = VECTOR('',#5457,1.);
#5457 = DIRECTION('',(-0.57735026919,0.57735026919,0.57735026919));
#5458 = ORIENTED_EDGE('',*,*,#5459,.F.);
#5459 = EDGE_CURVE('',#5443,#5452,#5460,.T.);
#5460 = LINE('',#5461,#5462);
#5461 = CARTESIAN_POINT('',(-0.32,-17.94,8.54));
#5462 = VECTOR('',#5463,1.);
#5463 = DIRECTION('',(1.,0.,0.));
#5464 = PLANE('',#5465);
#5465 = AXIS2_PLACEMENT_3D('',#5466,#5467,#5468);
#5466 = CARTESIAN_POINT('',(-0.32,-18.02,8.46));
#5467 = DIRECTION('',(-1.735167508357E-18,0.707106781187,-0.707106781187
    ));
#5468 = DIRECTION('',(-1.,-1.226948711654E-18,1.226948711654E-18));
#5469 = ADVANCED_FACE('',(#5470),#5488,.T.);
#5470 = FACE_BOUND('',#5471,.T.);
#5471 = EDGE_LOOP('',(#5472,#5473,#5474,#5482));
#5472 = ORIENTED_EDGE('',*,*,#5451,.F.);
#5473 = ORIENTED_EDGE('',*,*,#3947,.T.);
#5474 = ORIENTED_EDGE('',*,*,#5475,.T.);
#5475 = EDGE_CURVE('',#3940,#5476,#5478,.T.);
#5476 = VERTEX_POINT('',#5477);
#5477 = CARTESIAN_POINT('',(0.16,-17.62,8.54));
#5478 = LINE('',#5479,#5480);
#5479 = CARTESIAN_POINT('',(5.333333333333E-02,-17.72666666666,
    8.646666666667));
#5480 = VECTOR('',#5481,1.);
#5481 = DIRECTION('',(-0.57735026919,-0.57735026919,0.57735026919));
#5482 = ORIENTED_EDGE('',*,*,#5483,.F.);
#5483 = EDGE_CURVE('',#5452,#5476,#5484,.T.);
#5484 = LINE('',#5485,#5486);
#5485 = CARTESIAN_POINT('',(0.16,-18.1,8.54));
#5486 = VECTOR('',#5487,1.);
#5487 = DIRECTION('',(0.,1.,0.));
#5488 = PLANE('',#5489);
#5489 = AXIS2_PLACEMENT_3D('',#5490,#5491,#5492);
#5490 = CARTESIAN_POINT('',(0.24,-18.1,8.46));
#5491 = DIRECTION('',(0.707106781187,-1.735167508357E-18,0.707106781187)
  );
#5492 = DIRECTION('',(1.226948711654E-18,1.,1.226948711654E-18));
#5493 = ADVANCED_FACE('',(#5494),#5512,.T.);
#5494 = FACE_BOUND('',#5495,.F.);
#5495 = EDGE_LOOP('',(#5496,#5504,#5505,#5506));
#5496 = ORIENTED_EDGE('',*,*,#5497,.F.);
#5497 = EDGE_CURVE('',#3964,#5498,#5500,.T.);
#5498 = VERTEX_POINT('',#5499);
#5499 = CARTESIAN_POINT('',(-0.16,-17.62,8.54));
#5500 = LINE('',#5501,#5502);
#5501 = CARTESIAN_POINT('',(-0.16,-17.62,8.54));
#5502 = VECTOR('',#5503,1.);
#5503 = DIRECTION('',(0.57735026919,-0.57735026919,0.57735026919));
#5504 = ORIENTED_EDGE('',*,*,#3971,.T.);
#5505 = ORIENTED_EDGE('',*,*,#5475,.T.);
#5506 = ORIENTED_EDGE('',*,*,#5507,.F.);
#5507 = EDGE_CURVE('',#5498,#5476,#5508,.T.);
#5508 = LINE('',#5509,#5510);
#5509 = CARTESIAN_POINT('',(-0.32,-17.62,8.54));
#5510 = VECTOR('',#5511,1.);
#5511 = DIRECTION('',(1.,0.,0.));
#5512 = PLANE('',#5513);
#5513 = AXIS2_PLACEMENT_3D('',#5514,#5515,#5516);
#5514 = CARTESIAN_POINT('',(-0.32,-17.54,8.46));
#5515 = DIRECTION('',(1.735167508357E-18,0.707106781187,0.707106781187)
  );
#5516 = DIRECTION('',(-1.,1.226948711654E-18,1.226948711654E-18));
#5517 = ADVANCED_FACE('',(#5518),#5529,.F.);
#5518 = FACE_BOUND('',#5519,.F.);
#5519 = EDGE_LOOP('',(#5520,#5521,#5522,#5523));
#5520 = ORIENTED_EDGE('',*,*,#5442,.F.);
#5521 = ORIENTED_EDGE('',*,*,#3988,.T.);
#5522 = ORIENTED_EDGE('',*,*,#5497,.T.);
#5523 = ORIENTED_EDGE('',*,*,#5524,.F.);
#5524 = EDGE_CURVE('',#5443,#5498,#5525,.T.);
#5525 = LINE('',#5526,#5527);
#5526 = CARTESIAN_POINT('',(-0.16,-18.1,8.54));
#5527 = VECTOR('',#5528,1.);
#5528 = DIRECTION('',(0.,1.,0.));
#5529 = PLANE('',#5530);
#5530 = AXIS2_PLACEMENT_3D('',#5531,#5532,#5533);
#5531 = CARTESIAN_POINT('',(-0.24,-18.1,8.46));
#5532 = DIRECTION('',(0.707106781187,1.735167508357E-18,-0.707106781187)
  );
#5533 = DIRECTION('',(-1.226948711654E-18,1.,1.226948711654E-18));
#5534 = ADVANCED_FACE('',(#5535),#5560,.T.);
#5535 = FACE_BOUND('',#5536,.F.);
#5536 = EDGE_LOOP('',(#5537,#5545,#5546,#5554));
#5537 = ORIENTED_EDGE('',*,*,#5538,.F.);
#5538 = EDGE_CURVE('',#4012,#5539,#5541,.T.);
#5539 = VERTEX_POINT('',#5540);
#5540 = CARTESIAN_POINT('',(-0.16,-15.08,8.54));
#5541 = LINE('',#5542,#5543);
#5542 = CARTESIAN_POINT('',(-0.16,-15.08,8.54));
#5543 = VECTOR('',#5544,1.);
#5544 = DIRECTION('',(0.57735026919,-0.57735026919,0.57735026919));
#5545 = ORIENTED_EDGE('',*,*,#4019,.T.);
#5546 = ORIENTED_EDGE('',*,*,#5547,.T.);
#5547 = EDGE_CURVE('',#4003,#5548,#5550,.T.);
#5548 = VERTEX_POINT('',#5549);
#5549 = CARTESIAN_POINT('',(0.16,-15.08,8.54));
#5550 = LINE('',#5551,#5552);
#5551 = CARTESIAN_POINT('',(5.333333333333E-02,-15.18666666666,
    8.646666666667));
#5552 = VECTOR('',#5553,1.);
#5553 = DIRECTION('',(-0.57735026919,-0.57735026919,0.57735026919));
#5554 = ORIENTED_EDGE('',*,*,#5555,.F.);
#5555 = EDGE_CURVE('',#5539,#5548,#5556,.T.);
#5556 = LINE('',#5557,#5558);
#5557 = CARTESIAN_POINT('',(-0.32,-15.08,8.54));
#5558 = VECTOR('',#5559,1.);
#5559 = DIRECTION('',(1.,0.,0.));
#5560 = PLANE('',#5561);
#5561 = AXIS2_PLACEMENT_3D('',#5562,#5563,#5564);
#5562 = CARTESIAN_POINT('',(-0.32,-15.,8.46));
#5563 = DIRECTION('',(1.735167508357E-18,0.707106781187,0.707106781187)
  );
#5564 = DIRECTION('',(-1.,1.226948711654E-18,1.226948711654E-18));
#5565 = ADVANCED_FACE('',(#5566),#5584,.F.);
#5566 = FACE_BOUND('',#5567,.F.);
#5567 = EDGE_LOOP('',(#5568,#5576,#5577,#5578));
#5568 = ORIENTED_EDGE('',*,*,#5569,.F.);
#5569 = EDGE_CURVE('',#4034,#5570,#5572,.T.);
#5570 = VERTEX_POINT('',#5571);
#5571 = CARTESIAN_POINT('',(-0.16,-15.4,8.54));
#5572 = LINE('',#5573,#5574);
#5573 = CARTESIAN_POINT('',(-0.266666666667,-15.50666666666,
    8.433333333333));
#5574 = VECTOR('',#5575,1.);
#5575 = DIRECTION('',(0.57735026919,0.57735026919,0.57735026919));
#5576 = ORIENTED_EDGE('',*,*,#4043,.T.);
#5577 = ORIENTED_EDGE('',*,*,#5538,.T.);
#5578 = ORIENTED_EDGE('',*,*,#5579,.F.);
#5579 = EDGE_CURVE('',#5570,#5539,#5580,.T.);
#5580 = LINE('',#5581,#5582);
#5581 = CARTESIAN_POINT('',(-0.16,-15.56,8.54));
#5582 = VECTOR('',#5583,1.);
#5583 = DIRECTION('',(0.,1.,0.));
#5584 = PLANE('',#5585);
#5585 = AXIS2_PLACEMENT_3D('',#5586,#5587,#5588);
#5586 = CARTESIAN_POINT('',(-0.24,-15.56,8.46));
#5587 = DIRECTION('',(0.707106781187,1.735167508357E-18,-0.707106781187)
  );
#5588 = DIRECTION('',(-1.226948711654E-18,1.,1.226948711654E-18));
#5589 = ADVANCED_FACE('',(#5590),#5608,.F.);
#5590 = FACE_BOUND('',#5591,.T.);
#5591 = EDGE_LOOP('',(#5592,#5593,#5594,#5602));
#5592 = ORIENTED_EDGE('',*,*,#5569,.F.);
#5593 = ORIENTED_EDGE('',*,*,#4067,.T.);
#5594 = ORIENTED_EDGE('',*,*,#5595,.T.);
#5595 = EDGE_CURVE('',#4058,#5596,#5598,.T.);
#5596 = VERTEX_POINT('',#5597);
#5597 = CARTESIAN_POINT('',(0.16,-15.4,8.54));
#5598 = LINE('',#5599,#5600);
#5599 = CARTESIAN_POINT('',(0.16,-15.4,8.54));
#5600 = VECTOR('',#5601,1.);
#5601 = DIRECTION('',(-0.57735026919,0.57735026919,0.57735026919));
#5602 = ORIENTED_EDGE('',*,*,#5603,.F.);
#5603 = EDGE_CURVE('',#5570,#5596,#5604,.T.);
#5604 = LINE('',#5605,#5606);
#5605 = CARTESIAN_POINT('',(-0.32,-15.4,8.54));
#5606 = VECTOR('',#5607,1.);
#5607 = DIRECTION('',(1.,0.,0.));
#5608 = PLANE('',#5609);
#5609 = AXIS2_PLACEMENT_3D('',#5610,#5611,#5612);
#5610 = CARTESIAN_POINT('',(-0.32,-15.48,8.46));
#5611 = DIRECTION('',(-1.735167508357E-18,0.707106781187,-0.707106781187
    ));
#5612 = DIRECTION('',(-1.,-1.226948711654E-18,1.226948711654E-18));
#5613 = ADVANCED_FACE('',(#5614),#5625,.T.);
#5614 = FACE_BOUND('',#5615,.T.);
#5615 = EDGE_LOOP('',(#5616,#5617,#5618,#5619));
#5616 = ORIENTED_EDGE('',*,*,#5595,.F.);
#5617 = ORIENTED_EDGE('',*,*,#4084,.T.);
#5618 = ORIENTED_EDGE('',*,*,#5547,.T.);
#5619 = ORIENTED_EDGE('',*,*,#5620,.F.);
#5620 = EDGE_CURVE('',#5596,#5548,#5621,.T.);
#5621 = LINE('',#5622,#5623);
#5622 = CARTESIAN_POINT('',(0.16,-15.56,8.54));
#5623 = VECTOR('',#5624,1.);
#5624 = DIRECTION('',(0.,1.,0.));
#5625 = PLANE('',#5626);
#5626 = AXIS2_PLACEMENT_3D('',#5627,#5628,#5629);
#5627 = CARTESIAN_POINT('',(0.24,-15.56,8.46));
#5628 = DIRECTION('',(0.707106781187,-1.735167508357E-18,0.707106781187)
  );
#5629 = DIRECTION('',(1.226948711654E-18,1.,1.226948711654E-18));
#5630 = ADVANCED_FACE('',(#5631),#5656,.T.);
#5631 = FACE_BOUND('',#5632,.T.);
#5632 = EDGE_LOOP('',(#5633,#5641,#5642,#5650));
#5633 = ORIENTED_EDGE('',*,*,#5634,.F.);
#5634 = EDGE_CURVE('',#4099,#5635,#5637,.T.);
#5635 = VERTEX_POINT('',#5636);
#5636 = CARTESIAN_POINT('',(0.16,-7.78,8.54));
#5637 = LINE('',#5638,#5639);
#5638 = CARTESIAN_POINT('',(0.16,-7.78,8.54));
#5639 = VECTOR('',#5640,1.);
#5640 = DIRECTION('',(-0.57735026919,0.57735026919,0.57735026919));
#5641 = ORIENTED_EDGE('',*,*,#4115,.T.);
#5642 = ORIENTED_EDGE('',*,*,#5643,.T.);
#5643 = EDGE_CURVE('',#4108,#5644,#5646,.T.);
#5644 = VERTEX_POINT('',#5645);
#5645 = CARTESIAN_POINT('',(0.16,-7.46,8.54));
#5646 = LINE('',#5647,#5648);
#5647 = CARTESIAN_POINT('',(5.333333333333E-02,-7.566666666667,
    8.646666666667));
#5648 = VECTOR('',#5649,1.);
#5649 = DIRECTION('',(-0.57735026919,-0.57735026919,0.57735026919));
#5650 = ORIENTED_EDGE('',*,*,#5651,.F.);
#5651 = EDGE_CURVE('',#5635,#5644,#5652,.T.);
#5652 = LINE('',#5653,#5654);
#5653 = CARTESIAN_POINT('',(0.16,-7.94,8.54));
#5654 = VECTOR('',#5655,1.);
#5655 = DIRECTION('',(0.,1.,0.));
#5656 = PLANE('',#5657);
#5657 = AXIS2_PLACEMENT_3D('',#5658,#5659,#5660);
#5658 = CARTESIAN_POINT('',(0.24,-7.94,8.46));
#5659 = DIRECTION('',(0.707106781187,-1.735167508357E-18,0.707106781187)
  );
#5660 = DIRECTION('',(1.226948711654E-18,1.,1.226948711654E-18));
#5661 = ADVANCED_FACE('',(#5662),#5680,.T.);
#5662 = FACE_BOUND('',#5663,.F.);
#5663 = EDGE_LOOP('',(#5664,#5672,#5673,#5674));
#5664 = ORIENTED_EDGE('',*,*,#5665,.F.);
#5665 = EDGE_CURVE('',#4132,#5666,#5668,.T.);
#5666 = VERTEX_POINT('',#5667);
#5667 = CARTESIAN_POINT('',(-0.16,-7.46,8.54));
#5668 = LINE('',#5669,#5670);
#5669 = CARTESIAN_POINT('',(-0.16,-7.46,8.54));
#5670 = VECTOR('',#5671,1.);
#5671 = DIRECTION('',(0.57735026919,-0.57735026919,0.57735026919));
#5672 = ORIENTED_EDGE('',*,*,#4139,.T.);
#5673 = ORIENTED_EDGE('',*,*,#5643,.T.);
#5674 = ORIENTED_EDGE('',*,*,#5675,.F.);
#5675 = EDGE_CURVE('',#5666,#5644,#5676,.T.);
#5676 = LINE('',#5677,#5678);
#5677 = CARTESIAN_POINT('',(-0.32,-7.46,8.54));
#5678 = VECTOR('',#5679,1.);
#5679 = DIRECTION('',(1.,0.,0.));
#5680 = PLANE('',#5681);
#5681 = AXIS2_PLACEMENT_3D('',#5682,#5683,#5684);
#5682 = CARTESIAN_POINT('',(-0.32,-7.38,8.46));
#5683 = DIRECTION('',(1.735167508357E-18,0.707106781187,0.707106781187)
  );
#5684 = DIRECTION('',(-1.,1.226948711654E-18,1.226948711654E-18));
#5685 = ADVANCED_FACE('',(#5686),#5704,.F.);
#5686 = FACE_BOUND('',#5687,.F.);
#5687 = EDGE_LOOP('',(#5688,#5696,#5697,#5698));
#5688 = ORIENTED_EDGE('',*,*,#5689,.F.);
#5689 = EDGE_CURVE('',#4154,#5690,#5692,.T.);
#5690 = VERTEX_POINT('',#5691);
#5691 = CARTESIAN_POINT('',(-0.16,-7.78,8.54));
#5692 = LINE('',#5693,#5694);
#5693 = CARTESIAN_POINT('',(-0.266666666667,-7.886666666667,
    8.433333333333));
#5694 = VECTOR('',#5695,1.);
#5695 = DIRECTION('',(0.57735026919,0.57735026919,0.57735026919));
#5696 = ORIENTED_EDGE('',*,*,#4163,.T.);
#5697 = ORIENTED_EDGE('',*,*,#5665,.T.);
#5698 = ORIENTED_EDGE('',*,*,#5699,.F.);
#5699 = EDGE_CURVE('',#5690,#5666,#5700,.T.);
#5700 = LINE('',#5701,#5702);
#5701 = CARTESIAN_POINT('',(-0.16,-7.94,8.54));
#5702 = VECTOR('',#5703,1.);
#5703 = DIRECTION('',(0.,1.,0.));
#5704 = PLANE('',#5705);
#5705 = AXIS2_PLACEMENT_3D('',#5706,#5707,#5708);
#5706 = CARTESIAN_POINT('',(-0.24,-7.94,8.46));
#5707 = DIRECTION('',(0.707106781187,1.735167508357E-18,-0.707106781187)
  );
#5708 = DIRECTION('',(-1.226948711654E-18,1.,1.226948711654E-18));
#5709 = ADVANCED_FACE('',(#5710),#5721,.F.);
#5710 = FACE_BOUND('',#5711,.T.);
#5711 = EDGE_LOOP('',(#5712,#5713,#5714,#5715));
#5712 = ORIENTED_EDGE('',*,*,#5689,.F.);
#5713 = ORIENTED_EDGE('',*,*,#4180,.T.);
#5714 = ORIENTED_EDGE('',*,*,#5634,.T.);
#5715 = ORIENTED_EDGE('',*,*,#5716,.F.);
#5716 = EDGE_CURVE('',#5690,#5635,#5717,.T.);
#5717 = LINE('',#5718,#5719);
#5718 = CARTESIAN_POINT('',(-0.32,-7.78,8.54));
#5719 = VECTOR('',#5720,1.);
#5720 = DIRECTION('',(1.,0.,0.));
#5721 = PLANE('',#5722);
#5722 = AXIS2_PLACEMENT_3D('',#5723,#5724,#5725);
#5723 = CARTESIAN_POINT('',(-0.32,-7.86,8.46));
#5724 = DIRECTION('',(-1.735167508357E-18,0.707106781187,-0.707106781187
    ));
#5725 = DIRECTION('',(-1.,-1.226948711654E-18,1.226948711654E-18));
#5726 = ADVANCED_FACE('',(#5727),#5752,.T.);
#5727 = FACE_BOUND('',#5728,.F.);
#5728 = EDGE_LOOP('',(#5729,#5737,#5738,#5746));
#5729 = ORIENTED_EDGE('',*,*,#5730,.F.);
#5730 = EDGE_CURVE('',#4204,#5731,#5733,.T.);
#5731 = VERTEX_POINT('',#5732);
#5732 = CARTESIAN_POINT('',(-0.16,-12.54,8.54));
#5733 = LINE('',#5734,#5735);
#5734 = CARTESIAN_POINT('',(-0.16,-12.54,8.54));
#5735 = VECTOR('',#5736,1.);
#5736 = DIRECTION('',(0.57735026919,-0.57735026919,0.57735026919));
#5737 = ORIENTED_EDGE('',*,*,#4211,.T.);
#5738 = ORIENTED_EDGE('',*,*,#5739,.T.);
#5739 = EDGE_CURVE('',#4195,#5740,#5742,.T.);
#5740 = VERTEX_POINT('',#5741);
#5741 = CARTESIAN_POINT('',(0.16,-12.54,8.54));
#5742 = LINE('',#5743,#5744);
#5743 = CARTESIAN_POINT('',(5.333333333333E-02,-12.64666666666,
    8.646666666667));
#5744 = VECTOR('',#5745,1.);
#5745 = DIRECTION('',(-0.57735026919,-0.57735026919,0.57735026919));
#5746 = ORIENTED_EDGE('',*,*,#5747,.F.);
#5747 = EDGE_CURVE('',#5731,#5740,#5748,.T.);
#5748 = LINE('',#5749,#5750);
#5749 = CARTESIAN_POINT('',(-0.32,-12.54,8.54));
#5750 = VECTOR('',#5751,1.);
#5751 = DIRECTION('',(1.,0.,0.));
#5752 = PLANE('',#5753);
#5753 = AXIS2_PLACEMENT_3D('',#5754,#5755,#5756);
#5754 = CARTESIAN_POINT('',(-0.32,-12.46,8.46));
#5755 = DIRECTION('',(1.735167508357E-18,0.707106781187,0.707106781187)
  );
#5756 = DIRECTION('',(-1.,1.226948711654E-18,1.226948711654E-18));
#5757 = ADVANCED_FACE('',(#5758),#5776,.F.);
#5758 = FACE_BOUND('',#5759,.F.);
#5759 = EDGE_LOOP('',(#5760,#5768,#5769,#5770));
#5760 = ORIENTED_EDGE('',*,*,#5761,.F.);
#5761 = EDGE_CURVE('',#4226,#5762,#5764,.T.);
#5762 = VERTEX_POINT('',#5763);
#5763 = CARTESIAN_POINT('',(-0.16,-12.86,8.54));
#5764 = LINE('',#5765,#5766);
#5765 = CARTESIAN_POINT('',(-0.266666666667,-12.96666666666,
    8.433333333333));
#5766 = VECTOR('',#5767,1.);
#5767 = DIRECTION('',(0.57735026919,0.57735026919,0.57735026919));
#5768 = ORIENTED_EDGE('',*,*,#4235,.T.);
#5769 = ORIENTED_EDGE('',*,*,#5730,.T.);
#5770 = ORIENTED_EDGE('',*,*,#5771,.F.);
#5771 = EDGE_CURVE('',#5762,#5731,#5772,.T.);
#5772 = LINE('',#5773,#5774);
#5773 = CARTESIAN_POINT('',(-0.16,-13.02,8.54));
#5774 = VECTOR('',#5775,1.);
#5775 = DIRECTION('',(0.,1.,0.));
#5776 = PLANE('',#5777);
#5777 = AXIS2_PLACEMENT_3D('',#5778,#5779,#5780);
#5778 = CARTESIAN_POINT('',(-0.24,-13.02,8.46));
#5779 = DIRECTION('',(0.707106781187,1.735167508357E-18,-0.707106781187)
  );
#5780 = DIRECTION('',(-1.226948711654E-18,1.,1.226948711654E-18));
#5781 = ADVANCED_FACE('',(#5782),#5800,.F.);
#5782 = FACE_BOUND('',#5783,.T.);
#5783 = EDGE_LOOP('',(#5784,#5785,#5786,#5794));
#5784 = ORIENTED_EDGE('',*,*,#5761,.F.);
#5785 = ORIENTED_EDGE('',*,*,#4259,.T.);
#5786 = ORIENTED_EDGE('',*,*,#5787,.T.);
#5787 = EDGE_CURVE('',#4250,#5788,#5790,.T.);
#5788 = VERTEX_POINT('',#5789);
#5789 = CARTESIAN_POINT('',(0.16,-12.86,8.54));
#5790 = LINE('',#5791,#5792);
#5791 = CARTESIAN_POINT('',(0.16,-12.86,8.54));
#5792 = VECTOR('',#5793,1.);
#5793 = DIRECTION('',(-0.57735026919,0.57735026919,0.57735026919));
#5794 = ORIENTED_EDGE('',*,*,#5795,.F.);
#5795 = EDGE_CURVE('',#5762,#5788,#5796,.T.);
#5796 = LINE('',#5797,#5798);
#5797 = CARTESIAN_POINT('',(-0.32,-12.86,8.54));
#5798 = VECTOR('',#5799,1.);
#5799 = DIRECTION('',(1.,0.,0.));
#5800 = PLANE('',#5801);
#5801 = AXIS2_PLACEMENT_3D('',#5802,#5803,#5804);
#5802 = CARTESIAN_POINT('',(-0.32,-12.94,8.46));
#5803 = DIRECTION('',(-1.735167508357E-18,0.707106781187,-0.707106781187
    ));
#5804 = DIRECTION('',(-1.,-1.226948711654E-18,1.226948711654E-18));
#5805 = ADVANCED_FACE('',(#5806),#5817,.T.);
#5806 = FACE_BOUND('',#5807,.T.);
#5807 = EDGE_LOOP('',(#5808,#5809,#5810,#5811));
#5808 = ORIENTED_EDGE('',*,*,#5787,.F.);
#5809 = ORIENTED_EDGE('',*,*,#4276,.T.);
#5810 = ORIENTED_EDGE('',*,*,#5739,.T.);
#5811 = ORIENTED_EDGE('',*,*,#5812,.F.);
#5812 = EDGE_CURVE('',#5788,#5740,#5813,.T.);
#5813 = LINE('',#5814,#5815);
#5814 = CARTESIAN_POINT('',(0.16,-13.02,8.54));
#5815 = VECTOR('',#5816,1.);
#5816 = DIRECTION('',(0.,1.,0.));
#5817 = PLANE('',#5818);
#5818 = AXIS2_PLACEMENT_3D('',#5819,#5820,#5821);
#5819 = CARTESIAN_POINT('',(0.24,-13.02,8.46));
#5820 = DIRECTION('',(0.707106781187,-1.735167508357E-18,0.707106781187)
  );
#5821 = DIRECTION('',(1.226948711654E-18,1.,1.226948711654E-18));
#5822 = ADVANCED_FACE('',(#5823),#5848,.T.);
#5823 = FACE_BOUND('',#5824,.T.);
#5824 = EDGE_LOOP('',(#5825,#5833,#5834,#5842));
#5825 = ORIENTED_EDGE('',*,*,#5826,.F.);
#5826 = EDGE_CURVE('',#4291,#5827,#5829,.T.);
#5827 = VERTEX_POINT('',#5828);
#5828 = CARTESIAN_POINT('',(0.16,-10.32,8.54));
#5829 = LINE('',#5830,#5831);
#5830 = CARTESIAN_POINT('',(0.16,-10.32,8.54));
#5831 = VECTOR('',#5832,1.);
#5832 = DIRECTION('',(-0.57735026919,0.57735026919,0.57735026919));
#5833 = ORIENTED_EDGE('',*,*,#4307,.T.);
#5834 = ORIENTED_EDGE('',*,*,#5835,.T.);
#5835 = EDGE_CURVE('',#4300,#5836,#5838,.T.);
#5836 = VERTEX_POINT('',#5837);
#5837 = CARTESIAN_POINT('',(0.16,-10.,8.54));
#5838 = LINE('',#5839,#5840);
#5839 = CARTESIAN_POINT('',(5.333333333333E-02,-10.10666666666,
    8.646666666667));
#5840 = VECTOR('',#5841,1.);
#5841 = DIRECTION('',(-0.57735026919,-0.57735026919,0.57735026919));
#5842 = ORIENTED_EDGE('',*,*,#5843,.F.);
#5843 = EDGE_CURVE('',#5827,#5836,#5844,.T.);
#5844 = LINE('',#5845,#5846);
#5845 = CARTESIAN_POINT('',(0.16,-10.48,8.54));
#5846 = VECTOR('',#5847,1.);
#5847 = DIRECTION('',(0.,1.,0.));
#5848 = PLANE('',#5849);
#5849 = AXIS2_PLACEMENT_3D('',#5850,#5851,#5852);
#5850 = CARTESIAN_POINT('',(0.24,-10.48,8.46));
#5851 = DIRECTION('',(0.707106781187,-1.735167508357E-18,0.707106781187)
  );
#5852 = DIRECTION('',(1.226948711654E-18,1.,1.226948711654E-18));
#5853 = ADVANCED_FACE('',(#5854),#5872,.T.);
#5854 = FACE_BOUND('',#5855,.F.);
#5855 = EDGE_LOOP('',(#5856,#5864,#5865,#5866));
#5856 = ORIENTED_EDGE('',*,*,#5857,.F.);
#5857 = EDGE_CURVE('',#4324,#5858,#5860,.T.);
#5858 = VERTEX_POINT('',#5859);
#5859 = CARTESIAN_POINT('',(-0.16,-10.,8.54));
#5860 = LINE('',#5861,#5862);
#5861 = CARTESIAN_POINT('',(-0.16,-10.,8.54));
#5862 = VECTOR('',#5863,1.);
#5863 = DIRECTION('',(0.57735026919,-0.57735026919,0.57735026919));
#5864 = ORIENTED_EDGE('',*,*,#4331,.T.);
#5865 = ORIENTED_EDGE('',*,*,#5835,.T.);
#5866 = ORIENTED_EDGE('',*,*,#5867,.F.);
#5867 = EDGE_CURVE('',#5858,#5836,#5868,.T.);
#5868 = LINE('',#5869,#5870);
#5869 = CARTESIAN_POINT('',(-0.32,-10.,8.54));
#5870 = VECTOR('',#5871,1.);
#5871 = DIRECTION('',(1.,0.,0.));
#5872 = PLANE('',#5873);
#5873 = AXIS2_PLACEMENT_3D('',#5874,#5875,#5876);
#5874 = CARTESIAN_POINT('',(-0.32,-9.92,8.46));
#5875 = DIRECTION('',(1.735167508357E-18,0.707106781187,0.707106781187)
  );
#5876 = DIRECTION('',(-1.,1.226948711654E-18,1.226948711654E-18));
#5877 = ADVANCED_FACE('',(#5878),#5896,.F.);
#5878 = FACE_BOUND('',#5879,.F.);
#5879 = EDGE_LOOP('',(#5880,#5888,#5889,#5890));
#5880 = ORIENTED_EDGE('',*,*,#5881,.F.);
#5881 = EDGE_CURVE('',#4346,#5882,#5884,.T.);
#5882 = VERTEX_POINT('',#5883);
#5883 = CARTESIAN_POINT('',(-0.16,-10.32,8.54));
#5884 = LINE('',#5885,#5886);
#5885 = CARTESIAN_POINT('',(-0.266666666667,-10.42666666666,
    8.433333333333));
#5886 = VECTOR('',#5887,1.);
#5887 = DIRECTION('',(0.57735026919,0.57735026919,0.57735026919));
#5888 = ORIENTED_EDGE('',*,*,#4355,.T.);
#5889 = ORIENTED_EDGE('',*,*,#5857,.T.);
#5890 = ORIENTED_EDGE('',*,*,#5891,.F.);
#5891 = EDGE_CURVE('',#5882,#5858,#5892,.T.);
#5892 = LINE('',#5893,#5894);
#5893 = CARTESIAN_POINT('',(-0.16,-10.48,8.54));
#5894 = VECTOR('',#5895,1.);
#5895 = DIRECTION('',(0.,1.,0.));
#5896 = PLANE('',#5897);
#5897 = AXIS2_PLACEMENT_3D('',#5898,#5899,#5900);
#5898 = CARTESIAN_POINT('',(-0.24,-10.48,8.46));
#5899 = DIRECTION('',(0.707106781187,1.735167508357E-18,-0.707106781187)
  );
#5900 = DIRECTION('',(-1.226948711654E-18,1.,1.226948711654E-18));
#5901 = ADVANCED_FACE('',(#5902),#5913,.F.);
#5902 = FACE_BOUND('',#5903,.T.);
#5903 = EDGE_LOOP('',(#5904,#5905,#5906,#5907));
#5904 = ORIENTED_EDGE('',*,*,#5881,.F.);
#5905 = ORIENTED_EDGE('',*,*,#4372,.T.);
#5906 = ORIENTED_EDGE('',*,*,#5826,.T.);
#5907 = ORIENTED_EDGE('',*,*,#5908,.F.);
#5908 = EDGE_CURVE('',#5882,#5827,#5909,.T.);
#5909 = LINE('',#5910,#5911);
#5910 = CARTESIAN_POINT('',(-0.32,-10.32,8.54));
#5911 = VECTOR('',#5912,1.);
#5912 = DIRECTION('',(1.,0.,0.));
#5913 = PLANE('',#5914);
#5914 = AXIS2_PLACEMENT_3D('',#5915,#5916,#5917);
#5915 = CARTESIAN_POINT('',(-0.32,-10.4,8.46));
#5916 = DIRECTION('',(-1.735167508357E-18,0.707106781187,-0.707106781187
    ));
#5917 = DIRECTION('',(-1.,-1.226948711654E-18,1.226948711654E-18));
#5918 = ADVANCED_FACE('',(#5919),#5944,.T.);
#5919 = FACE_BOUND('',#5920,.F.);
#5920 = EDGE_LOOP('',(#5921,#5929,#5930,#5938));
#5921 = ORIENTED_EDGE('',*,*,#5922,.F.);
#5922 = EDGE_CURVE('',#4396,#5923,#5925,.T.);
#5923 = VERTEX_POINT('',#5924);
#5924 = CARTESIAN_POINT('',(-0.16,-2.38,8.54));
#5925 = LINE('',#5926,#5927);
#5926 = CARTESIAN_POINT('',(-0.16,-2.38,8.54));
#5927 = VECTOR('',#5928,1.);
#5928 = DIRECTION('',(0.57735026919,-0.57735026919,0.57735026919));
#5929 = ORIENTED_EDGE('',*,*,#4403,.T.);
#5930 = ORIENTED_EDGE('',*,*,#5931,.T.);
#5931 = EDGE_CURVE('',#4387,#5932,#5934,.T.);
#5932 = VERTEX_POINT('',#5933);
#5933 = CARTESIAN_POINT('',(0.16,-2.38,8.54));
#5934 = LINE('',#5935,#5936);
#5935 = CARTESIAN_POINT('',(5.333333333333E-02,-2.486666666667,
    8.646666666667));
#5936 = VECTOR('',#5937,1.);
#5937 = DIRECTION('',(-0.57735026919,-0.57735026919,0.57735026919));
#5938 = ORIENTED_EDGE('',*,*,#5939,.F.);
#5939 = EDGE_CURVE('',#5923,#5932,#5940,.T.);
#5940 = LINE('',#5941,#5942);
#5941 = CARTESIAN_POINT('',(-0.32,-2.38,8.54));
#5942 = VECTOR('',#5943,1.);
#5943 = DIRECTION('',(1.,0.,0.));
#5944 = PLANE('',#5945);
#5945 = AXIS2_PLACEMENT_3D('',#5946,#5947,#5948);
#5946 = CARTESIAN_POINT('',(-0.32,-2.3,8.46));
#5947 = DIRECTION('',(1.735167508357E-18,0.707106781187,0.707106781187)
  );
#5948 = DIRECTION('',(-1.,1.226948711654E-18,1.226948711654E-18));
#5949 = ADVANCED_FACE('',(#5950),#5968,.F.);
#5950 = FACE_BOUND('',#5951,.F.);
#5951 = EDGE_LOOP('',(#5952,#5960,#5961,#5962));
#5952 = ORIENTED_EDGE('',*,*,#5953,.F.);
#5953 = EDGE_CURVE('',#4418,#5954,#5956,.T.);
#5954 = VERTEX_POINT('',#5955);
#5955 = CARTESIAN_POINT('',(-0.16,-2.7,8.54));
#5956 = LINE('',#5957,#5958);
#5957 = CARTESIAN_POINT('',(-0.266666666667,-2.806666666667,
    8.433333333333));
#5958 = VECTOR('',#5959,1.);
#5959 = DIRECTION('',(0.57735026919,0.57735026919,0.57735026919));
#5960 = ORIENTED_EDGE('',*,*,#4427,.T.);
#5961 = ORIENTED_EDGE('',*,*,#5922,.T.);
#5962 = ORIENTED_EDGE('',*,*,#5963,.F.);
#5963 = EDGE_CURVE('',#5954,#5923,#5964,.T.);
#5964 = LINE('',#5965,#5966);
#5965 = CARTESIAN_POINT('',(-0.16,-2.86,8.54));
#5966 = VECTOR('',#5967,1.);
#5967 = DIRECTION('',(0.,1.,0.));
#5968 = PLANE('',#5969);
#5969 = AXIS2_PLACEMENT_3D('',#5970,#5971,#5972);
#5970 = CARTESIAN_POINT('',(-0.24,-2.86,8.46));
#5971 = DIRECTION('',(0.707106781187,1.735167508357E-18,-0.707106781187)
  );
#5972 = DIRECTION('',(-1.226948711654E-18,1.,1.226948711654E-18));
#5973 = ADVANCED_FACE('',(#5974),#5992,.F.);
#5974 = FACE_BOUND('',#5975,.T.);
#5975 = EDGE_LOOP('',(#5976,#5977,#5978,#5986));
#5976 = ORIENTED_EDGE('',*,*,#5953,.F.);
#5977 = ORIENTED_EDGE('',*,*,#4451,.T.);
#5978 = ORIENTED_EDGE('',*,*,#5979,.T.);
#5979 = EDGE_CURVE('',#4442,#5980,#5982,.T.);
#5980 = VERTEX_POINT('',#5981);
#5981 = CARTESIAN_POINT('',(0.16,-2.7,8.54));
#5982 = LINE('',#5983,#5984);
#5983 = CARTESIAN_POINT('',(0.16,-2.7,8.54));
#5984 = VECTOR('',#5985,1.);
#5985 = DIRECTION('',(-0.57735026919,0.57735026919,0.57735026919));
#5986 = ORIENTED_EDGE('',*,*,#5987,.F.);
#5987 = EDGE_CURVE('',#5954,#5980,#5988,.T.);
#5988 = LINE('',#5989,#5990);
#5989 = CARTESIAN_POINT('',(-0.32,-2.7,8.54));
#5990 = VECTOR('',#5991,1.);
#5991 = DIRECTION('',(1.,0.,0.));
#5992 = PLANE('',#5993);
#5993 = AXIS2_PLACEMENT_3D('',#5994,#5995,#5996);
#5994 = CARTESIAN_POINT('',(-0.32,-2.78,8.46));
#5995 = DIRECTION('',(-1.735167508357E-18,0.707106781187,-0.707106781187
    ));
#5996 = DIRECTION('',(-1.,-1.226948711654E-18,1.226948711654E-18));
#5997 = ADVANCED_FACE('',(#5998),#6009,.T.);
#5998 = FACE_BOUND('',#5999,.T.);
#5999 = EDGE_LOOP('',(#6000,#6001,#6002,#6003));
#6000 = ORIENTED_EDGE('',*,*,#5979,.F.);
#6001 = ORIENTED_EDGE('',*,*,#4468,.T.);
#6002 = ORIENTED_EDGE('',*,*,#5931,.T.);
#6003 = ORIENTED_EDGE('',*,*,#6004,.F.);
#6004 = EDGE_CURVE('',#5980,#5932,#6005,.T.);
#6005 = LINE('',#6006,#6007);
#6006 = CARTESIAN_POINT('',(0.16,-2.86,8.54));
#6007 = VECTOR('',#6008,1.);
#6008 = DIRECTION('',(0.,1.,0.));
#6009 = PLANE('',#6010);
#6010 = AXIS2_PLACEMENT_3D('',#6011,#6012,#6013);
#6011 = CARTESIAN_POINT('',(0.24,-2.86,8.46));
#6012 = DIRECTION('',(0.707106781187,-1.735167508357E-18,0.707106781187)
  );
#6013 = DIRECTION('',(1.226948711654E-18,1.,1.226948711654E-18));
#6014 = ADVANCED_FACE('',(#6015),#6040,.F.);
#6015 = FACE_BOUND('',#6016,.T.);
#6016 = EDGE_LOOP('',(#6017,#6025,#6026,#6034));
#6017 = ORIENTED_EDGE('',*,*,#6018,.F.);
#6018 = EDGE_CURVE('',#4492,#6019,#6021,.T.);
#6019 = VERTEX_POINT('',#6020);
#6020 = CARTESIAN_POINT('',(-0.16,-5.24,8.54));
#6021 = LINE('',#6022,#6023);
#6022 = CARTESIAN_POINT('',(-0.266666666667,-5.346666666667,
    8.433333333333));
#6023 = VECTOR('',#6024,1.);
#6024 = DIRECTION('',(0.57735026919,0.57735026919,0.57735026919));
#6025 = ORIENTED_EDGE('',*,*,#4499,.T.);
#6026 = ORIENTED_EDGE('',*,*,#6027,.T.);
#6027 = EDGE_CURVE('',#4483,#6028,#6030,.T.);
#6028 = VERTEX_POINT('',#6029);
#6029 = CARTESIAN_POINT('',(0.16,-5.24,8.54));
#6030 = LINE('',#6031,#6032);
#6031 = CARTESIAN_POINT('',(0.16,-5.24,8.54));
#6032 = VECTOR('',#6033,1.);
#6033 = DIRECTION('',(-0.57735026919,0.57735026919,0.57735026919));
#6034 = ORIENTED_EDGE('',*,*,#6035,.F.);
#6035 = EDGE_CURVE('',#6019,#6028,#6036,.T.);
#6036 = LINE('',#6037,#6038);
#6037 = CARTESIAN_POINT('',(-0.32,-5.24,8.54));
#6038 = VECTOR('',#6039,1.);
#6039 = DIRECTION('',(1.,0.,0.));
#6040 = PLANE('',#6041);
#6041 = AXIS2_PLACEMENT_3D('',#6042,#6043,#6044);
#6042 = CARTESIAN_POINT('',(-0.32,-5.32,8.46));
#6043 = DIRECTION('',(-1.735167508357E-18,0.707106781187,-0.707106781187
    ));
#6044 = DIRECTION('',(-1.,-1.226948711654E-18,1.226948711654E-18));
#6045 = ADVANCED_FACE('',(#6046),#6064,.T.);
#6046 = FACE_BOUND('',#6047,.T.);
#6047 = EDGE_LOOP('',(#6048,#6049,#6050,#6058));
#6048 = ORIENTED_EDGE('',*,*,#6027,.F.);
#6049 = ORIENTED_EDGE('',*,*,#4523,.T.);
#6050 = ORIENTED_EDGE('',*,*,#6051,.T.);
#6051 = EDGE_CURVE('',#4516,#6052,#6054,.T.);
#6052 = VERTEX_POINT('',#6053);
#6053 = CARTESIAN_POINT('',(0.16,-4.92,8.54));
#6054 = LINE('',#6055,#6056);
#6055 = CARTESIAN_POINT('',(5.333333333333E-02,-5.026666666667,
    8.646666666667));
#6056 = VECTOR('',#6057,1.);
#6057 = DIRECTION('',(-0.57735026919,-0.57735026919,0.57735026919));
#6058 = ORIENTED_EDGE('',*,*,#6059,.F.);
#6059 = EDGE_CURVE('',#6028,#6052,#6060,.T.);
#6060 = LINE('',#6061,#6062);
#6061 = CARTESIAN_POINT('',(0.16,-5.4,8.54));
#6062 = VECTOR('',#6063,1.);
#6063 = DIRECTION('',(0.,1.,0.));
#6064 = PLANE('',#6065);
#6065 = AXIS2_PLACEMENT_3D('',#6066,#6067,#6068);
#6066 = CARTESIAN_POINT('',(0.24,-5.4,8.46));
#6067 = DIRECTION('',(0.707106781187,-1.735167508357E-18,0.707106781187)
  );
#6068 = DIRECTION('',(1.226948711654E-18,1.,1.226948711654E-18));
#6069 = ADVANCED_FACE('',(#6070),#6088,.T.);
#6070 = FACE_BOUND('',#6071,.F.);
#6071 = EDGE_LOOP('',(#6072,#6080,#6081,#6082));
#6072 = ORIENTED_EDGE('',*,*,#6073,.F.);
#6073 = EDGE_CURVE('',#4540,#6074,#6076,.T.);
#6074 = VERTEX_POINT('',#6075);
#6075 = CARTESIAN_POINT('',(-0.16,-4.92,8.54));
#6076 = LINE('',#6077,#6078);
#6077 = CARTESIAN_POINT('',(-0.16,-4.92,8.54));
#6078 = VECTOR('',#6079,1.);
#6079 = DIRECTION('',(0.57735026919,-0.57735026919,0.57735026919));
#6080 = ORIENTED_EDGE('',*,*,#4547,.T.);
#6081 = ORIENTED_EDGE('',*,*,#6051,.T.);
#6082 = ORIENTED_EDGE('',*,*,#6083,.F.);
#6083 = EDGE_CURVE('',#6074,#6052,#6084,.T.);
#6084 = LINE('',#6085,#6086);
#6085 = CARTESIAN_POINT('',(-0.32,-4.92,8.54));
#6086 = VECTOR('',#6087,1.);
#6087 = DIRECTION('',(1.,0.,0.));
#6088 = PLANE('',#6089);
#6089 = AXIS2_PLACEMENT_3D('',#6090,#6091,#6092);
#6090 = CARTESIAN_POINT('',(-0.32,-4.84,8.46));
#6091 = DIRECTION('',(1.735167508357E-18,0.707106781187,0.707106781187)
  );
#6092 = DIRECTION('',(-1.,1.226948711654E-18,1.226948711654E-18));
#6093 = ADVANCED_FACE('',(#6094),#6105,.F.);
#6094 = FACE_BOUND('',#6095,.F.);
#6095 = EDGE_LOOP('',(#6096,#6097,#6098,#6099));
#6096 = ORIENTED_EDGE('',*,*,#6018,.F.);
#6097 = ORIENTED_EDGE('',*,*,#4564,.T.);
#6098 = ORIENTED_EDGE('',*,*,#6073,.T.);
#6099 = ORIENTED_EDGE('',*,*,#6100,.F.);
#6100 = EDGE_CURVE('',#6019,#6074,#6101,.T.);
#6101 = LINE('',#6102,#6103);
#6102 = CARTESIAN_POINT('',(-0.16,-5.4,8.54));
#6103 = VECTOR('',#6104,1.);
#6104 = DIRECTION('',(0.,1.,0.));
#6105 = PLANE('',#6106);
#6106 = AXIS2_PLACEMENT_3D('',#6107,#6108,#6109);
#6107 = CARTESIAN_POINT('',(-0.24,-5.4,8.46));
#6108 = DIRECTION('',(0.707106781187,1.735167508357E-18,-0.707106781187)
  );
#6109 = DIRECTION('',(-1.226948711654E-18,1.,1.226948711654E-18));
#6110 = ADVANCED_FACE('',(#6111),#6136,.T.);
#6111 = FACE_BOUND('',#6112,.T.);
#6112 = EDGE_LOOP('',(#6113,#6121,#6122,#6130));
#6113 = ORIENTED_EDGE('',*,*,#6114,.F.);
#6114 = EDGE_CURVE('',#4579,#6115,#6117,.T.);
#6115 = VERTEX_POINT('',#6116);
#6116 = CARTESIAN_POINT('',(0.16,-0.16,8.54));
#6117 = LINE('',#6118,#6119);
#6118 = CARTESIAN_POINT('',(0.16,-0.16,8.54));
#6119 = VECTOR('',#6120,1.);
#6120 = DIRECTION('',(-0.57735026919,0.57735026919,0.57735026919));
#6121 = ORIENTED_EDGE('',*,*,#4595,.T.);
#6122 = ORIENTED_EDGE('',*,*,#6123,.T.);
#6123 = EDGE_CURVE('',#4588,#6124,#6126,.T.);
#6124 = VERTEX_POINT('',#6125);
#6125 = CARTESIAN_POINT('',(0.16,0.16,8.54));
#6126 = LINE('',#6127,#6128);
#6127 = CARTESIAN_POINT('',(5.333333333333E-02,5.333333333333E-02,
    8.646666666667));
#6128 = VECTOR('',#6129,1.);
#6129 = DIRECTION('',(-0.57735026919,-0.57735026919,0.57735026919));
#6130 = ORIENTED_EDGE('',*,*,#6131,.F.);
#6131 = EDGE_CURVE('',#6115,#6124,#6132,.T.);
#6132 = LINE('',#6133,#6134);
#6133 = CARTESIAN_POINT('',(0.16,-0.32,8.54));
#6134 = VECTOR('',#6135,1.);
#6135 = DIRECTION('',(0.,1.,0.));
#6136 = PLANE('',#6137);
#6137 = AXIS2_PLACEMENT_3D('',#6138,#6139,#6140);
#6138 = CARTESIAN_POINT('',(0.24,-0.32,8.46));
#6139 = DIRECTION('',(0.707106781187,-1.735167508357E-18,0.707106781187)
  );
#6140 = DIRECTION('',(1.226948711654E-18,1.,1.226948711654E-18));
#6141 = ADVANCED_FACE('',(#6142),#6160,.T.);
#6142 = FACE_BOUND('',#6143,.F.);
#6143 = EDGE_LOOP('',(#6144,#6152,#6153,#6154));
#6144 = ORIENTED_EDGE('',*,*,#6145,.F.);
#6145 = EDGE_CURVE('',#4612,#6146,#6148,.T.);
#6146 = VERTEX_POINT('',#6147);
#6147 = CARTESIAN_POINT('',(-0.16,0.16,8.54));
#6148 = LINE('',#6149,#6150);
#6149 = CARTESIAN_POINT('',(-0.16,0.16,8.54));
#6150 = VECTOR('',#6151,1.);
#6151 = DIRECTION('',(0.57735026919,-0.57735026919,0.57735026919));
#6152 = ORIENTED_EDGE('',*,*,#4619,.T.);
#6153 = ORIENTED_EDGE('',*,*,#6123,.T.);
#6154 = ORIENTED_EDGE('',*,*,#6155,.F.);
#6155 = EDGE_CURVE('',#6146,#6124,#6156,.T.);
#6156 = LINE('',#6157,#6158);
#6157 = CARTESIAN_POINT('',(-0.32,0.16,8.54));
#6158 = VECTOR('',#6159,1.);
#6159 = DIRECTION('',(1.,0.,0.));
#6160 = PLANE('',#6161);
#6161 = AXIS2_PLACEMENT_3D('',#6162,#6163,#6164);
#6162 = CARTESIAN_POINT('',(-0.32,0.24,8.46));
#6163 = DIRECTION('',(1.735167508357E-18,0.707106781187,0.707106781187)
  );
#6164 = DIRECTION('',(-1.,1.226948711654E-18,1.226948711654E-18));
#6165 = ADVANCED_FACE('',(#6166),#6184,.F.);
#6166 = FACE_BOUND('',#6167,.F.);
#6167 = EDGE_LOOP('',(#6168,#6176,#6177,#6178));
#6168 = ORIENTED_EDGE('',*,*,#6169,.F.);
#6169 = EDGE_CURVE('',#4634,#6170,#6172,.T.);
#6170 = VERTEX_POINT('',#6171);
#6171 = CARTESIAN_POINT('',(-0.16,-0.16,8.54));
#6172 = LINE('',#6173,#6174);
#6173 = CARTESIAN_POINT('',(-0.266666666667,-0.266666666667,
    8.433333333333));
#6174 = VECTOR('',#6175,1.);
#6175 = DIRECTION('',(0.57735026919,0.57735026919,0.57735026919));
#6176 = ORIENTED_EDGE('',*,*,#4643,.T.);
#6177 = ORIENTED_EDGE('',*,*,#6145,.T.);
#6178 = ORIENTED_EDGE('',*,*,#6179,.F.);
#6179 = EDGE_CURVE('',#6170,#6146,#6180,.T.);
#6180 = LINE('',#6181,#6182);
#6181 = CARTESIAN_POINT('',(-0.16,-0.32,8.54));
#6182 = VECTOR('',#6183,1.);
#6183 = DIRECTION('',(0.,1.,0.));
#6184 = PLANE('',#6185);
#6185 = AXIS2_PLACEMENT_3D('',#6186,#6187,#6188);
#6186 = CARTESIAN_POINT('',(-0.24,-0.32,8.46));
#6187 = DIRECTION('',(0.707106781187,1.735167508357E-18,-0.707106781187)
  );
#6188 = DIRECTION('',(-1.226948711654E-18,1.,1.226948711654E-18));
#6189 = ADVANCED_FACE('',(#6190),#6201,.F.);
#6190 = FACE_BOUND('',#6191,.T.);
#6191 = EDGE_LOOP('',(#6192,#6193,#6194,#6195));
#6192 = ORIENTED_EDGE('',*,*,#6169,.F.);
#6193 = ORIENTED_EDGE('',*,*,#4660,.T.);
#6194 = ORIENTED_EDGE('',*,*,#6114,.T.);
#6195 = ORIENTED_EDGE('',*,*,#6196,.F.);
#6196 = EDGE_CURVE('',#6170,#6115,#6197,.T.);
#6197 = LINE('',#6198,#6199);
#6198 = CARTESIAN_POINT('',(-0.32,-0.16,8.54));
#6199 = VECTOR('',#6200,1.);
#6200 = DIRECTION('',(1.,0.,0.));
#6201 = PLANE('',#6202);
#6202 = AXIS2_PLACEMENT_3D('',#6203,#6204,#6205);
#6203 = CARTESIAN_POINT('',(-0.32,-0.24,8.46));
#6204 = DIRECTION('',(-1.735167508357E-18,0.707106781187,-0.707106781187
    ));
#6205 = DIRECTION('',(-1.,-1.226948711654E-18,1.226948711654E-18));
#6206 = ADVANCED_FACE('',(#6207),#6213,.F.);
#6207 = FACE_BOUND('',#6208,.F.);
#6208 = EDGE_LOOP('',(#6209,#6210,#6211,#6212));
#6209 = ORIENTED_EDGE('',*,*,#4691,.T.);
#6210 = ORIENTED_EDGE('',*,*,#4715,.T.);
#6211 = ORIENTED_EDGE('',*,*,#4739,.F.);
#6212 = ORIENTED_EDGE('',*,*,#4756,.F.);
#6213 = PLANE('',#6214);
#6214 = AXIS2_PLACEMENT_3D('',#6215,#6216,#6217);
#6215 = CARTESIAN_POINT('',(-0.32,-18.1,-3.));
#6216 = DIRECTION('',(0.,0.,1.));
#6217 = DIRECTION('',(1.,0.,-0.));
#6218 = ADVANCED_FACE('',(#6219),#6225,.F.);
#6219 = FACE_BOUND('',#6220,.F.);
#6220 = EDGE_LOOP('',(#6221,#6222,#6223,#6224));
#6221 = ORIENTED_EDGE('',*,*,#4835,.T.);
#6222 = ORIENTED_EDGE('',*,*,#4852,.T.);
#6223 = ORIENTED_EDGE('',*,*,#4787,.F.);
#6224 = ORIENTED_EDGE('',*,*,#4811,.F.);
#6225 = PLANE('',#6226);
#6226 = AXIS2_PLACEMENT_3D('',#6227,#6228,#6229);
#6227 = CARTESIAN_POINT('',(-0.32,-15.56,-3.));
#6228 = DIRECTION('',(0.,0.,1.));
#6229 = DIRECTION('',(1.,0.,-0.));
#6230 = ADVANCED_FACE('',(#6231),#6237,.F.);
#6231 = FACE_BOUND('',#6232,.F.);
#6232 = EDGE_LOOP('',(#6233,#6234,#6235,#6236));
#6233 = ORIENTED_EDGE('',*,*,#4948,.T.);
#6234 = ORIENTED_EDGE('',*,*,#4883,.T.);
#6235 = ORIENTED_EDGE('',*,*,#4907,.F.);
#6236 = ORIENTED_EDGE('',*,*,#4931,.F.);
#6237 = PLANE('',#6238);
#6238 = AXIS2_PLACEMENT_3D('',#6239,#6240,#6241);
#6239 = CARTESIAN_POINT('',(-0.32,-7.94,-3.));
#6240 = DIRECTION('',(0.,0.,1.));
#6241 = DIRECTION('',(1.,0.,-0.));
#6242 = ADVANCED_FACE('',(#6243),#6249,.F.);
#6243 = FACE_BOUND('',#6244,.F.);
#6244 = EDGE_LOOP('',(#6245,#6246,#6247,#6248));
#6245 = ORIENTED_EDGE('',*,*,#5027,.T.);
#6246 = ORIENTED_EDGE('',*,*,#5044,.T.);
#6247 = ORIENTED_EDGE('',*,*,#4979,.F.);
#6248 = ORIENTED_EDGE('',*,*,#5003,.F.);
#6249 = PLANE('',#6250);
#6250 = AXIS2_PLACEMENT_3D('',#6251,#6252,#6253);
#6251 = CARTESIAN_POINT('',(-0.32,-13.02,-3.));
#6252 = DIRECTION('',(0.,0.,1.));
#6253 = DIRECTION('',(1.,0.,-0.));
#6254 = ADVANCED_FACE('',(#6255),#6261,.F.);
#6255 = FACE_BOUND('',#6256,.F.);
#6256 = EDGE_LOOP('',(#6257,#6258,#6259,#6260));
#6257 = ORIENTED_EDGE('',*,*,#5140,.T.);
#6258 = ORIENTED_EDGE('',*,*,#5075,.T.);
#6259 = ORIENTED_EDGE('',*,*,#5099,.F.);
#6260 = ORIENTED_EDGE('',*,*,#5123,.F.);
#6261 = PLANE('',#6262);
#6262 = AXIS2_PLACEMENT_3D('',#6263,#6264,#6265);
#6263 = CARTESIAN_POINT('',(-0.32,-10.48,-3.));
#6264 = DIRECTION('',(0.,0.,1.));
#6265 = DIRECTION('',(1.,0.,-0.));
#6266 = ADVANCED_FACE('',(#6267),#6273,.F.);
#6267 = FACE_BOUND('',#6268,.F.);
#6268 = EDGE_LOOP('',(#6269,#6270,#6271,#6272));
#6269 = ORIENTED_EDGE('',*,*,#5219,.T.);
#6270 = ORIENTED_EDGE('',*,*,#5236,.T.);
#6271 = ORIENTED_EDGE('',*,*,#5171,.F.);
#6272 = ORIENTED_EDGE('',*,*,#5195,.F.);
#6273 = PLANE('',#6274);
#6274 = AXIS2_PLACEMENT_3D('',#6275,#6276,#6277);
#6275 = CARTESIAN_POINT('',(-0.32,-2.86,-3.));
#6276 = DIRECTION('',(0.,0.,1.));
#6277 = DIRECTION('',(1.,0.,-0.));
#6278 = ADVANCED_FACE('',(#6279),#6285,.F.);
#6279 = FACE_BOUND('',#6280,.F.);
#6280 = EDGE_LOOP('',(#6281,#6282,#6283,#6284));
#6281 = ORIENTED_EDGE('',*,*,#5267,.T.);
#6282 = ORIENTED_EDGE('',*,*,#5291,.T.);
#6283 = ORIENTED_EDGE('',*,*,#5315,.F.);
#6284 = ORIENTED_EDGE('',*,*,#5332,.F.);
#6285 = PLANE('',#6286);
#6286 = AXIS2_PLACEMENT_3D('',#6287,#6288,#6289);
#6287 = CARTESIAN_POINT('',(-0.32,-5.4,-3.));
#6288 = DIRECTION('',(0.,0.,1.));
#6289 = DIRECTION('',(1.,0.,-0.));
#6290 = ADVANCED_FACE('',(#6291),#6297,.F.);
#6291 = FACE_BOUND('',#6292,.F.);
#6292 = EDGE_LOOP('',(#6293,#6294,#6295,#6296));
#6293 = ORIENTED_EDGE('',*,*,#5428,.T.);
#6294 = ORIENTED_EDGE('',*,*,#5363,.T.);
#6295 = ORIENTED_EDGE('',*,*,#5387,.F.);
#6296 = ORIENTED_EDGE('',*,*,#5411,.F.);
#6297 = PLANE('',#6298);
#6298 = AXIS2_PLACEMENT_3D('',#6299,#6300,#6301);
#6299 = CARTESIAN_POINT('',(-0.32,-0.32,-3.));
#6300 = DIRECTION('',(0.,0.,1.));
#6301 = DIRECTION('',(1.,0.,-0.));
#6302 = ADVANCED_FACE('',(#6303),#6309,.T.);
#6303 = FACE_BOUND('',#6304,.T.);
#6304 = EDGE_LOOP('',(#6305,#6306,#6307,#6308));
#6305 = ORIENTED_EDGE('',*,*,#5459,.T.);
#6306 = ORIENTED_EDGE('',*,*,#5483,.T.);
#6307 = ORIENTED_EDGE('',*,*,#5507,.F.);
#6308 = ORIENTED_EDGE('',*,*,#5524,.F.);
#6309 = PLANE('',#6310);
#6310 = AXIS2_PLACEMENT_3D('',#6311,#6312,#6313);
#6311 = CARTESIAN_POINT('',(-0.32,-18.1,8.54));
#6312 = DIRECTION('',(0.,0.,1.));
#6313 = DIRECTION('',(1.,0.,-0.));
#6314 = ADVANCED_FACE('',(#6315),#6321,.T.);
#6315 = FACE_BOUND('',#6316,.T.);
#6316 = EDGE_LOOP('',(#6317,#6318,#6319,#6320));
#6317 = ORIENTED_EDGE('',*,*,#5603,.T.);
#6318 = ORIENTED_EDGE('',*,*,#5620,.T.);
#6319 = ORIENTED_EDGE('',*,*,#5555,.F.);
#6320 = ORIENTED_EDGE('',*,*,#5579,.F.);
#6321 = PLANE('',#6322);
#6322 = AXIS2_PLACEMENT_3D('',#6323,#6324,#6325);
#6323 = CARTESIAN_POINT('',(-0.32,-15.56,8.54));
#6324 = DIRECTION('',(0.,0.,1.));
#6325 = DIRECTION('',(1.,0.,-0.));
#6326 = ADVANCED_FACE('',(#6327),#6333,.T.);
#6327 = FACE_BOUND('',#6328,.T.);
#6328 = EDGE_LOOP('',(#6329,#6330,#6331,#6332));
#6329 = ORIENTED_EDGE('',*,*,#5716,.T.);
#6330 = ORIENTED_EDGE('',*,*,#5651,.T.);
#6331 = ORIENTED_EDGE('',*,*,#5675,.F.);
#6332 = ORIENTED_EDGE('',*,*,#5699,.F.);
#6333 = PLANE('',#6334);
#6334 = AXIS2_PLACEMENT_3D('',#6335,#6336,#6337);
#6335 = CARTESIAN_POINT('',(-0.32,-7.94,8.54));
#6336 = DIRECTION('',(0.,0.,1.));
#6337 = DIRECTION('',(1.,0.,-0.));
#6338 = ADVANCED_FACE('',(#6339),#6345,.T.);
#6339 = FACE_BOUND('',#6340,.T.);
#6340 = EDGE_LOOP('',(#6341,#6342,#6343,#6344));
#6341 = ORIENTED_EDGE('',*,*,#5795,.T.);
#6342 = ORIENTED_EDGE('',*,*,#5812,.T.);
#6343 = ORIENTED_EDGE('',*,*,#5747,.F.);
#6344 = ORIENTED_EDGE('',*,*,#5771,.F.);
#6345 = PLANE('',#6346);
#6346 = AXIS2_PLACEMENT_3D('',#6347,#6348,#6349);
#6347 = CARTESIAN_POINT('',(-0.32,-13.02,8.54));
#6348 = DIRECTION('',(0.,0.,1.));
#6349 = DIRECTION('',(1.,0.,-0.));
#6350 = ADVANCED_FACE('',(#6351),#6357,.T.);
#6351 = FACE_BOUND('',#6352,.T.);
#6352 = EDGE_LOOP('',(#6353,#6354,#6355,#6356));
#6353 = ORIENTED_EDGE('',*,*,#5908,.T.);
#6354 = ORIENTED_EDGE('',*,*,#5843,.T.);
#6355 = ORIENTED_EDGE('',*,*,#5867,.F.);
#6356 = ORIENTED_EDGE('',*,*,#5891,.F.);
#6357 = PLANE('',#6358);
#6358 = AXIS2_PLACEMENT_3D('',#6359,#6360,#6361);
#6359 = CARTESIAN_POINT('',(-0.32,-10.48,8.54));
#6360 = DIRECTION('',(0.,0.,1.));
#6361 = DIRECTION('',(1.,0.,-0.));
#6362 = ADVANCED_FACE('',(#6363),#6369,.T.);
#6363 = FACE_BOUND('',#6364,.T.);
#6364 = EDGE_LOOP('',(#6365,#6366,#6367,#6368));
#6365 = ORIENTED_EDGE('',*,*,#5987,.T.);
#6366 = ORIENTED_EDGE('',*,*,#6004,.T.);
#6367 = ORIENTED_EDGE('',*,*,#5939,.F.);
#6368 = ORIENTED_EDGE('',*,*,#5963,.F.);
#6369 = PLANE('',#6370);
#6370 = AXIS2_PLACEMENT_3D('',#6371,#6372,#6373);
#6371 = CARTESIAN_POINT('',(-0.32,-2.86,8.54));
#6372 = DIRECTION('',(0.,0.,1.));
#6373 = DIRECTION('',(1.,0.,-0.));
#6374 = ADVANCED_FACE('',(#6375),#6381,.T.);
#6375 = FACE_BOUND('',#6376,.T.);
#6376 = EDGE_LOOP('',(#6377,#6378,#6379,#6380));
#6377 = ORIENTED_EDGE('',*,*,#6035,.T.);
#6378 = ORIENTED_EDGE('',*,*,#6059,.T.);
#6379 = ORIENTED_EDGE('',*,*,#6083,.F.);
#6380 = ORIENTED_EDGE('',*,*,#6100,.F.);
#6381 = PLANE('',#6382);
#6382 = AXIS2_PLACEMENT_3D('',#6383,#6384,#6385);
#6383 = CARTESIAN_POINT('',(-0.32,-5.4,8.54));
#6384 = DIRECTION('',(0.,0.,1.));
#6385 = DIRECTION('',(1.,0.,-0.));
#6386 = ADVANCED_FACE('',(#6387),#6393,.T.);
#6387 = FACE_BOUND('',#6388,.T.);
#6388 = EDGE_LOOP('',(#6389,#6390,#6391,#6392));
#6389 = ORIENTED_EDGE('',*,*,#6196,.T.);
#6390 = ORIENTED_EDGE('',*,*,#6131,.T.);
#6391 = ORIENTED_EDGE('',*,*,#6155,.F.);
#6392 = ORIENTED_EDGE('',*,*,#6179,.F.);
#6393 = PLANE('',#6394);
#6394 = AXIS2_PLACEMENT_3D('',#6395,#6396,#6397);
#6395 = CARTESIAN_POINT('',(-0.32,-0.32,8.54));
#6396 = DIRECTION('',(0.,0.,1.));
#6397 = DIRECTION('',(1.,0.,-0.));
#6398 = ( GEOMETRIC_REPRESENTATION_CONTEXT(3) 
GLOBAL_UNCERTAINTY_ASSIGNED_CONTEXT((#6402)) 
GLOBAL_UNIT_ASSIGNED_CONTEXT((#6399,#6400,#6401)) REPRESENTATION_CONTEXT
('Context #1','3D Context with UNIT and UNCERTAINTY') );
#6399 = ( LENGTH_UNIT() NAMED_UNIT(*) SI_UNIT(.MILLI.,.METRE.) );
#6400 = ( NAMED_UNIT(*) PLANE_ANGLE_UNIT() SI_UNIT($,.RADIAN.) );
#6401 = ( NAMED_UNIT(*) SI_UNIT($,.STERADIAN.) SOLID_ANGLE_UNIT() );
#6402 = UNCERTAINTY_MEASURE_WITH_UNIT(LENGTH_MEASURE(1.E-07),#6399,
  'distance_accuracy_value','confusion accuracy');
#6403 = CONTEXT_DEPENDENT_SHAPE_REPRESENTATION(#6404,#6406);
#6404 = ( REPRESENTATION_RELATIONSHIP('','',#921,#10) 
REPRESENTATION_RELATIONSHIP_WITH_TRANSFORMATION(#6405) 
SHAPE_REPRESENTATION_RELATIONSHIP() );
#6405 = ITEM_DEFINED_TRANSFORMATION('','',#11,#19);
#6406 = PRODUCT_DEFINITION_SHAPE('Placement','Placement of an item',
  #6407);
#6407 = NEXT_ASSEMBLY_USAGE_OCCURRENCE('2','J3','',#5,#916,$);
#6408 = PRODUCT_RELATED_PRODUCT_CATEGORY('part',$,(#918));
#6409 = CONTEXT_DEPENDENT_SHAPE_REPRESENTATION(#6410,#6412);
#6410 = ( REPRESENTATION_RELATIONSHIP('','',#112,#10) 
REPRESENTATION_RELATIONSHIP_WITH_TRANSFORMATION(#6411) 
SHAPE_REPRESENTATION_RELATIONSHIP() );
#6411 = ITEM_DEFINED_TRANSFORMATION('','',#11,#23);
#6412 = PRODUCT_DEFINITION_SHAPE('Placement','Placement of an item',
  #6413);
#6413 = NEXT_ASSEMBLY_USAGE_OCCURRENCE('3','R13','',#5,#107,$);
#6414 = CONTEXT_DEPENDENT_SHAPE_REPRESENTATION(#6415,#6417);
#6415 = ( REPRESENTATION_RELATIONSHIP('','',#112,#10) 
REPRESENTATION_RELATIONSHIP_WITH_TRANSFORMATION(#6416) 
SHAPE_REPRESENTATION_RELATIONSHIP() );
#6416 = ITEM_DEFINED_TRANSFORMATION('','',#11,#27);
#6417 = PRODUCT_DEFINITION_SHAPE('Placement','Placement of an item',
  #6418);
#6418 = NEXT_ASSEMBLY_USAGE_OCCURRENCE('4','R7','',#5,#107,$);
#6419 = SHAPE_DEFINITION_REPRESENTATION(#6420,#6426);
#6420 = PRODUCT_DEFINITION_SHAPE('','',#6421);
#6421 = PRODUCT_DEFINITION('design','',#6422,#6425);
#6422 = PRODUCT_DEFINITION_FORMATION('','',#6423);
#6423 = PRODUCT('C_0805_2012Metric','C_0805_2012Metric','',(#6424));
#6424 = PRODUCT_CONTEXT('',#2,'mechanical');
#6425 = PRODUCT_DEFINITION_CONTEXT('part definition',#2,'design');
#6426 = ADVANCED_BREP_SHAPE_REPRESENTATION('',(#11,#6427),#7281);
#6427 = MANIFOLD_SOLID_BREP('',#6428);
#6428 = CLOSED_SHELL('',(#6429,#6505,#6536,#6561,#6586,#6610,#6634,#6659
    ,#6684,#6701,#6787,#6819,#6843,#6868,#6892,#6917,#6941,#6966,#6983,
    #7069,#7100,#7125,#7150,#7174,#7198,#7223,#7248,#7265));
#6429 = ADVANCED_FACE('',(#6430),#6500,.F.);
#6430 = FACE_BOUND('',#6431,.F.);
#6431 = EDGE_LOOP('',(#6432,#6442,#6451,#6459,#6468,#6476,#6485,#6493));
#6432 = ORIENTED_EDGE('',*,*,#6433,.F.);
#6433 = EDGE_CURVE('',#6434,#6436,#6438,.T.);
#6434 = VERTEX_POINT('',#6435);
#6435 = CARTESIAN_POINT('',(-1.,-0.625,4.E-02));
#6436 = VERTEX_POINT('',#6437);
#6437 = CARTESIAN_POINT('',(-1.,-0.625,1.21));
#6438 = LINE('',#6439,#6440);
#6439 = CARTESIAN_POINT('',(-1.,-0.625,0.));
#6440 = VECTOR('',#6441,1.);
#6441 = DIRECTION('',(0.,0.,1.));
#6442 = ORIENTED_EDGE('',*,*,#6443,.T.);
#6443 = EDGE_CURVE('',#6434,#6444,#6446,.T.);
#6444 = VERTEX_POINT('',#6445);
#6445 = CARTESIAN_POINT('',(-1.,-0.585,0.));
#6446 = CIRCLE('',#6447,4.E-02);
#6447 = AXIS2_PLACEMENT_3D('',#6448,#6449,#6450);
#6448 = CARTESIAN_POINT('',(-1.,-0.585,4.E-02));
#6449 = DIRECTION('',(1.,0.,-0.));
#6450 = DIRECTION('',(0.,0.,1.));
#6451 = ORIENTED_EDGE('',*,*,#6452,.T.);
#6452 = EDGE_CURVE('',#6444,#6453,#6455,.T.);
#6453 = VERTEX_POINT('',#6454);
#6454 = CARTESIAN_POINT('',(-1.,0.585,0.));
#6455 = LINE('',#6456,#6457);
#6456 = CARTESIAN_POINT('',(-1.,-0.625,0.));
#6457 = VECTOR('',#6458,1.);
#6458 = DIRECTION('',(0.,1.,0.));
#6459 = ORIENTED_EDGE('',*,*,#6460,.F.);
#6460 = EDGE_CURVE('',#6461,#6453,#6463,.T.);
#6461 = VERTEX_POINT('',#6462);
#6462 = CARTESIAN_POINT('',(-1.,0.625,4.E-02));
#6463 = CIRCLE('',#6464,4.E-02);
#6464 = AXIS2_PLACEMENT_3D('',#6465,#6466,#6467);
#6465 = CARTESIAN_POINT('',(-1.,0.585,4.E-02));
#6466 = DIRECTION('',(-1.,0.,0.));
#6467 = DIRECTION('',(0.,0.,1.));
#6468 = ORIENTED_EDGE('',*,*,#6469,.T.);
#6469 = EDGE_CURVE('',#6461,#6470,#6472,.T.);
#6470 = VERTEX_POINT('',#6471);
#6471 = CARTESIAN_POINT('',(-1.,0.625,1.21));
#6472 = LINE('',#6473,#6474);
#6473 = CARTESIAN_POINT('',(-1.,0.625,0.));
#6474 = VECTOR('',#6475,1.);
#6475 = DIRECTION('',(0.,0.,1.));
#6476 = ORIENTED_EDGE('',*,*,#6477,.T.);
#6477 = EDGE_CURVE('',#6470,#6478,#6480,.T.);
#6478 = VERTEX_POINT('',#6479);
#6479 = CARTESIAN_POINT('',(-1.,0.585,1.25));
#6480 = CIRCLE('',#6481,4.E-02);
#6481 = AXIS2_PLACEMENT_3D('',#6482,#6483,#6484);
#6482 = CARTESIAN_POINT('',(-1.,0.585,1.21));
#6483 = DIRECTION('',(1.,0.,-0.));
#6484 = DIRECTION('',(0.,0.,1.));
#6485 = ORIENTED_EDGE('',*,*,#6486,.F.);
#6486 = EDGE_CURVE('',#6487,#6478,#6489,.T.);
#6487 = VERTEX_POINT('',#6488);
#6488 = CARTESIAN_POINT('',(-1.,-0.585,1.25));
#6489 = LINE('',#6490,#6491);
#6490 = CARTESIAN_POINT('',(-1.,-0.625,1.25));
#6491 = VECTOR('',#6492,1.);
#6492 = DIRECTION('',(0.,1.,0.));
#6493 = ORIENTED_EDGE('',*,*,#6494,.F.);
#6494 = EDGE_CURVE('',#6436,#6487,#6495,.T.);
#6495 = CIRCLE('',#6496,4.E-02);
#6496 = AXIS2_PLACEMENT_3D('',#6497,#6498,#6499);
#6497 = CARTESIAN_POINT('',(-1.,-0.585,1.21));
#6498 = DIRECTION('',(-1.,0.,0.));
#6499 = DIRECTION('',(0.,0.,1.));
#6500 = PLANE('',#6501);
#6501 = AXIS2_PLACEMENT_3D('',#6502,#6503,#6504);
#6502 = CARTESIAN_POINT('',(-1.,-0.625,0.));
#6503 = DIRECTION('',(1.,0.,0.));
#6504 = DIRECTION('',(0.,0.,1.));
#6505 = ADVANCED_FACE('',(#6506),#6531,.F.);
#6506 = FACE_BOUND('',#6507,.F.);
#6507 = EDGE_LOOP('',(#6508,#6518,#6524,#6525));
#6508 = ORIENTED_EDGE('',*,*,#6509,.F.);
#6509 = EDGE_CURVE('',#6510,#6512,#6514,.T.);
#6510 = VERTEX_POINT('',#6511);
#6511 = CARTESIAN_POINT('',(-0.6,-0.625,4.E-02));
#6512 = VERTEX_POINT('',#6513);
#6513 = CARTESIAN_POINT('',(-0.6,-0.625,1.21));
#6514 = LINE('',#6515,#6516);
#6515 = CARTESIAN_POINT('',(-0.6,-0.625,0.));
#6516 = VECTOR('',#6517,1.);
#6517 = DIRECTION('',(0.,0.,1.));
#6518 = ORIENTED_EDGE('',*,*,#6519,.F.);
#6519 = EDGE_CURVE('',#6434,#6510,#6520,.T.);
#6520 = LINE('',#6521,#6522);
#6521 = CARTESIAN_POINT('',(-1.,-0.625,4.E-02));
#6522 = VECTOR('',#6523,1.);
#6523 = DIRECTION('',(1.,0.,0.));
#6524 = ORIENTED_EDGE('',*,*,#6433,.T.);
#6525 = ORIENTED_EDGE('',*,*,#6526,.T.);
#6526 = EDGE_CURVE('',#6436,#6512,#6527,.T.);
#6527 = LINE('',#6528,#6529);
#6528 = CARTESIAN_POINT('',(-1.,-0.625,1.21));
#6529 = VECTOR('',#6530,1.);
#6530 = DIRECTION('',(1.,0.,0.));
#6531 = PLANE('',#6532);
#6532 = AXIS2_PLACEMENT_3D('',#6533,#6534,#6535);
#6533 = CARTESIAN_POINT('',(-1.,-0.625,0.));
#6534 = DIRECTION('',(0.,1.,0.));
#6535 = DIRECTION('',(0.,-0.,1.));
#6536 = ADVANCED_FACE('',(#6537),#6556,.T.);
#6537 = FACE_BOUND('',#6538,.T.);
#6538 = EDGE_LOOP('',(#6539,#6540,#6548,#6555));
#6539 = ORIENTED_EDGE('',*,*,#6443,.T.);
#6540 = ORIENTED_EDGE('',*,*,#6541,.T.);
#6541 = EDGE_CURVE('',#6444,#6542,#6544,.T.);
#6542 = VERTEX_POINT('',#6543);
#6543 = CARTESIAN_POINT('',(-0.6,-0.585,0.));
#6544 = LINE('',#6545,#6546);
#6545 = CARTESIAN_POINT('',(-1.,-0.585,0.));
#6546 = VECTOR('',#6547,1.);
#6547 = DIRECTION('',(1.,0.,0.));
#6548 = ORIENTED_EDGE('',*,*,#6549,.F.);
#6549 = EDGE_CURVE('',#6510,#6542,#6550,.T.);
#6550 = CIRCLE('',#6551,4.E-02);
#6551 = AXIS2_PLACEMENT_3D('',#6552,#6553,#6554);
#6552 = CARTESIAN_POINT('',(-0.6,-0.585,4.E-02));
#6553 = DIRECTION('',(1.,0.,-0.));
#6554 = DIRECTION('',(0.,0.,1.));
#6555 = ORIENTED_EDGE('',*,*,#6519,.F.);
#6556 = CYLINDRICAL_SURFACE('',#6557,4.E-02);
#6557 = AXIS2_PLACEMENT_3D('',#6558,#6559,#6560);
#6558 = CARTESIAN_POINT('',(-1.,-0.585,4.E-02));
#6559 = DIRECTION('',(1.,0.,0.));
#6560 = DIRECTION('',(0.,-1.,0.));
#6561 = ADVANCED_FACE('',(#6562),#6581,.T.);
#6562 = FACE_BOUND('',#6563,.T.);
#6563 = EDGE_LOOP('',(#6564,#6565,#6574,#6580));
#6564 = ORIENTED_EDGE('',*,*,#6526,.T.);
#6565 = ORIENTED_EDGE('',*,*,#6566,.T.);
#6566 = EDGE_CURVE('',#6512,#6567,#6569,.T.);
#6567 = VERTEX_POINT('',#6568);
#6568 = CARTESIAN_POINT('',(-0.6,-0.585,1.25));
#6569 = CIRCLE('',#6570,4.E-02);
#6570 = AXIS2_PLACEMENT_3D('',#6571,#6572,#6573);
#6571 = CARTESIAN_POINT('',(-0.6,-0.585,1.21));
#6572 = DIRECTION('',(-1.,0.,0.));
#6573 = DIRECTION('',(0.,0.,1.));
#6574 = ORIENTED_EDGE('',*,*,#6575,.F.);
#6575 = EDGE_CURVE('',#6487,#6567,#6576,.T.);
#6576 = LINE('',#6577,#6578);
#6577 = CARTESIAN_POINT('',(-1.,-0.585,1.25));
#6578 = VECTOR('',#6579,1.);
#6579 = DIRECTION('',(1.,0.,0.));
#6580 = ORIENTED_EDGE('',*,*,#6494,.F.);
#6581 = CYLINDRICAL_SURFACE('',#6582,4.E-02);
#6582 = AXIS2_PLACEMENT_3D('',#6583,#6584,#6585);
#6583 = CARTESIAN_POINT('',(-1.,-0.585,1.21));
#6584 = DIRECTION('',(1.,0.,0.));
#6585 = DIRECTION('',(0.,-1.,0.));
#6586 = ADVANCED_FACE('',(#6587),#6605,.F.);
#6587 = FACE_BOUND('',#6588,.F.);
#6588 = EDGE_LOOP('',(#6589,#6590,#6591,#6599));
#6589 = ORIENTED_EDGE('',*,*,#6452,.F.);
#6590 = ORIENTED_EDGE('',*,*,#6541,.T.);
#6591 = ORIENTED_EDGE('',*,*,#6592,.T.);
#6592 = EDGE_CURVE('',#6542,#6593,#6595,.T.);
#6593 = VERTEX_POINT('',#6594);
#6594 = CARTESIAN_POINT('',(-0.6,0.585,0.));
#6595 = LINE('',#6596,#6597);
#6596 = CARTESIAN_POINT('',(-0.6,-0.625,0.));
#6597 = VECTOR('',#6598,1.);
#6598 = DIRECTION('',(0.,1.,0.));
#6599 = ORIENTED_EDGE('',*,*,#6600,.F.);
#6600 = EDGE_CURVE('',#6453,#6593,#6601,.T.);
#6601 = LINE('',#6602,#6603);
#6602 = CARTESIAN_POINT('',(-1.,0.585,0.));
#6603 = VECTOR('',#6604,1.);
#6604 = DIRECTION('',(1.,0.,0.));
#6605 = PLANE('',#6606);
#6606 = AXIS2_PLACEMENT_3D('',#6607,#6608,#6609);
#6607 = CARTESIAN_POINT('',(-1.,-0.625,0.));
#6608 = DIRECTION('',(0.,0.,1.));
#6609 = DIRECTION('',(1.,0.,-0.));
#6610 = ADVANCED_FACE('',(#6611),#6629,.T.);
#6611 = FACE_BOUND('',#6612,.T.);
#6612 = EDGE_LOOP('',(#6613,#6614,#6615,#6623));
#6613 = ORIENTED_EDGE('',*,*,#6486,.F.);
#6614 = ORIENTED_EDGE('',*,*,#6575,.T.);
#6615 = ORIENTED_EDGE('',*,*,#6616,.T.);
#6616 = EDGE_CURVE('',#6567,#6617,#6619,.T.);
#6617 = VERTEX_POINT('',#6618);
#6618 = CARTESIAN_POINT('',(-0.6,0.585,1.25));
#6619 = LINE('',#6620,#6621);
#6620 = CARTESIAN_POINT('',(-0.6,-0.625,1.25));
#6621 = VECTOR('',#6622,1.);
#6622 = DIRECTION('',(0.,1.,0.));
#6623 = ORIENTED_EDGE('',*,*,#6624,.F.);
#6624 = EDGE_CURVE('',#6478,#6617,#6625,.T.);
#6625 = LINE('',#6626,#6627);
#6626 = CARTESIAN_POINT('',(-1.,0.585,1.25));
#6627 = VECTOR('',#6628,1.);
#6628 = DIRECTION('',(1.,0.,0.));
#6629 = PLANE('',#6630);
#6630 = AXIS2_PLACEMENT_3D('',#6631,#6632,#6633);
#6631 = CARTESIAN_POINT('',(-1.,-0.625,1.25));
#6632 = DIRECTION('',(0.,0.,1.));
#6633 = DIRECTION('',(1.,0.,-0.));
#6634 = ADVANCED_FACE('',(#6635),#6654,.T.);
#6635 = FACE_BOUND('',#6636,.T.);
#6636 = EDGE_LOOP('',(#6637,#6645,#6652,#6653));
#6637 = ORIENTED_EDGE('',*,*,#6638,.T.);
#6638 = EDGE_CURVE('',#6461,#6639,#6641,.T.);
#6639 = VERTEX_POINT('',#6640);
#6640 = CARTESIAN_POINT('',(-0.6,0.625,4.E-02));
#6641 = LINE('',#6642,#6643);
#6642 = CARTESIAN_POINT('',(-1.,0.625,4.E-02));
#6643 = VECTOR('',#6644,1.);
#6644 = DIRECTION('',(1.,0.,0.));
#6645 = ORIENTED_EDGE('',*,*,#6646,.T.);
#6646 = EDGE_CURVE('',#6639,#6593,#6647,.T.);
#6647 = CIRCLE('',#6648,4.E-02);
#6648 = AXIS2_PLACEMENT_3D('',#6649,#6650,#6651);
#6649 = CARTESIAN_POINT('',(-0.6,0.585,4.E-02));
#6650 = DIRECTION('',(-1.,0.,0.));
#6651 = DIRECTION('',(0.,0.,1.));
#6652 = ORIENTED_EDGE('',*,*,#6600,.F.);
#6653 = ORIENTED_EDGE('',*,*,#6460,.F.);
#6654 = CYLINDRICAL_SURFACE('',#6655,4.E-02);
#6655 = AXIS2_PLACEMENT_3D('',#6656,#6657,#6658);
#6656 = CARTESIAN_POINT('',(-1.,0.585,4.E-02));
#6657 = DIRECTION('',(1.,0.,0.));
#6658 = DIRECTION('',(-0.,1.,0.));
#6659 = ADVANCED_FACE('',(#6660),#6679,.T.);
#6660 = FACE_BOUND('',#6661,.T.);
#6661 = EDGE_LOOP('',(#6662,#6663,#6664,#6673));
#6662 = ORIENTED_EDGE('',*,*,#6477,.T.);
#6663 = ORIENTED_EDGE('',*,*,#6624,.T.);
#6664 = ORIENTED_EDGE('',*,*,#6665,.F.);
#6665 = EDGE_CURVE('',#6666,#6617,#6668,.T.);
#6666 = VERTEX_POINT('',#6667);
#6667 = CARTESIAN_POINT('',(-0.6,0.625,1.21));
#6668 = CIRCLE('',#6669,4.E-02);
#6669 = AXIS2_PLACEMENT_3D('',#6670,#6671,#6672);
#6670 = CARTESIAN_POINT('',(-0.6,0.585,1.21));
#6671 = DIRECTION('',(1.,0.,-0.));
#6672 = DIRECTION('',(0.,0.,1.));
#6673 = ORIENTED_EDGE('',*,*,#6674,.F.);
#6674 = EDGE_CURVE('',#6470,#6666,#6675,.T.);
#6675 = LINE('',#6676,#6677);
#6676 = CARTESIAN_POINT('',(-1.,0.625,1.21));
#6677 = VECTOR('',#6678,1.);
#6678 = DIRECTION('',(1.,0.,0.));
#6679 = CYLINDRICAL_SURFACE('',#6680,4.E-02);
#6680 = AXIS2_PLACEMENT_3D('',#6681,#6682,#6683);
#6681 = CARTESIAN_POINT('',(-1.,0.585,1.21));
#6682 = DIRECTION('',(1.,0.,0.));
#6683 = DIRECTION('',(-0.,1.,0.));
#6684 = ADVANCED_FACE('',(#6685),#6696,.T.);
#6685 = FACE_BOUND('',#6686,.T.);
#6686 = EDGE_LOOP('',(#6687,#6693,#6694,#6695));
#6687 = ORIENTED_EDGE('',*,*,#6688,.F.);
#6688 = EDGE_CURVE('',#6639,#6666,#6689,.T.);
#6689 = LINE('',#6690,#6691);
#6690 = CARTESIAN_POINT('',(-0.6,0.625,0.));
#6691 = VECTOR('',#6692,1.);
#6692 = DIRECTION('',(0.,0.,1.));
#6693 = ORIENTED_EDGE('',*,*,#6638,.F.);
#6694 = ORIENTED_EDGE('',*,*,#6469,.T.);
#6695 = ORIENTED_EDGE('',*,*,#6674,.T.);
#6696 = PLANE('',#6697);
#6697 = AXIS2_PLACEMENT_3D('',#6698,#6699,#6700);
#6698 = CARTESIAN_POINT('',(-1.,0.625,0.));
#6699 = DIRECTION('',(0.,1.,0.));
#6700 = DIRECTION('',(0.,-0.,1.));
#6701 = ADVANCED_FACE('',(#6702,#6712),#6782,.T.);
#6702 = FACE_BOUND('',#6703,.T.);
#6703 = EDGE_LOOP('',(#6704,#6705,#6706,#6707,#6708,#6709,#6710,#6711));
#6704 = ORIENTED_EDGE('',*,*,#6509,.F.);
#6705 = ORIENTED_EDGE('',*,*,#6549,.T.);
#6706 = ORIENTED_EDGE('',*,*,#6592,.T.);
#6707 = ORIENTED_EDGE('',*,*,#6646,.F.);
#6708 = ORIENTED_EDGE('',*,*,#6688,.T.);
#6709 = ORIENTED_EDGE('',*,*,#6665,.T.);
#6710 = ORIENTED_EDGE('',*,*,#6616,.F.);
#6711 = ORIENTED_EDGE('',*,*,#6566,.F.);
#6712 = FACE_BOUND('',#6713,.T.);
#6713 = EDGE_LOOP('',(#6714,#6725,#6733,#6742,#6750,#6759,#6767,#6776));
#6714 = ORIENTED_EDGE('',*,*,#6715,.F.);
#6715 = EDGE_CURVE('',#6716,#6718,#6720,.T.);
#6716 = VERTEX_POINT('',#6717);
#6717 = CARTESIAN_POINT('',(-0.6,-0.585,8.E-02));
#6718 = VERTEX_POINT('',#6719);
#6719 = CARTESIAN_POINT('',(-0.6,-0.545,4.E-02));
#6720 = CIRCLE('',#6721,4.E-02);
#6721 = AXIS2_PLACEMENT_3D('',#6722,#6723,#6724);
#6722 = CARTESIAN_POINT('',(-0.6,-0.545,8.E-02));
#6723 = DIRECTION('',(1.,0.,-0.));
#6724 = DIRECTION('',(0.,0.,1.));
#6725 = ORIENTED_EDGE('',*,*,#6726,.T.);
#6726 = EDGE_CURVE('',#6716,#6727,#6729,.T.);
#6727 = VERTEX_POINT('',#6728);
#6728 = CARTESIAN_POINT('',(-0.6,-0.585,1.17));
#6729 = LINE('',#6730,#6731);
#6730 = CARTESIAN_POINT('',(-0.6,-0.585,4.E-02));
#6731 = VECTOR('',#6732,1.);
#6732 = DIRECTION('',(0.,0.,1.));
#6733 = ORIENTED_EDGE('',*,*,#6734,.T.);
#6734 = EDGE_CURVE('',#6727,#6735,#6737,.T.);
#6735 = VERTEX_POINT('',#6736);
#6736 = CARTESIAN_POINT('',(-0.6,-0.545,1.21));
#6737 = CIRCLE('',#6738,4.E-02);
#6738 = AXIS2_PLACEMENT_3D('',#6739,#6740,#6741);
#6739 = CARTESIAN_POINT('',(-0.6,-0.545,1.17));
#6740 = DIRECTION('',(-1.,0.,0.));
#6741 = DIRECTION('',(0.,0.,1.));
#6742 = ORIENTED_EDGE('',*,*,#6743,.T.);
#6743 = EDGE_CURVE('',#6735,#6744,#6746,.T.);
#6744 = VERTEX_POINT('',#6745);
#6745 = CARTESIAN_POINT('',(-0.6,0.545,1.21));
#6746 = LINE('',#6747,#6748);
#6747 = CARTESIAN_POINT('',(-0.6,-0.585,1.21));
#6748 = VECTOR('',#6749,1.);
#6749 = DIRECTION('',(0.,1.,0.));
#6750 = ORIENTED_EDGE('',*,*,#6751,.F.);
#6751 = EDGE_CURVE('',#6752,#6744,#6754,.T.);
#6752 = VERTEX_POINT('',#6753);
#6753 = CARTESIAN_POINT('',(-0.6,0.585,1.17));
#6754 = CIRCLE('',#6755,4.E-02);
#6755 = AXIS2_PLACEMENT_3D('',#6756,#6757,#6758);
#6756 = CARTESIAN_POINT('',(-0.6,0.545,1.17));
#6757 = DIRECTION('',(1.,0.,-0.));
#6758 = DIRECTION('',(0.,0.,1.));
#6759 = ORIENTED_EDGE('',*,*,#6760,.F.);
#6760 = EDGE_CURVE('',#6761,#6752,#6763,.T.);
#6761 = VERTEX_POINT('',#6762);
#6762 = CARTESIAN_POINT('',(-0.6,0.585,8.E-02));
#6763 = LINE('',#6764,#6765);
#6764 = CARTESIAN_POINT('',(-0.6,0.585,4.E-02));
#6765 = VECTOR('',#6766,1.);
#6766 = DIRECTION('',(0.,0.,1.));
#6767 = ORIENTED_EDGE('',*,*,#6768,.T.);
#6768 = EDGE_CURVE('',#6761,#6769,#6771,.T.);
#6769 = VERTEX_POINT('',#6770);
#6770 = CARTESIAN_POINT('',(-0.6,0.545,4.E-02));
#6771 = CIRCLE('',#6772,4.E-02);
#6772 = AXIS2_PLACEMENT_3D('',#6773,#6774,#6775);
#6773 = CARTESIAN_POINT('',(-0.6,0.545,8.E-02));
#6774 = DIRECTION('',(-1.,0.,0.));
#6775 = DIRECTION('',(0.,0.,1.));
#6776 = ORIENTED_EDGE('',*,*,#6777,.F.);
#6777 = EDGE_CURVE('',#6718,#6769,#6778,.T.);
#6778 = LINE('',#6779,#6780);
#6779 = CARTESIAN_POINT('',(-0.6,-0.585,4.E-02));
#6780 = VECTOR('',#6781,1.);
#6781 = DIRECTION('',(0.,1.,0.));
#6782 = PLANE('',#6783);
#6783 = AXIS2_PLACEMENT_3D('',#6784,#6785,#6786);
#6784 = CARTESIAN_POINT('',(-0.6,-0.625,0.));
#6785 = DIRECTION('',(1.,0.,0.));
#6786 = DIRECTION('',(0.,0.,1.));
#6787 = ADVANCED_FACE('',(#6788),#6814,.T.);
#6788 = FACE_BOUND('',#6789,.T.);
#6789 = EDGE_LOOP('',(#6790,#6791,#6799,#6808));
#6790 = ORIENTED_EDGE('',*,*,#6715,.T.);
#6791 = ORIENTED_EDGE('',*,*,#6792,.T.);
#6792 = EDGE_CURVE('',#6718,#6793,#6795,.T.);
#6793 = VERTEX_POINT('',#6794);
#6794 = CARTESIAN_POINT('',(0.6,-0.545,4.E-02));
#6795 = LINE('',#6796,#6797);
#6796 = CARTESIAN_POINT('',(-0.6,-0.545,4.E-02));
#6797 = VECTOR('',#6798,1.);
#6798 = DIRECTION('',(1.,0.,0.));
#6799 = ORIENTED_EDGE('',*,*,#6800,.F.);
#6800 = EDGE_CURVE('',#6801,#6793,#6803,.T.);
#6801 = VERTEX_POINT('',#6802);
#6802 = CARTESIAN_POINT('',(0.6,-0.585,8.E-02));
#6803 = CIRCLE('',#6804,4.E-02);
#6804 = AXIS2_PLACEMENT_3D('',#6805,#6806,#6807);
#6805 = CARTESIAN_POINT('',(0.6,-0.545,8.E-02));
#6806 = DIRECTION('',(1.,0.,-0.));
#6807 = DIRECTION('',(0.,0.,1.));
#6808 = ORIENTED_EDGE('',*,*,#6809,.F.);
#6809 = EDGE_CURVE('',#6716,#6801,#6810,.T.);
#6810 = LINE('',#6811,#6812);
#6811 = CARTESIAN_POINT('',(-0.6,-0.585,8.E-02));
#6812 = VECTOR('',#6813,1.);
#6813 = DIRECTION('',(1.,0.,0.));
#6814 = CYLINDRICAL_SURFACE('',#6815,4.E-02);
#6815 = AXIS2_PLACEMENT_3D('',#6816,#6817,#6818);
#6816 = CARTESIAN_POINT('',(-0.6,-0.545,8.E-02));
#6817 = DIRECTION('',(1.,0.,0.));
#6818 = DIRECTION('',(0.,-1.,0.));
#6819 = ADVANCED_FACE('',(#6820),#6838,.F.);
#6820 = FACE_BOUND('',#6821,.F.);
#6821 = EDGE_LOOP('',(#6822,#6823,#6824,#6832));
#6822 = ORIENTED_EDGE('',*,*,#6777,.F.);
#6823 = ORIENTED_EDGE('',*,*,#6792,.T.);
#6824 = ORIENTED_EDGE('',*,*,#6825,.T.);
#6825 = EDGE_CURVE('',#6793,#6826,#6828,.T.);
#6826 = VERTEX_POINT('',#6827);
#6827 = CARTESIAN_POINT('',(0.6,0.545,4.E-02));
#6828 = LINE('',#6829,#6830);
#6829 = CARTESIAN_POINT('',(0.6,-0.585,4.E-02));
#6830 = VECTOR('',#6831,1.);
#6831 = DIRECTION('',(0.,1.,0.));
#6832 = ORIENTED_EDGE('',*,*,#6833,.F.);
#6833 = EDGE_CURVE('',#6769,#6826,#6834,.T.);
#6834 = LINE('',#6835,#6836);
#6835 = CARTESIAN_POINT('',(-0.6,0.545,4.E-02));
#6836 = VECTOR('',#6837,1.);
#6837 = DIRECTION('',(1.,0.,0.));
#6838 = PLANE('',#6839);
#6839 = AXIS2_PLACEMENT_3D('',#6840,#6841,#6842);
#6840 = CARTESIAN_POINT('',(-0.6,-0.585,4.E-02));
#6841 = DIRECTION('',(0.,0.,1.));
#6842 = DIRECTION('',(1.,0.,-0.));
#6843 = ADVANCED_FACE('',(#6844),#6863,.T.);
#6844 = FACE_BOUND('',#6845,.T.);
#6845 = EDGE_LOOP('',(#6846,#6854,#6861,#6862));
#6846 = ORIENTED_EDGE('',*,*,#6847,.T.);
#6847 = EDGE_CURVE('',#6761,#6848,#6850,.T.);
#6848 = VERTEX_POINT('',#6849);
#6849 = CARTESIAN_POINT('',(0.6,0.585,8.E-02));
#6850 = LINE('',#6851,#6852);
#6851 = CARTESIAN_POINT('',(-0.6,0.585,8.E-02));
#6852 = VECTOR('',#6853,1.);
#6853 = DIRECTION('',(1.,0.,0.));
#6854 = ORIENTED_EDGE('',*,*,#6855,.T.);
#6855 = EDGE_CURVE('',#6848,#6826,#6856,.T.);
#6856 = CIRCLE('',#6857,4.E-02);
#6857 = AXIS2_PLACEMENT_3D('',#6858,#6859,#6860);
#6858 = CARTESIAN_POINT('',(0.6,0.545,8.E-02));
#6859 = DIRECTION('',(-1.,0.,0.));
#6860 = DIRECTION('',(0.,0.,1.));
#6861 = ORIENTED_EDGE('',*,*,#6833,.F.);
#6862 = ORIENTED_EDGE('',*,*,#6768,.F.);
#6863 = CYLINDRICAL_SURFACE('',#6864,4.E-02);
#6864 = AXIS2_PLACEMENT_3D('',#6865,#6866,#6867);
#6865 = CARTESIAN_POINT('',(-0.6,0.545,8.E-02));
#6866 = DIRECTION('',(1.,0.,0.));
#6867 = DIRECTION('',(-0.,1.,0.));
#6868 = ADVANCED_FACE('',(#6869),#6887,.T.);
#6869 = FACE_BOUND('',#6870,.T.);
#6870 = EDGE_LOOP('',(#6871,#6879,#6880,#6881));
#6871 = ORIENTED_EDGE('',*,*,#6872,.F.);
#6872 = EDGE_CURVE('',#6848,#6873,#6875,.T.);
#6873 = VERTEX_POINT('',#6874);
#6874 = CARTESIAN_POINT('',(0.6,0.585,1.17));
#6875 = LINE('',#6876,#6877);
#6876 = CARTESIAN_POINT('',(0.6,0.585,4.E-02));
#6877 = VECTOR('',#6878,1.);
#6878 = DIRECTION('',(0.,0.,1.));
#6879 = ORIENTED_EDGE('',*,*,#6847,.F.);
#6880 = ORIENTED_EDGE('',*,*,#6760,.T.);
#6881 = ORIENTED_EDGE('',*,*,#6882,.T.);
#6882 = EDGE_CURVE('',#6752,#6873,#6883,.T.);
#6883 = LINE('',#6884,#6885);
#6884 = CARTESIAN_POINT('',(-0.6,0.585,1.17));
#6885 = VECTOR('',#6886,1.);
#6886 = DIRECTION('',(1.,0.,0.));
#6887 = PLANE('',#6888);
#6888 = AXIS2_PLACEMENT_3D('',#6889,#6890,#6891);
#6889 = CARTESIAN_POINT('',(-0.6,0.585,4.E-02));
#6890 = DIRECTION('',(0.,1.,0.));
#6891 = DIRECTION('',(0.,-0.,1.));
#6892 = ADVANCED_FACE('',(#6893),#6912,.T.);
#6893 = FACE_BOUND('',#6894,.T.);
#6894 = EDGE_LOOP('',(#6895,#6896,#6904,#6911));
#6895 = ORIENTED_EDGE('',*,*,#6751,.T.);
#6896 = ORIENTED_EDGE('',*,*,#6897,.T.);
#6897 = EDGE_CURVE('',#6744,#6898,#6900,.T.);
#6898 = VERTEX_POINT('',#6899);
#6899 = CARTESIAN_POINT('',(0.6,0.545,1.21));
#6900 = LINE('',#6901,#6902);
#6901 = CARTESIAN_POINT('',(-0.6,0.545,1.21));
#6902 = VECTOR('',#6903,1.);
#6903 = DIRECTION('',(1.,0.,0.));
#6904 = ORIENTED_EDGE('',*,*,#6905,.F.);
#6905 = EDGE_CURVE('',#6873,#6898,#6906,.T.);
#6906 = CIRCLE('',#6907,4.E-02);
#6907 = AXIS2_PLACEMENT_3D('',#6908,#6909,#6910);
#6908 = CARTESIAN_POINT('',(0.6,0.545,1.17));
#6909 = DIRECTION('',(1.,0.,-0.));
#6910 = DIRECTION('',(0.,0.,1.));
#6911 = ORIENTED_EDGE('',*,*,#6882,.F.);
#6912 = CYLINDRICAL_SURFACE('',#6913,4.E-02);
#6913 = AXIS2_PLACEMENT_3D('',#6914,#6915,#6916);
#6914 = CARTESIAN_POINT('',(-0.6,0.545,1.17));
#6915 = DIRECTION('',(1.,0.,0.));
#6916 = DIRECTION('',(-0.,1.,0.));
#6917 = ADVANCED_FACE('',(#6918),#6936,.T.);
#6918 = FACE_BOUND('',#6919,.T.);
#6919 = EDGE_LOOP('',(#6920,#6921,#6929,#6935));
#6920 = ORIENTED_EDGE('',*,*,#6743,.F.);
#6921 = ORIENTED_EDGE('',*,*,#6922,.T.);
#6922 = EDGE_CURVE('',#6735,#6923,#6925,.T.);
#6923 = VERTEX_POINT('',#6924);
#6924 = CARTESIAN_POINT('',(0.6,-0.545,1.21));
#6925 = LINE('',#6926,#6927);
#6926 = CARTESIAN_POINT('',(-0.6,-0.545,1.21));
#6927 = VECTOR('',#6928,1.);
#6928 = DIRECTION('',(1.,0.,0.));
#6929 = ORIENTED_EDGE('',*,*,#6930,.T.);
#6930 = EDGE_CURVE('',#6923,#6898,#6931,.T.);
#6931 = LINE('',#6932,#6933);
#6932 = CARTESIAN_POINT('',(0.6,-0.585,1.21));
#6933 = VECTOR('',#6934,1.);
#6934 = DIRECTION('',(0.,1.,0.));
#6935 = ORIENTED_EDGE('',*,*,#6897,.F.);
#6936 = PLANE('',#6937);
#6937 = AXIS2_PLACEMENT_3D('',#6938,#6939,#6940);
#6938 = CARTESIAN_POINT('',(-0.6,-0.585,1.21));
#6939 = DIRECTION('',(0.,0.,1.));
#6940 = DIRECTION('',(1.,0.,-0.));
#6941 = ADVANCED_FACE('',(#6942),#6961,.T.);
#6942 = FACE_BOUND('',#6943,.T.);
#6943 = EDGE_LOOP('',(#6944,#6952,#6959,#6960));
#6944 = ORIENTED_EDGE('',*,*,#6945,.T.);
#6945 = EDGE_CURVE('',#6727,#6946,#6948,.T.);
#6946 = VERTEX_POINT('',#6947);
#6947 = CARTESIAN_POINT('',(0.6,-0.585,1.17));
#6948 = LINE('',#6949,#6950);
#6949 = CARTESIAN_POINT('',(-0.6,-0.585,1.17));
#6950 = VECTOR('',#6951,1.);
#6951 = DIRECTION('',(1.,0.,0.));
#6952 = ORIENTED_EDGE('',*,*,#6953,.T.);
#6953 = EDGE_CURVE('',#6946,#6923,#6954,.T.);
#6954 = CIRCLE('',#6955,4.E-02);
#6955 = AXIS2_PLACEMENT_3D('',#6956,#6957,#6958);
#6956 = CARTESIAN_POINT('',(0.6,-0.545,1.17));
#6957 = DIRECTION('',(-1.,0.,0.));
#6958 = DIRECTION('',(0.,0.,1.));
#6959 = ORIENTED_EDGE('',*,*,#6922,.F.);
#6960 = ORIENTED_EDGE('',*,*,#6734,.F.);
#6961 = CYLINDRICAL_SURFACE('',#6962,4.E-02);
#6962 = AXIS2_PLACEMENT_3D('',#6963,#6964,#6965);
#6963 = CARTESIAN_POINT('',(-0.6,-0.545,1.17));
#6964 = DIRECTION('',(1.,0.,0.));
#6965 = DIRECTION('',(0.,-1.,0.));
#6966 = ADVANCED_FACE('',(#6967),#6978,.F.);
#6967 = FACE_BOUND('',#6968,.F.);
#6968 = EDGE_LOOP('',(#6969,#6975,#6976,#6977));
#6969 = ORIENTED_EDGE('',*,*,#6970,.F.);
#6970 = EDGE_CURVE('',#6801,#6946,#6971,.T.);
#6971 = LINE('',#6972,#6973);
#6972 = CARTESIAN_POINT('',(0.6,-0.585,4.E-02));
#6973 = VECTOR('',#6974,1.);
#6974 = DIRECTION('',(0.,0.,1.));
#6975 = ORIENTED_EDGE('',*,*,#6809,.F.);
#6976 = ORIENTED_EDGE('',*,*,#6726,.T.);
#6977 = ORIENTED_EDGE('',*,*,#6945,.T.);
#6978 = PLANE('',#6979);
#6979 = AXIS2_PLACEMENT_3D('',#6980,#6981,#6982);
#6980 = CARTESIAN_POINT('',(-0.6,-0.585,4.E-02));
#6981 = DIRECTION('',(0.,1.,0.));
#6982 = DIRECTION('',(0.,-0.,1.));
#6983 = ADVANCED_FACE('',(#6984,#7054),#7064,.F.);
#6984 = FACE_BOUND('',#6985,.F.);
#6985 = EDGE_LOOP('',(#6986,#6996,#7005,#7013,#7022,#7030,#7039,#7047));
#6986 = ORIENTED_EDGE('',*,*,#6987,.F.);
#6987 = EDGE_CURVE('',#6988,#6990,#6992,.T.);
#6988 = VERTEX_POINT('',#6989);
#6989 = CARTESIAN_POINT('',(0.6,-0.625,4.E-02));
#6990 = VERTEX_POINT('',#6991);
#6991 = CARTESIAN_POINT('',(0.6,-0.625,1.21));
#6992 = LINE('',#6993,#6994);
#6993 = CARTESIAN_POINT('',(0.6,-0.625,0.));
#6994 = VECTOR('',#6995,1.);
#6995 = DIRECTION('',(0.,0.,1.));
#6996 = ORIENTED_EDGE('',*,*,#6997,.T.);
#6997 = EDGE_CURVE('',#6988,#6998,#7000,.T.);
#6998 = VERTEX_POINT('',#6999);
#6999 = CARTESIAN_POINT('',(0.6,-0.585,0.));
#7000 = CIRCLE('',#7001,4.E-02);
#7001 = AXIS2_PLACEMENT_3D('',#7002,#7003,#7004);
#7002 = CARTESIAN_POINT('',(0.6,-0.585,4.E-02));
#7003 = DIRECTION('',(1.,0.,-0.));
#7004 = DIRECTION('',(0.,0.,1.));
#7005 = ORIENTED_EDGE('',*,*,#7006,.T.);
#7006 = EDGE_CURVE('',#6998,#7007,#7009,.T.);
#7007 = VERTEX_POINT('',#7008);
#7008 = CARTESIAN_POINT('',(0.6,0.585,0.));
#7009 = LINE('',#7010,#7011);
#7010 = CARTESIAN_POINT('',(0.6,-0.625,0.));
#7011 = VECTOR('',#7012,1.);
#7012 = DIRECTION('',(0.,1.,0.));
#7013 = ORIENTED_EDGE('',*,*,#7014,.F.);
#7014 = EDGE_CURVE('',#7015,#7007,#7017,.T.);
#7015 = VERTEX_POINT('',#7016);
#7016 = CARTESIAN_POINT('',(0.6,0.625,4.E-02));
#7017 = CIRCLE('',#7018,4.E-02);
#7018 = AXIS2_PLACEMENT_3D('',#7019,#7020,#7021);
#7019 = CARTESIAN_POINT('',(0.6,0.585,4.E-02));
#7020 = DIRECTION('',(-1.,0.,0.));
#7021 = DIRECTION('',(0.,0.,1.));
#7022 = ORIENTED_EDGE('',*,*,#7023,.T.);
#7023 = EDGE_CURVE('',#7015,#7024,#7026,.T.);
#7024 = VERTEX_POINT('',#7025);
#7025 = CARTESIAN_POINT('',(0.6,0.625,1.21));
#7026 = LINE('',#7027,#7028);
#7027 = CARTESIAN_POINT('',(0.6,0.625,0.));
#7028 = VECTOR('',#7029,1.);
#7029 = DIRECTION('',(0.,0.,1.));
#7030 = ORIENTED_EDGE('',*,*,#7031,.T.);
#7031 = EDGE_CURVE('',#7024,#7032,#7034,.T.);
#7032 = VERTEX_POINT('',#7033);
#7033 = CARTESIAN_POINT('',(0.6,0.585,1.25));
#7034 = CIRCLE('',#7035,4.E-02);
#7035 = AXIS2_PLACEMENT_3D('',#7036,#7037,#7038);
#7036 = CARTESIAN_POINT('',(0.6,0.585,1.21));
#7037 = DIRECTION('',(1.,0.,-0.));
#7038 = DIRECTION('',(0.,0.,1.));
#7039 = ORIENTED_EDGE('',*,*,#7040,.F.);
#7040 = EDGE_CURVE('',#7041,#7032,#7043,.T.);
#7041 = VERTEX_POINT('',#7042);
#7042 = CARTESIAN_POINT('',(0.6,-0.585,1.25));
#7043 = LINE('',#7044,#7045);
#7044 = CARTESIAN_POINT('',(0.6,-0.625,1.25));
#7045 = VECTOR('',#7046,1.);
#7046 = DIRECTION('',(0.,1.,0.));
#7047 = ORIENTED_EDGE('',*,*,#7048,.F.);
#7048 = EDGE_CURVE('',#6990,#7041,#7049,.T.);
#7049 = CIRCLE('',#7050,4.E-02);
#7050 = AXIS2_PLACEMENT_3D('',#7051,#7052,#7053);
#7051 = CARTESIAN_POINT('',(0.6,-0.585,1.21));
#7052 = DIRECTION('',(-1.,0.,0.));
#7053 = DIRECTION('',(0.,0.,1.));
#7054 = FACE_BOUND('',#7055,.F.);
#7055 = EDGE_LOOP('',(#7056,#7057,#7058,#7059,#7060,#7061,#7062,#7063));
#7056 = ORIENTED_EDGE('',*,*,#6800,.F.);
#7057 = ORIENTED_EDGE('',*,*,#6970,.T.);
#7058 = ORIENTED_EDGE('',*,*,#6953,.T.);
#7059 = ORIENTED_EDGE('',*,*,#6930,.T.);
#7060 = ORIENTED_EDGE('',*,*,#6905,.F.);
#7061 = ORIENTED_EDGE('',*,*,#6872,.F.);
#7062 = ORIENTED_EDGE('',*,*,#6855,.T.);
#7063 = ORIENTED_EDGE('',*,*,#6825,.F.);
#7064 = PLANE('',#7065);
#7065 = AXIS2_PLACEMENT_3D('',#7066,#7067,#7068);
#7066 = CARTESIAN_POINT('',(0.6,-0.625,0.));
#7067 = DIRECTION('',(1.,0.,0.));
#7068 = DIRECTION('',(0.,0.,1.));
#7069 = ADVANCED_FACE('',(#7070),#7095,.F.);
#7070 = FACE_BOUND('',#7071,.F.);
#7071 = EDGE_LOOP('',(#7072,#7082,#7088,#7089));
#7072 = ORIENTED_EDGE('',*,*,#7073,.F.);
#7073 = EDGE_CURVE('',#7074,#7076,#7078,.T.);
#7074 = VERTEX_POINT('',#7075);
#7075 = CARTESIAN_POINT('',(1.,-0.625,4.E-02));
#7076 = VERTEX_POINT('',#7077);
#7077 = CARTESIAN_POINT('',(1.,-0.625,1.21));
#7078 = LINE('',#7079,#7080);
#7079 = CARTESIAN_POINT('',(1.,-0.625,0.));
#7080 = VECTOR('',#7081,1.);
#7081 = DIRECTION('',(0.,0.,1.));
#7082 = ORIENTED_EDGE('',*,*,#7083,.F.);
#7083 = EDGE_CURVE('',#6988,#7074,#7084,.T.);
#7084 = LINE('',#7085,#7086);
#7085 = CARTESIAN_POINT('',(0.6,-0.625,4.E-02));
#7086 = VECTOR('',#7087,1.);
#7087 = DIRECTION('',(1.,0.,0.));
#7088 = ORIENTED_EDGE('',*,*,#6987,.T.);
#7089 = ORIENTED_EDGE('',*,*,#7090,.T.);
#7090 = EDGE_CURVE('',#6990,#7076,#7091,.T.);
#7091 = LINE('',#7092,#7093);
#7092 = CARTESIAN_POINT('',(0.6,-0.625,1.21));
#7093 = VECTOR('',#7094,1.);
#7094 = DIRECTION('',(1.,0.,0.));
#7095 = PLANE('',#7096);
#7096 = AXIS2_PLACEMENT_3D('',#7097,#7098,#7099);
#7097 = CARTESIAN_POINT('',(0.6,-0.625,0.));
#7098 = DIRECTION('',(0.,1.,0.));
#7099 = DIRECTION('',(0.,-0.,1.));
#7100 = ADVANCED_FACE('',(#7101),#7120,.T.);
#7101 = FACE_BOUND('',#7102,.T.);
#7102 = EDGE_LOOP('',(#7103,#7104,#7112,#7119));
#7103 = ORIENTED_EDGE('',*,*,#6997,.T.);
#7104 = ORIENTED_EDGE('',*,*,#7105,.T.);
#7105 = EDGE_CURVE('',#6998,#7106,#7108,.T.);
#7106 = VERTEX_POINT('',#7107);
#7107 = CARTESIAN_POINT('',(1.,-0.585,0.));
#7108 = LINE('',#7109,#7110);
#7109 = CARTESIAN_POINT('',(0.6,-0.585,0.));
#7110 = VECTOR('',#7111,1.);
#7111 = DIRECTION('',(1.,0.,0.));
#7112 = ORIENTED_EDGE('',*,*,#7113,.F.);
#7113 = EDGE_CURVE('',#7074,#7106,#7114,.T.);
#7114 = CIRCLE('',#7115,4.E-02);
#7115 = AXIS2_PLACEMENT_3D('',#7116,#7117,#7118);
#7116 = CARTESIAN_POINT('',(1.,-0.585,4.E-02));
#7117 = DIRECTION('',(1.,0.,-0.));
#7118 = DIRECTION('',(0.,0.,1.));
#7119 = ORIENTED_EDGE('',*,*,#7083,.F.);
#7120 = CYLINDRICAL_SURFACE('',#7121,4.E-02);
#7121 = AXIS2_PLACEMENT_3D('',#7122,#7123,#7124);
#7122 = CARTESIAN_POINT('',(0.6,-0.585,4.E-02));
#7123 = DIRECTION('',(1.,0.,0.));
#7124 = DIRECTION('',(0.,-1.,0.));
#7125 = ADVANCED_FACE('',(#7126),#7145,.T.);
#7126 = FACE_BOUND('',#7127,.T.);
#7127 = EDGE_LOOP('',(#7128,#7129,#7138,#7144));
#7128 = ORIENTED_EDGE('',*,*,#7090,.T.);
#7129 = ORIENTED_EDGE('',*,*,#7130,.T.);
#7130 = EDGE_CURVE('',#7076,#7131,#7133,.T.);
#7131 = VERTEX_POINT('',#7132);
#7132 = CARTESIAN_POINT('',(1.,-0.585,1.25));
#7133 = CIRCLE('',#7134,4.E-02);
#7134 = AXIS2_PLACEMENT_3D('',#7135,#7136,#7137);
#7135 = CARTESIAN_POINT('',(1.,-0.585,1.21));
#7136 = DIRECTION('',(-1.,0.,0.));
#7137 = DIRECTION('',(0.,0.,1.));
#7138 = ORIENTED_EDGE('',*,*,#7139,.F.);
#7139 = EDGE_CURVE('',#7041,#7131,#7140,.T.);
#7140 = LINE('',#7141,#7142);
#7141 = CARTESIAN_POINT('',(0.6,-0.585,1.25));
#7142 = VECTOR('',#7143,1.);
#7143 = DIRECTION('',(1.,0.,0.));
#7144 = ORIENTED_EDGE('',*,*,#7048,.F.);
#7145 = CYLINDRICAL_SURFACE('',#7146,4.E-02);
#7146 = AXIS2_PLACEMENT_3D('',#7147,#7148,#7149);
#7147 = CARTESIAN_POINT('',(0.6,-0.585,1.21));
#7148 = DIRECTION('',(1.,0.,0.));
#7149 = DIRECTION('',(0.,-1.,0.));
#7150 = ADVANCED_FACE('',(#7151),#7169,.F.);
#7151 = FACE_BOUND('',#7152,.F.);
#7152 = EDGE_LOOP('',(#7153,#7154,#7155,#7163));
#7153 = ORIENTED_EDGE('',*,*,#7006,.F.);
#7154 = ORIENTED_EDGE('',*,*,#7105,.T.);
#7155 = ORIENTED_EDGE('',*,*,#7156,.T.);
#7156 = EDGE_CURVE('',#7106,#7157,#7159,.T.);
#7157 = VERTEX_POINT('',#7158);
#7158 = CARTESIAN_POINT('',(1.,0.585,0.));
#7159 = LINE('',#7160,#7161);
#7160 = CARTESIAN_POINT('',(1.,-0.625,0.));
#7161 = VECTOR('',#7162,1.);
#7162 = DIRECTION('',(0.,1.,0.));
#7163 = ORIENTED_EDGE('',*,*,#7164,.F.);
#7164 = EDGE_CURVE('',#7007,#7157,#7165,.T.);
#7165 = LINE('',#7166,#7167);
#7166 = CARTESIAN_POINT('',(0.6,0.585,0.));
#7167 = VECTOR('',#7168,1.);
#7168 = DIRECTION('',(1.,0.,0.));
#7169 = PLANE('',#7170);
#7170 = AXIS2_PLACEMENT_3D('',#7171,#7172,#7173);
#7171 = CARTESIAN_POINT('',(0.6,-0.625,0.));
#7172 = DIRECTION('',(0.,0.,1.));
#7173 = DIRECTION('',(1.,0.,-0.));
#7174 = ADVANCED_FACE('',(#7175),#7193,.T.);
#7175 = FACE_BOUND('',#7176,.T.);
#7176 = EDGE_LOOP('',(#7177,#7178,#7179,#7187));
#7177 = ORIENTED_EDGE('',*,*,#7040,.F.);
#7178 = ORIENTED_EDGE('',*,*,#7139,.T.);
#7179 = ORIENTED_EDGE('',*,*,#7180,.T.);
#7180 = EDGE_CURVE('',#7131,#7181,#7183,.T.);
#7181 = VERTEX_POINT('',#7182);
#7182 = CARTESIAN_POINT('',(1.,0.585,1.25));
#7183 = LINE('',#7184,#7185);
#7184 = CARTESIAN_POINT('',(1.,-0.625,1.25));
#7185 = VECTOR('',#7186,1.);
#7186 = DIRECTION('',(0.,1.,0.));
#7187 = ORIENTED_EDGE('',*,*,#7188,.F.);
#7188 = EDGE_CURVE('',#7032,#7181,#7189,.T.);
#7189 = LINE('',#7190,#7191);
#7190 = CARTESIAN_POINT('',(0.6,0.585,1.25));
#7191 = VECTOR('',#7192,1.);
#7192 = DIRECTION('',(1.,0.,0.));
#7193 = PLANE('',#7194);
#7194 = AXIS2_PLACEMENT_3D('',#7195,#7196,#7197);
#7195 = CARTESIAN_POINT('',(0.6,-0.625,1.25));
#7196 = DIRECTION('',(0.,0.,1.));
#7197 = DIRECTION('',(1.,0.,-0.));
#7198 = ADVANCED_FACE('',(#7199),#7218,.T.);
#7199 = FACE_BOUND('',#7200,.T.);
#7200 = EDGE_LOOP('',(#7201,#7209,#7216,#7217));
#7201 = ORIENTED_EDGE('',*,*,#7202,.T.);
#7202 = EDGE_CURVE('',#7015,#7203,#7205,.T.);
#7203 = VERTEX_POINT('',#7204);
#7204 = CARTESIAN_POINT('',(1.,0.625,4.E-02));
#7205 = LINE('',#7206,#7207);
#7206 = CARTESIAN_POINT('',(0.6,0.625,4.E-02));
#7207 = VECTOR('',#7208,1.);
#7208 = DIRECTION('',(1.,0.,0.));
#7209 = ORIENTED_EDGE('',*,*,#7210,.T.);
#7210 = EDGE_CURVE('',#7203,#7157,#7211,.T.);
#7211 = CIRCLE('',#7212,4.E-02);
#7212 = AXIS2_PLACEMENT_3D('',#7213,#7214,#7215);
#7213 = CARTESIAN_POINT('',(1.,0.585,4.E-02));
#7214 = DIRECTION('',(-1.,0.,0.));
#7215 = DIRECTION('',(0.,0.,1.));
#7216 = ORIENTED_EDGE('',*,*,#7164,.F.);
#7217 = ORIENTED_EDGE('',*,*,#7014,.F.);
#7218 = CYLINDRICAL_SURFACE('',#7219,4.E-02);
#7219 = AXIS2_PLACEMENT_3D('',#7220,#7221,#7222);
#7220 = CARTESIAN_POINT('',(0.6,0.585,4.E-02));
#7221 = DIRECTION('',(1.,0.,0.));
#7222 = DIRECTION('',(-0.,1.,0.));
#7223 = ADVANCED_FACE('',(#7224),#7243,.T.);
#7224 = FACE_BOUND('',#7225,.T.);
#7225 = EDGE_LOOP('',(#7226,#7227,#7228,#7237));
#7226 = ORIENTED_EDGE('',*,*,#7031,.T.);
#7227 = ORIENTED_EDGE('',*,*,#7188,.T.);
#7228 = ORIENTED_EDGE('',*,*,#7229,.F.);
#7229 = EDGE_CURVE('',#7230,#7181,#7232,.T.);
#7230 = VERTEX_POINT('',#7231);
#7231 = CARTESIAN_POINT('',(1.,0.625,1.21));
#7232 = CIRCLE('',#7233,4.E-02);
#7233 = AXIS2_PLACEMENT_3D('',#7234,#7235,#7236);
#7234 = CARTESIAN_POINT('',(1.,0.585,1.21));
#7235 = DIRECTION('',(1.,0.,-0.));
#7236 = DIRECTION('',(0.,0.,1.));
#7237 = ORIENTED_EDGE('',*,*,#7238,.F.);
#7238 = EDGE_CURVE('',#7024,#7230,#7239,.T.);
#7239 = LINE('',#7240,#7241);
#7240 = CARTESIAN_POINT('',(0.6,0.625,1.21));
#7241 = VECTOR('',#7242,1.);
#7242 = DIRECTION('',(1.,0.,0.));
#7243 = CYLINDRICAL_SURFACE('',#7244,4.E-02);
#7244 = AXIS2_PLACEMENT_3D('',#7245,#7246,#7247);
#7245 = CARTESIAN_POINT('',(0.6,0.585,1.21));
#7246 = DIRECTION('',(1.,0.,0.));
#7247 = DIRECTION('',(-0.,1.,0.));
#7248 = ADVANCED_FACE('',(#7249),#7260,.T.);
#7249 = FACE_BOUND('',#7250,.T.);
#7250 = EDGE_LOOP('',(#7251,#7257,#7258,#7259));
#7251 = ORIENTED_EDGE('',*,*,#7252,.F.);
#7252 = EDGE_CURVE('',#7203,#7230,#7253,.T.);
#7253 = LINE('',#7254,#7255);
#7254 = CARTESIAN_POINT('',(1.,0.625,0.));
#7255 = VECTOR('',#7256,1.);
#7256 = DIRECTION('',(0.,0.,1.));
#7257 = ORIENTED_EDGE('',*,*,#7202,.F.);
#7258 = ORIENTED_EDGE('',*,*,#7023,.T.);
#7259 = ORIENTED_EDGE('',*,*,#7238,.T.);
#7260 = PLANE('',#7261);
#7261 = AXIS2_PLACEMENT_3D('',#7262,#7263,#7264);
#7262 = CARTESIAN_POINT('',(0.6,0.625,0.));
#7263 = DIRECTION('',(0.,1.,0.));
#7264 = DIRECTION('',(0.,-0.,1.));
#7265 = ADVANCED_FACE('',(#7266),#7276,.T.);
#7266 = FACE_BOUND('',#7267,.T.);
#7267 = EDGE_LOOP('',(#7268,#7269,#7270,#7271,#7272,#7273,#7274,#7275));
#7268 = ORIENTED_EDGE('',*,*,#7073,.F.);
#7269 = ORIENTED_EDGE('',*,*,#7113,.T.);
#7270 = ORIENTED_EDGE('',*,*,#7156,.T.);
#7271 = ORIENTED_EDGE('',*,*,#7210,.F.);
#7272 = ORIENTED_EDGE('',*,*,#7252,.T.);
#7273 = ORIENTED_EDGE('',*,*,#7229,.T.);
#7274 = ORIENTED_EDGE('',*,*,#7180,.F.);
#7275 = ORIENTED_EDGE('',*,*,#7130,.F.);
#7276 = PLANE('',#7277);
#7277 = AXIS2_PLACEMENT_3D('',#7278,#7279,#7280);
#7278 = CARTESIAN_POINT('',(1.,-0.625,0.));
#7279 = DIRECTION('',(1.,0.,0.));
#7280 = DIRECTION('',(0.,0.,1.));
#7281 = ( GEOMETRIC_REPRESENTATION_CONTEXT(3) 
GLOBAL_UNCERTAINTY_ASSIGNED_CONTEXT((#7285)) 
GLOBAL_UNIT_ASSIGNED_CONTEXT((#7282,#7283,#7284)) REPRESENTATION_CONTEXT
('Context #1','3D Context with UNIT and UNCERTAINTY') );
#7282 = ( LENGTH_UNIT() NAMED_UNIT(*) SI_UNIT(.MILLI.,.METRE.) );
#7283 = ( NAMED_UNIT(*) PLANE_ANGLE_UNIT() SI_UNIT($,.RADIAN.) );
#7284 = ( NAMED_UNIT(*) SI_UNIT($,.STERADIAN.) SOLID_ANGLE_UNIT() );
#7285 = UNCERTAINTY_MEASURE_WITH_UNIT(LENGTH_MEASURE(1.E-07),#7282,
  'distance_accuracy_value','confusion accuracy');
#7286 = CONTEXT_DEPENDENT_SHAPE_REPRESENTATION(#7287,#7289);
#7287 = ( REPRESENTATION_RELATIONSHIP('','',#6426,#10) 
REPRESENTATION_RELATIONSHIP_WITH_TRANSFORMATION(#7288) 
SHAPE_REPRESENTATION_RELATIONSHIP() );
#7288 = ITEM_DEFINED_TRANSFORMATION('','',#11,#31);
#7289 = PRODUCT_DEFINITION_SHAPE('Placement','Placement of an item',
  #7290);
#7290 = NEXT_ASSEMBLY_USAGE_OCCURRENCE('5','C4','',#5,#6421,$);
#7291 = PRODUCT_RELATED_PRODUCT_CATEGORY('part',$,(#6423));
#7292 = CONTEXT_DEPENDENT_SHAPE_REPRESENTATION(#7293,#7295);
#7293 = ( REPRESENTATION_RELATIONSHIP('','',#112,#10) 
REPRESENTATION_RELATIONSHIP_WITH_TRANSFORMATION(#7294) 
SHAPE_REPRESENTATION_RELATIONSHIP() );
#7294 = ITEM_DEFINED_TRANSFORMATION('','',#11,#35);
#7295 = PRODUCT_DEFINITION_SHAPE('Placement','Placement of an item',
  #7296);
#7296 = NEXT_ASSEMBLY_USAGE_OCCURRENCE('6','R14','',#5,#107,$);
#7297 = CONTEXT_DEPENDENT_SHAPE_REPRESENTATION(#7298,#7300);
#7298 = ( REPRESENTATION_RELATIONSHIP('','',#112,#10) 
REPRESENTATION_RELATIONSHIP_WITH_TRANSFORMATION(#7299) 
SHAPE_REPRESENTATION_RELATIONSHIP() );
#7299 = ITEM_DEFINED_TRANSFORMATION('','',#11,#39);
#7300 = PRODUCT_DEFINITION_SHAPE('Placement','Placement of an item',
  #7301);
#7301 = NEXT_ASSEMBLY_USAGE_OCCURRENCE('7','R9','',#5,#107,$);
#7302 = CONTEXT_DEPENDENT_SHAPE_REPRESENTATION(#7303,#7305);
#7303 = ( REPRESENTATION_RELATIONSHIP('','',#112,#10) 
REPRESENTATION_RELATIONSHIP_WITH_TRANSFORMATION(#7304) 
SHAPE_REPRESENTATION_RELATIONSHIP() );
#7304 = ITEM_DEFINED_TRANSFORMATION('','',#11,#43);
#7305 = PRODUCT_DEFINITION_SHAPE('Placement','Placement of an item',
  #7306);
#7306 = NEXT_ASSEMBLY_USAGE_OCCURRENCE('8','R10','',#5,#107,$);
#7307 = CONTEXT_DEPENDENT_SHAPE_REPRESENTATION(#7308,#7310);
#7308 = ( REPRESENTATION_RELATIONSHIP('','',#112,#10) 
REPRESENTATION_RELATIONSHIP_WITH_TRANSFORMATION(#7309) 
SHAPE_REPRESENTATION_RELATIONSHIP() );
#7309 = ITEM_DEFINED_TRANSFORMATION('','',#11,#47);
#7310 = PRODUCT_DEFINITION_SHAPE('Placement','Placement of an item',
  #7311);
#7311 = NEXT_ASSEMBLY_USAGE_OCCURRENCE('9','R6','',#5,#107,$);
#7312 = CONTEXT_DEPENDENT_SHAPE_REPRESENTATION(#7313,#7315);
#7313 = ( REPRESENTATION_RELATIONSHIP('','',#112,#10) 
REPRESENTATION_RELATIONSHIP_WITH_TRANSFORMATION(#7314) 
SHAPE_REPRESENTATION_RELATIONSHIP() );
#7314 = ITEM_DEFINED_TRANSFORMATION('','',#11,#51);
#7315 = PRODUCT_DEFINITION_SHAPE('Placement','Placement of an item',
  #7316);
#7316 = NEXT_ASSEMBLY_USAGE_OCCURRENCE('10','R8','',#5,#107,$);
#7317 = CONTEXT_DEPENDENT_SHAPE_REPRESENTATION(#7318,#7320);
#7318 = ( REPRESENTATION_RELATIONSHIP('','',#112,#10) 
REPRESENTATION_RELATIONSHIP_WITH_TRANSFORMATION(#7319) 
SHAPE_REPRESENTATION_RELATIONSHIP() );
#7319 = ITEM_DEFINED_TRANSFORMATION('','',#11,#55);
#7320 = PRODUCT_DEFINITION_SHAPE('Placement','Placement of an item',
  #7321);
#7321 = NEXT_ASSEMBLY_USAGE_OCCURRENCE('11','R2','',#5,#107,$);
#7322 = CONTEXT_DEPENDENT_SHAPE_REPRESENTATION(#7323,#7325);
#7323 = ( REPRESENTATION_RELATIONSHIP('','',#112,#10) 
REPRESENTATION_RELATIONSHIP_WITH_TRANSFORMATION(#7324) 
SHAPE_REPRESENTATION_RELATIONSHIP() );
#7324 = ITEM_DEFINED_TRANSFORMATION('','',#11,#59);
#7325 = PRODUCT_DEFINITION_SHAPE('Placement','Placement of an item',
  #7326);
#7326 = NEXT_ASSEMBLY_USAGE_OCCURRENCE('12','R3','',#5,#107,$);
#7327 = CONTEXT_DEPENDENT_SHAPE_REPRESENTATION(#7328,#7330);
#7328 = ( REPRESENTATION_RELATIONSHIP('','',#6426,#10) 
REPRESENTATION_RELATIONSHIP_WITH_TRANSFORMATION(#7329) 
SHAPE_REPRESENTATION_RELATIONSHIP() );
#7329 = ITEM_DEFINED_TRANSFORMATION('','',#11,#63);
#7330 = PRODUCT_DEFINITION_SHAPE('Placement','Placement of an item',
  #7331);
#7331 = NEXT_ASSEMBLY_USAGE_OCCURRENCE('13','C3','',#5,#6421,$);
#7332 = CONTEXT_DEPENDENT_SHAPE_REPRESENTATION(#7333,#7335);
#7333 = ( REPRESENTATION_RELATIONSHIP('','',#6426,#10) 
REPRESENTATION_RELATIONSHIP_WITH_TRANSFORMATION(#7334) 
SHAPE_REPRESENTATION_RELATIONSHIP() );
#7334 = ITEM_DEFINED_TRANSFORMATION('','',#11,#67);
#7335 = PRODUCT_DEFINITION_SHAPE('Placement','Placement of an item',
  #7336);
#7336 = NEXT_ASSEMBLY_USAGE_OCCURRENCE('14','C2','',#5,#6421,$);
#7337 = CONTEXT_DEPENDENT_SHAPE_REPRESENTATION(#7338,#7340);
#7338 = ( REPRESENTATION_RELATIONSHIP('','',#112,#10) 
REPRESENTATION_RELATIONSHIP_WITH_TRANSFORMATION(#7339) 
SHAPE_REPRESENTATION_RELATIONSHIP() );
#7339 = ITEM_DEFINED_TRANSFORMATION('','',#11,#71);
#7340 = PRODUCT_DEFINITION_SHAPE('Placement','Placement of an item',
  #7341);
#7341 = NEXT_ASSEMBLY_USAGE_OCCURRENCE('15','R4','',#5,#107,$);
#7342 = SHAPE_DEFINITION_REPRESENTATION(#7343,#7349);
#7343 = PRODUCT_DEFINITION_SHAPE('','',#7344);
#7344 = PRODUCT_DEFINITION('design','',#7345,#7348);
#7345 = PRODUCT_DEFINITION_FORMATION('','',#7346);
#7346 = PRODUCT('CP_Radial_D8.0mm_P3.80mm','CP_Radial_D8.0mm_P3.80mm',''
  ,(#7347));
#7347 = PRODUCT_CONTEXT('',#2,'mechanical');
#7348 = PRODUCT_DEFINITION_CONTEXT('part definition',#2,'design');
#7349 = ADVANCED_BREP_SHAPE_REPRESENTATION('',(#11,#7350),#9794);
#7350 = BREP_WITH_VOIDS('',#7351,(#9672));
#7351 = CLOSED_SHELL('',(#7352,#7369,#7394,#7443,#7476,#7494,#7519,#7551
    ,#7569,#7578,#7616,#7638,#7701,#7781,#7955,#8049,#8077,#8171,#8240,
    #8308,#8362,#8416,#8590,#8622,#8702,#8782,#8814,#8880,#9063,#9097,
    #9112,#9130,#9148,#9180,#9198,#9341,#9393,#9417,#9441,#9465,#9527,
    #9544,#9568,#9584,#9608,#9620,#9636,#9648,#9660));
#7352 = ADVANCED_FACE('',(#7353),#7364,.F.);
#7353 = FACE_BOUND('',#7354,.F.);
#7354 = EDGE_LOOP('',(#7355));
#7355 = ORIENTED_EDGE('',*,*,#7356,.T.);
#7356 = EDGE_CURVE('',#7357,#7357,#7359,.T.);
#7357 = VERTEX_POINT('',#7358);
#7358 = CARTESIAN_POINT('',(3.55,-2.020667218593E-16,-1.9));
#7359 = CIRCLE('',#7360,0.25);
#7360 = AXIS2_PLACEMENT_3D('',#7361,#7362,#7363);
#7361 = CARTESIAN_POINT('',(3.8,-2.32682891838E-16,-1.9));
#7362 = DIRECTION('',(0.,0.,1.));
#7363 = DIRECTION('',(-1.,1.224646799147E-16,0.));
#7364 = PLANE('',#7365);
#7365 = AXIS2_PLACEMENT_3D('',#7366,#7367,#7368);
#7366 = CARTESIAN_POINT('',(3.8,-2.117943758096E-16,-1.9));
#7367 = DIRECTION('',(0.,0.,1.));
#7368 = DIRECTION('',(-1.,1.224646799147E-16,0.));
#7369 = ADVANCED_FACE('',(#7370),#7389,.T.);
#7370 = FACE_BOUND('',#7371,.T.);
#7371 = EDGE_LOOP('',(#7372,#7381,#7387,#7388));
#7372 = ORIENTED_EDGE('',*,*,#7373,.F.);
#7373 = EDGE_CURVE('',#7374,#7374,#7376,.T.);
#7374 = VERTEX_POINT('',#7375);
#7375 = CARTESIAN_POINT('',(3.55,-2.020667218593E-16,0.2));
#7376 = CIRCLE('',#7377,0.25);
#7377 = AXIS2_PLACEMENT_3D('',#7378,#7379,#7380);
#7378 = CARTESIAN_POINT('',(3.8,-2.32682891838E-16,0.2));
#7379 = DIRECTION('',(0.,0.,1.));
#7380 = DIRECTION('',(-1.,1.224646799147E-16,0.));
#7381 = ORIENTED_EDGE('',*,*,#7382,.T.);
#7382 = EDGE_CURVE('',#7374,#7357,#7383,.T.);
#7383 = LINE('',#7384,#7385);
#7384 = CARTESIAN_POINT('',(3.55,-2.020667218593E-16,0.3));
#7385 = VECTOR('',#7386,1.);
#7386 = DIRECTION('',(0.,0.,-1.));
#7387 = ORIENTED_EDGE('',*,*,#7356,.T.);
#7388 = ORIENTED_EDGE('',*,*,#7382,.F.);
#7389 = CYLINDRICAL_SURFACE('',#7390,0.25);
#7390 = AXIS2_PLACEMENT_3D('',#7391,#7392,#7393);
#7391 = CARTESIAN_POINT('',(3.8,-2.32682891838E-16,0.3));
#7392 = DIRECTION('',(0.,0.,1.));
#7393 = DIRECTION('',(-1.,1.224646799147E-16,0.));
#7394 = ADVANCED_FACE('',(#7395,#7424,#7427),#7438,.F.);
#7395 = FACE_BOUND('',#7396,.F.);
#7396 = EDGE_LOOP('',(#7397,#7408,#7417));
#7397 = ORIENTED_EDGE('',*,*,#7398,.T.);
#7398 = EDGE_CURVE('',#7399,#7401,#7403,.T.);
#7399 = VERTEX_POINT('',#7400);
#7400 = CARTESIAN_POINT('',(-0.9,3.429011037613E-16,0.2));
#7401 = VERTEX_POINT('',#7402);
#7402 = CARTESIAN_POINT('',(4.486862691032,-1.071513610622,0.2));
#7403 = CIRCLE('',#7404,2.8);
#7404 = AXIS2_PLACEMENT_3D('',#7405,#7406,#7407);
#7405 = CARTESIAN_POINT('',(1.9,0.,0.2));
#7406 = DIRECTION('',(0.,0.,1.));
#7407 = DIRECTION('',(-1.,1.224646799147E-16,0.));
#7408 = ORIENTED_EDGE('',*,*,#7409,.T.);
#7409 = EDGE_CURVE('',#7401,#7410,#7412,.T.);
#7410 = VERTEX_POINT('',#7411);
#7411 = CARTESIAN_POINT('',(4.486862691032,1.071513610622,0.2));
#7412 = CIRCLE('',#7413,2.8);
#7413 = AXIS2_PLACEMENT_3D('',#7414,#7415,#7416);
#7414 = CARTESIAN_POINT('',(1.9,0.,0.2));
#7415 = DIRECTION('',(0.,0.,1.));
#7416 = DIRECTION('',(-1.,1.224646799147E-16,0.));
#7417 = ORIENTED_EDGE('',*,*,#7418,.T.);
#7418 = EDGE_CURVE('',#7410,#7399,#7419,.T.);
#7419 = CIRCLE('',#7420,2.8);
#7420 = AXIS2_PLACEMENT_3D('',#7421,#7422,#7423);
#7421 = CARTESIAN_POINT('',(1.9,0.,0.2));
#7422 = DIRECTION('',(0.,0.,1.));
#7423 = DIRECTION('',(-1.,1.224646799147E-16,0.));
#7424 = FACE_BOUND('',#7425,.F.);
#7425 = EDGE_LOOP('',(#7426));
#7426 = ORIENTED_EDGE('',*,*,#7373,.F.);
#7427 = FACE_BOUND('',#7428,.F.);
#7428 = EDGE_LOOP('',(#7429));
#7429 = ORIENTED_EDGE('',*,*,#7430,.F.);
#7430 = EDGE_CURVE('',#7431,#7431,#7433,.T.);
#7431 = VERTEX_POINT('',#7432);
#7432 = CARTESIAN_POINT('',(-0.25,2.632990618167E-16,0.2));
#7433 = CIRCLE('',#7434,0.25);
#7434 = AXIS2_PLACEMENT_3D('',#7435,#7436,#7437);
#7435 = CARTESIAN_POINT('',(2.22044604925E-16,2.32682891838E-16,0.2));
#7436 = DIRECTION('',(0.,0.,1.));
#7437 = DIRECTION('',(-1.,1.224646799147E-16,0.));
#7438 = PLANE('',#7439);
#7439 = AXIS2_PLACEMENT_3D('',#7440,#7441,#7442);
#7440 = CARTESIAN_POINT('',(1.9,-1.29885370033E-16,0.2));
#7441 = DIRECTION('',(5.240625699013E-34,-8.554528276292E-35,1.));
#7442 = DIRECTION('',(-1.,1.224646799147E-16,5.240625699013E-34));
#7443 = ADVANCED_FACE('',(#7444),#7471,.F.);
#7444 = FACE_BOUND('',#7445,.F.);
#7445 = EDGE_LOOP('',(#7446,#7454,#7455,#7456,#7464));
#7446 = ORIENTED_EDGE('',*,*,#7447,.F.);
#7447 = EDGE_CURVE('',#7401,#7448,#7450,.T.);
#7448 = VERTEX_POINT('',#7449);
#7449 = CARTESIAN_POINT('',(4.486862691032,-1.071513610622,0.));
#7450 = LINE('',#7451,#7452);
#7451 = CARTESIAN_POINT('',(4.486862691032,-1.071513610622,0.3));
#7452 = VECTOR('',#7453,1.);
#7453 = DIRECTION('',(0.,0.,-1.));
#7454 = ORIENTED_EDGE('',*,*,#7398,.F.);
#7455 = ORIENTED_EDGE('',*,*,#7418,.F.);
#7456 = ORIENTED_EDGE('',*,*,#7457,.T.);
#7457 = EDGE_CURVE('',#7410,#7458,#7460,.T.);
#7458 = VERTEX_POINT('',#7459);
#7459 = CARTESIAN_POINT('',(4.486862691032,1.071513610622,0.));
#7460 = LINE('',#7461,#7462);
#7461 = CARTESIAN_POINT('',(4.486862691032,1.071513610622,0.3));
#7462 = VECTOR('',#7463,1.);
#7463 = DIRECTION('',(0.,0.,-1.));
#7464 = ORIENTED_EDGE('',*,*,#7465,.F.);
#7465 = EDGE_CURVE('',#7448,#7458,#7466,.T.);
#7466 = CIRCLE('',#7467,2.8);
#7467 = AXIS2_PLACEMENT_3D('',#7468,#7469,#7470);
#7468 = CARTESIAN_POINT('',(1.9,0.,0.));
#7469 = DIRECTION('',(0.,-0.,-1.));
#7470 = DIRECTION('',(0.923879532511,-0.382683432365,0.));
#7471 = CYLINDRICAL_SURFACE('',#7472,2.8);
#7472 = AXIS2_PLACEMENT_3D('',#7473,#7474,#7475);
#7473 = CARTESIAN_POINT('',(1.9,0.,0.3));
#7474 = DIRECTION('',(0.,0.,-1.));
#7475 = DIRECTION('',(0.923879532511,-0.382683432365,0.));
#7476 = ADVANCED_FACE('',(#7477),#7489,.F.);
#7477 = FACE_BOUND('',#7478,.F.);
#7478 = EDGE_LOOP('',(#7479,#7480,#7481,#7482));
#7479 = ORIENTED_EDGE('',*,*,#7457,.F.);
#7480 = ORIENTED_EDGE('',*,*,#7409,.F.);
#7481 = ORIENTED_EDGE('',*,*,#7447,.T.);
#7482 = ORIENTED_EDGE('',*,*,#7483,.F.);
#7483 = EDGE_CURVE('',#7458,#7448,#7484,.T.);
#7484 = CIRCLE('',#7485,2.8);
#7485 = AXIS2_PLACEMENT_3D('',#7486,#7487,#7488);
#7486 = CARTESIAN_POINT('',(1.9,0.,0.));
#7487 = DIRECTION('',(0.,0.,-1.));
#7488 = DIRECTION('',(0.923879532511,0.382683432365,0.));
#7489 = CYLINDRICAL_SURFACE('',#7490,2.8);
#7490 = AXIS2_PLACEMENT_3D('',#7491,#7492,#7493);
#7491 = CARTESIAN_POINT('',(1.9,0.,0.3));
#7492 = DIRECTION('',(0.,0.,-1.));
#7493 = DIRECTION('',(0.923879532511,0.382683432365,0.));
#7494 = ADVANCED_FACE('',(#7495),#7514,.T.);
#7495 = FACE_BOUND('',#7496,.T.);
#7496 = EDGE_LOOP('',(#7497,#7498,#7506,#7513));
#7497 = ORIENTED_EDGE('',*,*,#7430,.F.);
#7498 = ORIENTED_EDGE('',*,*,#7499,.T.);
#7499 = EDGE_CURVE('',#7431,#7500,#7502,.T.);
#7500 = VERTEX_POINT('',#7501);
#7501 = CARTESIAN_POINT('',(-0.25,2.632990618167E-16,-2.));
#7502 = LINE('',#7503,#7504);
#7503 = CARTESIAN_POINT('',(-0.25,2.632990618167E-16,0.3));
#7504 = VECTOR('',#7505,1.);
#7505 = DIRECTION('',(0.,0.,-1.));
#7506 = ORIENTED_EDGE('',*,*,#7507,.T.);
#7507 = EDGE_CURVE('',#7500,#7500,#7508,.T.);
#7508 = CIRCLE('',#7509,0.25);
#7509 = AXIS2_PLACEMENT_3D('',#7510,#7511,#7512);
#7510 = CARTESIAN_POINT('',(2.22044604925E-16,2.32682891838E-16,-2.));
#7511 = DIRECTION('',(0.,0.,1.));
#7512 = DIRECTION('',(-1.,1.224646799147E-16,0.));
#7513 = ORIENTED_EDGE('',*,*,#7499,.F.);
#7514 = CYLINDRICAL_SURFACE('',#7515,0.25);
#7515 = AXIS2_PLACEMENT_3D('',#7516,#7517,#7518);
#7516 = CARTESIAN_POINT('',(2.22044604925E-16,2.32682891838E-16,0.3));
#7517 = DIRECTION('',(0.,0.,1.));
#7518 = DIRECTION('',(-1.,1.224646799147E-16,0.));
#7519 = ADVANCED_FACE('',(#7520),#7546,.T.);
#7520 = FACE_BOUND('',#7521,.F.);
#7521 = EDGE_LOOP('',(#7522,#7523,#7531,#7540));
#7522 = ORIENTED_EDGE('',*,*,#7465,.T.);
#7523 = ORIENTED_EDGE('',*,*,#7524,.T.);
#7524 = EDGE_CURVE('',#7458,#7525,#7527,.T.);
#7525 = VERTEX_POINT('',#7526);
#7526 = CARTESIAN_POINT('',(5.410742223543,1.454197042987,
    1.387778780781E-17));
#7527 = LINE('',#7528,#7529);
#7528 = CARTESIAN_POINT('',(4.486862691032,1.071513610622,0.));
#7529 = VECTOR('',#7530,1.);
#7530 = DIRECTION('',(0.923879532511,0.382683432365,0.));
#7531 = ORIENTED_EDGE('',*,*,#7532,.F.);
#7532 = EDGE_CURVE('',#7533,#7525,#7535,.T.);
#7533 = VERTEX_POINT('',#7534);
#7534 = CARTESIAN_POINT('',(5.410742223543,-1.454197042987,
    1.387778780781E-17));
#7535 = CIRCLE('',#7536,3.8);
#7536 = AXIS2_PLACEMENT_3D('',#7537,#7538,#7539);
#7537 = CARTESIAN_POINT('',(1.9,0.,1.387778780781E-17));
#7538 = DIRECTION('',(0.,-0.,-1.));
#7539 = DIRECTION('',(0.923879532511,-0.382683432365,0.));
#7540 = ORIENTED_EDGE('',*,*,#7541,.F.);
#7541 = EDGE_CURVE('',#7448,#7533,#7542,.T.);
#7542 = LINE('',#7543,#7544);
#7543 = CARTESIAN_POINT('',(4.486862691032,-1.071513610622,0.));
#7544 = VECTOR('',#7545,1.);
#7545 = DIRECTION('',(0.923879532511,-0.382683432365,0.));
#7546 = PLANE('',#7547);
#7547 = AXIS2_PLACEMENT_3D('',#7548,#7549,#7550);
#7548 = CARTESIAN_POINT('',(1.9,0.,0.));
#7549 = DIRECTION('',(0.,0.,-1.));
#7550 = DIRECTION('',(0.923879532511,-0.382683432365,0.));
#7551 = ADVANCED_FACE('',(#7552),#7564,.T.);
#7552 = FACE_BOUND('',#7553,.F.);
#7553 = EDGE_LOOP('',(#7554,#7555,#7556,#7563));
#7554 = ORIENTED_EDGE('',*,*,#7483,.T.);
#7555 = ORIENTED_EDGE('',*,*,#7541,.T.);
#7556 = ORIENTED_EDGE('',*,*,#7557,.F.);
#7557 = EDGE_CURVE('',#7525,#7533,#7558,.T.);
#7558 = CIRCLE('',#7559,3.8);
#7559 = AXIS2_PLACEMENT_3D('',#7560,#7561,#7562);
#7560 = CARTESIAN_POINT('',(1.9,0.,1.387778780781E-17));
#7561 = DIRECTION('',(0.,0.,-1.));
#7562 = DIRECTION('',(0.923879532511,0.382683432365,0.));
#7563 = ORIENTED_EDGE('',*,*,#7524,.F.);
#7564 = PLANE('',#7565);
#7565 = AXIS2_PLACEMENT_3D('',#7566,#7567,#7568);
#7566 = CARTESIAN_POINT('',(1.9,0.,0.));
#7567 = DIRECTION('',(0.,0.,-1.));
#7568 = DIRECTION('',(0.923879532511,0.382683432365,0.));
#7569 = ADVANCED_FACE('',(#7570),#7573,.F.);
#7570 = FACE_BOUND('',#7571,.F.);
#7571 = EDGE_LOOP('',(#7572));
#7572 = ORIENTED_EDGE('',*,*,#7507,.T.);
#7573 = PLANE('',#7574);
#7574 = AXIS2_PLACEMENT_3D('',#7575,#7576,#7577);
#7575 = CARTESIAN_POINT('',(6.661338147751E-16,2.322051557954E-16,-2.));
#7576 = DIRECTION('',(0.,0.,1.));
#7577 = DIRECTION('',(-1.,1.224646799147E-16,0.));
#7578 = ADVANCED_FACE('',(#7579),#7607,.F.);
#7579 = FACE_BOUND('',#7580,.F.);
#7580 = EDGE_LOOP('',(#7581,#7582,#7591,#7600));
#7581 = ORIENTED_EDGE('',*,*,#7532,.T.);
#7582 = ORIENTED_EDGE('',*,*,#7583,.T.);
#7583 = EDGE_CURVE('',#7525,#7584,#7586,.T.);
#7584 = VERTEX_POINT('',#7585);
#7585 = CARTESIAN_POINT('',(5.595518130045,1.53073372946,0.2));
#7586 = CIRCLE('',#7587,0.2);
#7587 = AXIS2_PLACEMENT_3D('',#7588,#7589,#7590);
#7588 = CARTESIAN_POINT('',(5.410742223543,1.454197042987,0.2));
#7589 = DIRECTION('',(0.382683432365,-0.923879532511,0.));
#7590 = DIRECTION('',(0.,0.,-1.));
#7591 = ORIENTED_EDGE('',*,*,#7592,.F.);
#7592 = EDGE_CURVE('',#7593,#7584,#7595,.T.);
#7593 = VERTEX_POINT('',#7594);
#7594 = CARTESIAN_POINT('',(5.595518130045,-1.53073372946,0.2));
#7595 = CIRCLE('',#7596,4.);
#7596 = AXIS2_PLACEMENT_3D('',#7597,#7598,#7599);
#7597 = CARTESIAN_POINT('',(1.9,0.,0.2));
#7598 = DIRECTION('',(0.,-0.,-1.));
#7599 = DIRECTION('',(0.923879532511,-0.382683432365,0.));
#7600 = ORIENTED_EDGE('',*,*,#7601,.F.);
#7601 = EDGE_CURVE('',#7533,#7593,#7602,.T.);
#7602 = CIRCLE('',#7603,0.2);
#7603 = AXIS2_PLACEMENT_3D('',#7604,#7605,#7606);
#7604 = CARTESIAN_POINT('',(5.410742223543,-1.454197042987,0.2));
#7605 = DIRECTION('',(-0.382683432365,-0.923879532511,-0.));
#7606 = DIRECTION('',(0.,0.,-1.));
#7607 = SURFACE_OF_REVOLUTION('',#7608,#7613);
#7608 = CIRCLE('',#7609,0.2);
#7609 = AXIS2_PLACEMENT_3D('',#7610,#7611,#7612);
#7610 = CARTESIAN_POINT('',(5.410742223543,-1.454197042987,0.2));
#7611 = DIRECTION('',(-0.382683432365,-0.923879532511,-0.));
#7612 = DIRECTION('',(0.,0.,-1.));
#7613 = AXIS1_PLACEMENT('',#7614,#7615);
#7614 = CARTESIAN_POINT('',(1.9,0.,0.));
#7615 = DIRECTION('',(0.,0.,-1.));
#7616 = ADVANCED_FACE('',(#7617),#7629,.F.);
#7617 = FACE_BOUND('',#7618,.F.);
#7618 = EDGE_LOOP('',(#7619,#7620,#7621,#7628));
#7619 = ORIENTED_EDGE('',*,*,#7557,.T.);
#7620 = ORIENTED_EDGE('',*,*,#7601,.T.);
#7621 = ORIENTED_EDGE('',*,*,#7622,.F.);
#7622 = EDGE_CURVE('',#7584,#7593,#7623,.T.);
#7623 = CIRCLE('',#7624,4.);
#7624 = AXIS2_PLACEMENT_3D('',#7625,#7626,#7627);
#7625 = CARTESIAN_POINT('',(1.9,0.,0.2));
#7626 = DIRECTION('',(0.,0.,-1.));
#7627 = DIRECTION('',(0.923879532511,0.382683432365,0.));
#7628 = ORIENTED_EDGE('',*,*,#7583,.F.);
#7629 = SURFACE_OF_REVOLUTION('',#7630,#7635);
#7630 = CIRCLE('',#7631,0.2);
#7631 = AXIS2_PLACEMENT_3D('',#7632,#7633,#7634);
#7632 = CARTESIAN_POINT('',(5.410742223543,1.454197042987,0.2));
#7633 = DIRECTION('',(0.382683432365,-0.923879532511,0.));
#7634 = DIRECTION('',(0.,0.,-1.));
#7635 = AXIS1_PLACEMENT('',#7636,#7637);
#7636 = CARTESIAN_POINT('',(1.9,0.,0.));
#7637 = DIRECTION('',(0.,0.,-1.));
#7638 = ADVANCED_FACE('',(#7639),#7696,.T.);
#7639 = FACE_BOUND('',#7640,.T.);
#7640 = EDGE_LOOP('',(#7641,#7683,#7689,#7690));
#7641 = ORIENTED_EDGE('',*,*,#7642,.T.);
#7642 = EDGE_CURVE('',#7643,#7645,#7647,.T.);
#7643 = VERTEX_POINT('',#7644);
#7644 = CARTESIAN_POINT('',(5.595518130045,-1.53073372946,1.064979142851
    ));
#7645 = VERTEX_POINT('',#7646);
#7646 = CARTESIAN_POINT('',(5.595518130045,1.53073372946,1.064979142851)
  );
#7647 = B_SPLINE_CURVE_WITH_KNOTS('',12,(#7648,#7649,#7650,#7651,#7652,
    #7653,#7654,#7655,#7656,#7657,#7658,#7659,#7660,#7661,#7662,#7663,
    #7664,#7665,#7666,#7667,#7668,#7669,#7670,#7671,#7672,#7673,#7674,
    #7675,#7676,#7677,#7678,#7679,#7680,#7681,#7682),.UNSPECIFIED.,.F.,
  .F.,(13,11,11,13),(-0.936985026533,-3.904377149141E-16,21.991148575128
    ,22.928133601661),.UNSPECIFIED.);
#7648 = CARTESIAN_POINT('',(5.954086776074,-0.665072441177,
    1.064979142851));
#7649 = CARTESIAN_POINT('',(5.923998981426,-0.737710803076,
    1.064979142851));
#7650 = CARTESIAN_POINT('',(5.893948836624,-0.81025827021,1.064979142851
    ));
#7651 = CARTESIAN_POINT('',(5.863936341665,-0.882714842579,
    1.064979142851));
#7652 = CARTESIAN_POINT('',(5.833961496552,-0.955080520182,
    1.064979142851));
#7653 = CARTESIAN_POINT('',(5.804024301283,-1.02735530302,1.064979142851
    ));
#7654 = CARTESIAN_POINT('',(5.774124755858,-1.099539191093,
    1.064979142851));
#7655 = CARTESIAN_POINT('',(5.744262860278,-1.171632184401,
    1.064979142851));
#7656 = CARTESIAN_POINT('',(5.714438614542,-1.243634282943,
    1.064979142851));
#7657 = CARTESIAN_POINT('',(5.684652018651,-1.31554548672,1.064979142851
    ));
#7658 = CARTESIAN_POINT('',(5.654903072605,-1.387365795732,
    1.064979142851));
#7659 = CARTESIAN_POINT('',(5.625191776403,-1.459095209979,
    1.064979142851));
#7660 = CARTESIAN_POINT('',(4.899074166337,-3.212098192077,
    1.064979142851));
#7661 = CARTESIAN_POINT('',(3.357109308849,-4.573423217124,1.06497918007
    ));
#7662 = CARTESIAN_POINT('',(1.131303951111,-5.112736414364,
    1.064978651647));
#7663 = CARTESIAN_POINT('',(-1.255436362495,-4.411191522451,
    1.064980771239));
#7664 = CARTESIAN_POINT('',(-3.032460530859,-2.66037689618,
    1.064976090786));
#7665 = CARTESIAN_POINT('',(-3.923138705167,6.707079336365E-12,
    1.064982859912));
#7666 = CARTESIAN_POINT('',(-3.032460530858,2.660376896167,
    1.064976090786));
#7667 = CARTESIAN_POINT('',(-1.255436362497,4.41119152246,1.064980771239
    ));
#7668 = CARTESIAN_POINT('',(1.131303951112,5.11273641436,1.064978651647)
  );
#7669 = CARTESIAN_POINT('',(3.357109308848,4.573423217126,1.06497918007)
  );
#7670 = CARTESIAN_POINT('',(4.899074166337,3.212098192077,1.064979142851
    ));
#7671 = CARTESIAN_POINT('',(5.625191776403,1.459095209979,1.064979142851
    ));
#7672 = CARTESIAN_POINT('',(5.654903072605,1.387365795732,1.064979142851
    ));
#7673 = CARTESIAN_POINT('',(5.684652018651,1.315545486721,1.064979142851
    ));
#7674 = CARTESIAN_POINT('',(5.714438614542,1.243634282943,1.064979142851
    ));
#7675 = CARTESIAN_POINT('',(5.744262860278,1.171632184401,1.064979142851
    ));
#7676 = CARTESIAN_POINT('',(5.774124755858,1.099539191093,1.064979142851
    ));
#7677 = CARTESIAN_POINT('',(5.804024301283,1.02735530302,1.064979142851)
  );
#7678 = CARTESIAN_POINT('',(5.833961496552,0.955080520182,1.064979142851
    ));
#7679 = CARTESIAN_POINT('',(5.863936341665,0.882714842579,1.064979142851
    ));
#7680 = CARTESIAN_POINT('',(5.893948836624,0.81025827021,1.064979142851)
  );
#7681 = CARTESIAN_POINT('',(5.923998981426,0.737710803076,1.064979142851
    ));
#7682 = CARTESIAN_POINT('',(5.954086776074,0.665072441177,1.064979142851
    ));
#7683 = ORIENTED_EDGE('',*,*,#7684,.F.);
#7684 = EDGE_CURVE('',#7584,#7645,#7685,.T.);
#7685 = LINE('',#7686,#7687);
#7686 = CARTESIAN_POINT('',(5.595518130045,1.53073372946,0.2));
#7687 = VECTOR('',#7688,1.);
#7688 = DIRECTION('',(0.,0.,1.));
#7689 = ORIENTED_EDGE('',*,*,#7592,.F.);
#7690 = ORIENTED_EDGE('',*,*,#7691,.T.);
#7691 = EDGE_CURVE('',#7593,#7643,#7692,.T.);
#7692 = LINE('',#7693,#7694);
#7693 = CARTESIAN_POINT('',(5.595518130045,-1.53073372946,0.2));
#7694 = VECTOR('',#7695,1.);
#7695 = DIRECTION('',(0.,0.,1.));
#7696 = CYLINDRICAL_SURFACE('',#7697,4.);
#7697 = AXIS2_PLACEMENT_3D('',#7698,#7699,#7700);
#7698 = CARTESIAN_POINT('',(1.9,0.,0.2));
#7699 = DIRECTION('',(0.,0.,1.));
#7700 = DIRECTION('',(0.923879532511,-0.382683432365,0.));
#7701 = ADVANCED_FACE('',(#7702),#7776,.T.);
#7702 = FACE_BOUND('',#7703,.T.);
#7703 = EDGE_LOOP('',(#7704,#7718,#7727,#7739,#7756,#7757,#7758,#7759));
#7704 = ORIENTED_EDGE('',*,*,#7705,.T.);
#7705 = EDGE_CURVE('',#7706,#7708,#7710,.T.);
#7706 = VERTEX_POINT('',#7707);
#7707 = CARTESIAN_POINT('',(5.896437542525,0.168741837757,1.064979142851
    ));
#7708 = VERTEX_POINT('',#7709);
#7709 = CARTESIAN_POINT('',(5.899999875,9.999999999996E-04,1.));
#7710 = B_SPLINE_CURVE_WITH_KNOTS('',6,(#7711,#7712,#7713,#7714,#7715,
    #7716,#7717),.UNSPECIFIED.,.F.,.F.,(7,7),(0.,1.),
  .PIECEWISE_BEZIER_KNOTS.);
#7711 = CARTESIAN_POINT('',(5.89643916131,0.168742495984,1.064979742851)
  );
#7712 = CARTESIAN_POINT('',(5.897350642525,0.14715527572,1.045302060359)
  );
#7713 = CARTESIAN_POINT('',(5.898260095407,0.122295604606,1.028204517398
    ));
#7714 = CARTESIAN_POINT('',(5.899072361264,9.453823229392E-02,
    1.014519755117));
#7715 = CARTESIAN_POINT('',(5.899676030959,6.452908274921E-02,
    1.004948515948));
#7716 = CARTESIAN_POINT('',(5.899991864662,3.304135249708E-02,1.));
#7717 = CARTESIAN_POINT('',(5.899999875,1.000000000001E-03,1.));
#7718 = ORIENTED_EDGE('',*,*,#7719,.F.);
#7719 = EDGE_CURVE('',#7720,#7708,#7722,.T.);
#7720 = VERTEX_POINT('',#7721);
#7721 = CARTESIAN_POINT('',(5.899999875,-1.000000000001E-03,1.));
#7722 = CIRCLE('',#7723,4.);
#7723 = AXIS2_PLACEMENT_3D('',#7724,#7725,#7726);
#7724 = CARTESIAN_POINT('',(1.9,0.,1.));
#7725 = DIRECTION('',(0.,-0.,1.));
#7726 = DIRECTION('',(0.923879532511,0.382683432365,0.));
#7727 = ORIENTED_EDGE('',*,*,#7728,.T.);
#7728 = EDGE_CURVE('',#7720,#7729,#7731,.T.);
#7729 = VERTEX_POINT('',#7730);
#7730 = CARTESIAN_POINT('',(5.89643757598,-0.168741837757,1.064979142851
    ));
#7731 = B_SPLINE_CURVE_WITH_KNOTS('',6,(#7732,#7733,#7734,#7735,#7736,
    #7737,#7738),.UNSPECIFIED.,.F.,.F.,(7,7),(0.,1.),
  .PIECEWISE_BEZIER_KNOTS.);
#7732 = CARTESIAN_POINT('',(5.899999875,-1.E-03,1.));
#7733 = CARTESIAN_POINT('',(5.899991863981,-3.304407367327E-02,1.));
#7734 = CARTESIAN_POINT('',(5.899675977445,-6.453168531922E-02,
    1.004949365322));
#7735 = CARTESIAN_POINT('',(5.899072310894,-9.453902836702E-02,
    1.014520596256));
#7736 = CARTESIAN_POINT('',(5.898260116753,-0.122294808858,1.02820432424
    ));
#7737 = CARTESIAN_POINT('',(5.89735068532,-0.147154262179,1.045301136472
    ));
#7738 = CARTESIAN_POINT('',(5.89643916131,-0.168742495984,1.064979742851
    ));
#7739 = ORIENTED_EDGE('',*,*,#7740,.T.);
#7740 = EDGE_CURVE('',#7729,#7643,#7741,.T.);
#7741 = B_SPLINE_CURVE_WITH_KNOTS('',5,(#7742,#7743,#7744,#7745,#7746,
    #7747,#7748,#7749,#7750,#7751,#7752,#7753,#7754,#7755),
  .UNSPECIFIED.,.F.,.F.,(6,4,4,6),(-0.191061550688,-2.151857301201E-07,
    3.141592868775,3.332653909447),.UNSPECIFIED.);
#7742 = CARTESIAN_POINT('',(5.522402121451,1.707251388763,1.064979142851
    ));
#7743 = CARTESIAN_POINT('',(5.537025327433,1.67194784661,1.064979142851)
  );
#7744 = CARTESIAN_POINT('',(5.5516485312,1.636644309805,1.064979142851)
  );
#7745 = CARTESIAN_POINT('',(5.566271732752,1.601340778348,1.064979142851
    ));
#7746 = CARTESIAN_POINT('',(5.580894932088,1.566037252239,1.064979142851
    ));
#7747 = CARTESIAN_POINT('',(5.83596518157,0.950243197532,1.064979142851)
  );
#7748 = CARTESIAN_POINT('',(5.962461993741,0.322546011727,1.064979142851
    ));
#7749 = CARTESIAN_POINT('',(5.962462866109,-0.322543928823,
    1.064979142851));
#7750 = CARTESIAN_POINT('',(5.835965625459,-0.950242125891,
    1.064979142851));
#7751 = CARTESIAN_POINT('',(5.580894927658,-1.566037262935,
    1.064979142851));
#7752 = CARTESIAN_POINT('',(5.566271726106,-1.601340794392,
    1.064979142851));
#7753 = CARTESIAN_POINT('',(5.551648524554,-1.636644325849,
    1.064979142851));
#7754 = CARTESIAN_POINT('',(5.537025323003,-1.671947857306,
    1.064979142851));
#7755 = CARTESIAN_POINT('',(5.522402121451,-1.707251388763,
    1.064979142851));
#7756 = ORIENTED_EDGE('',*,*,#7691,.F.);
#7757 = ORIENTED_EDGE('',*,*,#7622,.F.);
#7758 = ORIENTED_EDGE('',*,*,#7684,.T.);
#7759 = ORIENTED_EDGE('',*,*,#7760,.T.);
#7760 = EDGE_CURVE('',#7645,#7706,#7761,.T.);
#7761 = B_SPLINE_CURVE_WITH_KNOTS('',5,(#7762,#7763,#7764,#7765,#7766,
    #7767,#7768,#7769,#7770,#7771,#7772,#7773,#7774,#7775),
  .UNSPECIFIED.,.F.,.F.,(6,4,4,6),(-0.191061550688,-2.151857301201E-07,
    3.141592868775,3.332653909447),.UNSPECIFIED.);
#7762 = CARTESIAN_POINT('',(5.522402121451,1.707251388763,1.064979142851
    ));
#7763 = CARTESIAN_POINT('',(5.537025327433,1.67194784661,1.064979142851)
  );
#7764 = CARTESIAN_POINT('',(5.5516485312,1.636644309805,1.064979142851)
  );
#7765 = CARTESIAN_POINT('',(5.566271732752,1.601340778348,1.064979142851
    ));
#7766 = CARTESIAN_POINT('',(5.580894932088,1.566037252239,1.064979142851
    ));
#7767 = CARTESIAN_POINT('',(5.83596518157,0.950243197532,1.064979142851)
  );
#7768 = CARTESIAN_POINT('',(5.962461993741,0.322546011727,1.064979142851
    ));
#7769 = CARTESIAN_POINT('',(5.962462866109,-0.322543928823,
    1.064979142851));
#7770 = CARTESIAN_POINT('',(5.835965625459,-0.950242125891,
    1.064979142851));
#7771 = CARTESIAN_POINT('',(5.580894927658,-1.566037262935,
    1.064979142851));
#7772 = CARTESIAN_POINT('',(5.566271726106,-1.601340794392,
    1.064979142851));
#7773 = CARTESIAN_POINT('',(5.551648524554,-1.636644325849,
    1.064979142851));
#7774 = CARTESIAN_POINT('',(5.537025323003,-1.671947857306,
    1.064979142851));
#7775 = CARTESIAN_POINT('',(5.522402121451,-1.707251388763,
    1.064979142851));
#7776 = CYLINDRICAL_SURFACE('',#7777,4.);
#7777 = AXIS2_PLACEMENT_3D('',#7778,#7779,#7780);
#7778 = CARTESIAN_POINT('',(1.9,0.,0.2));
#7779 = DIRECTION('',(0.,0.,1.));
#7780 = DIRECTION('',(0.923879532511,0.382683432365,-0.));
#7781 = ADVANCED_FACE('',(#7782),#7849,.T.);
#7782 = FACE_BOUND('',#7783,.T.);
#7783 = EDGE_LOOP('',(#7784,#7797,#7837,#7848));
#7784 = ORIENTED_EDGE('',*,*,#7785,.T.);
#7785 = EDGE_CURVE('',#7643,#7786,#7788,.T.);
#7786 = VERTEX_POINT('',#7787);
#7787 = CARTESIAN_POINT('',(5.521265837206,-1.499977422729,
    1.269338405373));
#7788 = B_SPLINE_CURVE_WITH_KNOTS('',7,(#7789,#7790,#7791,#7792,#7793,
    #7794,#7795,#7796),.UNSPECIFIED.,.F.,.F.,(8,8),(0.,1.),
  .PIECEWISE_BEZIER_KNOTS.);
#7789 = CARTESIAN_POINT('',(5.595518130045,-1.53073372946,1.064979142851
    ));
#7790 = CARTESIAN_POINT('',(5.595518129949,-1.53073372942,1.096357367094
    ));
#7791 = CARTESIAN_POINT('',(5.591980241482,-1.529268288035,
    1.128453896145));
#7792 = CARTESIAN_POINT('',(5.584615698131,-1.526217794299,
    1.160460855173));
#7793 = CARTESIAN_POINT('',(5.573375057823,-1.521561768633,
    1.191397663663));
#7794 = CARTESIAN_POINT('',(5.558623234941,-1.515451363526,
    1.220259993923));
#7795 = CARTESIAN_POINT('',(5.541013548928,-1.50815719275,1.246366418068
    ));
#7796 = CARTESIAN_POINT('',(5.521265837206,-1.499977422729,
    1.269338405373));
#7797 = ORIENTED_EDGE('',*,*,#7798,.T.);
#7798 = EDGE_CURVE('',#7786,#7799,#7801,.T.);
#7799 = VERTEX_POINT('',#7800);
#7800 = CARTESIAN_POINT('',(5.521265837206,1.499977422729,1.269338405373
    ));
#7801 = B_SPLINE_CURVE_WITH_KNOTS('',12,(#7802,#7803,#7804,#7805,#7806,
    #7807,#7808,#7809,#7810,#7811,#7812,#7813,#7814,#7815,#7816,#7817,
    #7818,#7819,#7820,#7821,#7822,#7823,#7824,#7825,#7826,#7827,#7828,
    #7829,#7830,#7831,#7832,#7833,#7834,#7835,#7836),.UNSPECIFIED.,.F.,
  .F.,(13,11,11,13),(-0.936985026533,-3.904377149141E-16,21.991148575128
    ,22.928133601661),.UNSPECIFIED.);
#7802 = CARTESIAN_POINT('',(5.879834483234,-0.634316134445,
    1.269338405373));
#7803 = CARTESIAN_POINT('',(5.849150470086,-0.708393895135,
    1.269338405373));
#7804 = CARTESIAN_POINT('',(5.818612510146,-0.782119052189,
    1.269338405373));
#7805 = CARTESIAN_POINT('',(5.788220603415,-0.855491605606,
    1.269338405373));
#7806 = CARTESIAN_POINT('',(5.757974749892,-0.928511555387,
    1.269338405373));
#7807 = CARTESIAN_POINT('',(5.727874949577,-1.001178901532,
    1.269338405373));
#7808 = CARTESIAN_POINT('',(5.697921202471,-1.07349364404,1.269338405373
    ));
#7809 = CARTESIAN_POINT('',(5.668113508572,-1.145455782912,
    1.269338405373));
#7810 = CARTESIAN_POINT('',(5.638451867882,-1.217065318148,
    1.269338405373));
#7811 = CARTESIAN_POINT('',(5.608936280401,-1.288322249748,
    1.269338405373));
#7812 = CARTESIAN_POINT('',(5.579566746127,-1.359226577711,
    1.269338405373));
#7813 = CARTESIAN_POINT('',(5.550343265062,-1.429778302038,
    1.269338405373));
#7814 = CARTESIAN_POINT('',(4.838815191706,-3.147559026744,
    1.269338405373));
#7815 = CARTESIAN_POINT('',(3.327778655227,-4.481722499633,
    1.269338398608));
#7816 = CARTESIAN_POINT('',(1.146354239583,-5.009719374377,
    1.269338494648));
#7817 = CARTESIAN_POINT('',(-1.191072550608,-4.322549719935,
    1.269338109418));
#7818 = CARTESIAN_POINT('',(-2.934262379221,-2.607273302657,
    1.269338960076));
#7819 = CARTESIAN_POINT('',(-3.805418536059,7.918110611627E-13,
    1.269337729809));
#7820 = CARTESIAN_POINT('',(-2.934262379221,2.607273302655,
    1.269338960076));
#7821 = CARTESIAN_POINT('',(-1.191072550608,4.322549719936,
    1.269338109418));
#7822 = CARTESIAN_POINT('',(1.146354239582,5.009719374377,1.269338494648
    ));
#7823 = CARTESIAN_POINT('',(3.327778655227,4.481722499634,1.269338398608
    ));
#7824 = CARTESIAN_POINT('',(4.838815191706,3.147559026743,1.269338405373
    ));
#7825 = CARTESIAN_POINT('',(5.550343265062,1.429778302038,1.269338405373
    ));
#7826 = CARTESIAN_POINT('',(5.579566746127,1.359226577711,1.269338405373
    ));
#7827 = CARTESIAN_POINT('',(5.608936280401,1.288322249748,1.269338405373
    ));
#7828 = CARTESIAN_POINT('',(5.638451867882,1.217065318148,1.269338405373
    ));
#7829 = CARTESIAN_POINT('',(5.668113508572,1.145455782912,1.269338405373
    ));
#7830 = CARTESIAN_POINT('',(5.697921202471,1.07349364404,1.269338405373)
  );
#7831 = CARTESIAN_POINT('',(5.727874949577,1.001178901532,1.269338405373
    ));
#7832 = CARTESIAN_POINT('',(5.757974749892,0.928511555387,1.269338405373
    ));
#7833 = CARTESIAN_POINT('',(5.788220603415,0.855491605606,1.269338405373
    ));
#7834 = CARTESIAN_POINT('',(5.818612510146,0.782119052189,1.269338405373
    ));
#7835 = CARTESIAN_POINT('',(5.849150470086,0.708393895135,1.269338405373
    ));
#7836 = CARTESIAN_POINT('',(5.879834483234,0.634316134445,1.269338405373
    ));
#7837 = ORIENTED_EDGE('',*,*,#7838,.F.);
#7838 = EDGE_CURVE('',#7645,#7799,#7839,.T.);
#7839 = B_SPLINE_CURVE_WITH_KNOTS('',7,(#7840,#7841,#7842,#7843,#7844,
    #7845,#7846,#7847),.UNSPECIFIED.,.F.,.F.,(8,8),(0.,1.),
  .PIECEWISE_BEZIER_KNOTS.);
#7840 = CARTESIAN_POINT('',(5.595518130045,1.53073372946,1.064979142851)
  );
#7841 = CARTESIAN_POINT('',(5.595518129949,1.530733729421,1.096357367094
    ));
#7842 = CARTESIAN_POINT('',(5.591980241481,1.529268288035,1.128453896145
    ));
#7843 = CARTESIAN_POINT('',(5.584615698133,1.5262177943,1.160460855173)
  );
#7844 = CARTESIAN_POINT('',(5.573375057822,1.521561768633,1.191397663663
    ));
#7845 = CARTESIAN_POINT('',(5.558623234942,1.515451363526,1.220259993923
    ));
#7846 = CARTESIAN_POINT('',(5.541013548928,1.50815719275,1.246366418068)
  );
#7847 = CARTESIAN_POINT('',(5.521265837206,1.499977422729,1.269338405373
    ));
#7848 = ORIENTED_EDGE('',*,*,#7642,.F.);
#7849 = ( BOUNDED_SURFACE() B_SPLINE_SURFACE(2,12,(
    (#7850,#7851,#7852,#7853,#7854,#7855,#7856,#7857,#7858,#7859,#7860
      ,#7861,#7862,#7863,#7864,#7865,#7866,#7867,#7868,#7869,#7870,#7871
      ,#7872,#7873,#7874,#7875,#7876,#7877,#7878,#7879,#7880,#7881,#7882
      ,#7883,#7884)
    ,(#7885,#7886,#7887,#7888,#7889,#7890,#7891,#7892,#7893,#7894,#7895
      ,#7896,#7897,#7898,#7899,#7900,#7901,#7902,#7903,#7904,#7905,#7906
      ,#7907,#7908,#7909,#7910,#7911,#7912,#7913,#7914,#7915,#7916,#7917
      ,#7918,#7919)
    ,(#7920,#7921,#7922,#7923,#7924,#7925,#7926,#7927,#7928,#7929,#7930
      ,#7931,#7932,#7933,#7934,#7935,#7936,#7937,#7938,#7939,#7940,#7941
      ,#7942,#7943,#7944,#7945,#7946,#7947,#7948,#7949,#7950,#7951,#7952
      ,#7953,#7954
)),.UNSPECIFIED.,.F.,.F.,.F.) B_SPLINE_SURFACE_WITH_KNOTS((3,3),(13,11,
    11,13),(0.,21.991148575128),(-0.936985026533,-3.904377149141E-16,
    21.991148575128,22.928133601661),.UNSPECIFIED.) 
GEOMETRIC_REPRESENTATION_ITEM() RATIONAL_B_SPLINE_SURFACE((
    (1.,1.,1.,1.,1.,1.,1.,1.,1.,1.,1.,1.,1.,1.,1.,1.,1.,1.,1.,1.,1.,1.
      ,1.,1.,1.,1.,1.,1.,1.,1.,1.,1.,1.,1.,1.)
    ,(0.93061798229,0.93061798229,0.93061798229,0.93061798229
      ,0.93061798229,0.93061798229,0.93061798229,0.93061798229
      ,0.93061798229,0.93061798229,0.93061798229,0.93061798229
      ,0.93061798229,0.930618018937,0.930617498634,0.930619585654
      ,0.930614977125,0.930621642231,0.930614977125,0.930619585654
      ,0.930617498634,0.930618018937,0.93061798229,0.93061798229
      ,0.93061798229,0.93061798229,0.93061798229,0.93061798229
      ,0.93061798229,0.93061798229,0.93061798229,0.93061798229
      ,0.93061798229,0.93061798229,0.93061798229)
    ,(1.,1.,1.,1.,1.,1.,1.,1.,1.,1.,1.,1.,1.,1.,1.,1.,1.,1.,1.,1.,1.,1.
,1.,1.,1.,1.,1.,1.,1.,1.,1.,1.,1.,1.,1.
))) REPRESENTATION_ITEM('') SURFACE() );
#7850 = CARTESIAN_POINT('',(5.954086776074,-0.665072441177,
    1.064979142851));
#7851 = CARTESIAN_POINT('',(5.923998981426,-0.737710803076,
    1.064979142851));
#7852 = CARTESIAN_POINT('',(5.893948836624,-0.81025827021,1.064979142851
    ));
#7853 = CARTESIAN_POINT('',(5.863936341665,-0.882714842579,
    1.064979142851));
#7854 = CARTESIAN_POINT('',(5.833961496552,-0.955080520182,
    1.064979142851));
#7855 = CARTESIAN_POINT('',(5.804024301283,-1.02735530302,1.064979142851
    ));
#7856 = CARTESIAN_POINT('',(5.774124755858,-1.099539191093,
    1.064979142851));
#7857 = CARTESIAN_POINT('',(5.744262860278,-1.171632184401,
    1.064979142851));
#7858 = CARTESIAN_POINT('',(5.714438614542,-1.243634282943,
    1.064979142851));
#7859 = CARTESIAN_POINT('',(5.684652018651,-1.31554548672,1.064979142851
    ));
#7860 = CARTESIAN_POINT('',(5.654903072605,-1.387365795732,
    1.064979142851));
#7861 = CARTESIAN_POINT('',(5.625191776403,-1.459095209979,
    1.064979142851));
#7862 = CARTESIAN_POINT('',(4.899074166337,-3.212098192077,
    1.064979142851));
#7863 = CARTESIAN_POINT('',(3.357109308849,-4.573423217124,1.06497918007
    ));
#7864 = CARTESIAN_POINT('',(1.131303951111,-5.112736414364,
    1.064978651647));
#7865 = CARTESIAN_POINT('',(-1.255436362495,-4.411191522451,
    1.064980771239));
#7866 = CARTESIAN_POINT('',(-3.032460530859,-2.66037689618,
    1.064976090786));
#7867 = CARTESIAN_POINT('',(-3.923138705167,6.707079336365E-12,
    1.064982859912));
#7868 = CARTESIAN_POINT('',(-3.032460530858,2.660376896167,
    1.064976090786));
#7869 = CARTESIAN_POINT('',(-1.255436362497,4.41119152246,1.064980771239
    ));
#7870 = CARTESIAN_POINT('',(1.131303951112,5.11273641436,1.064978651647)
  );
#7871 = CARTESIAN_POINT('',(3.357109308848,4.573423217126,1.06497918007)
  );
#7872 = CARTESIAN_POINT('',(4.899074166337,3.212098192077,1.064979142851
    ));
#7873 = CARTESIAN_POINT('',(5.625191776403,1.459095209979,1.064979142851
    ));
#7874 = CARTESIAN_POINT('',(5.654903072605,1.387365795732,1.064979142851
    ));
#7875 = CARTESIAN_POINT('',(5.684652018651,1.315545486721,1.064979142851
    ));
#7876 = CARTESIAN_POINT('',(5.714438614542,1.243634282943,1.064979142851
    ));
#7877 = CARTESIAN_POINT('',(5.744262860278,1.171632184401,1.064979142851
    ));
#7878 = CARTESIAN_POINT('',(5.774124755858,1.099539191093,1.064979142851
    ));
#7879 = CARTESIAN_POINT('',(5.804024301283,1.02735530302,1.064979142851)
  );
#7880 = CARTESIAN_POINT('',(5.833961496552,0.955080520182,1.064979142851
    ));
#7881 = CARTESIAN_POINT('',(5.863936341665,0.882714842579,1.064979142851
    ));
#7882 = CARTESIAN_POINT('',(5.893948836624,0.81025827021,1.064979142851)
  );
#7883 = CARTESIAN_POINT('',(5.923998981426,0.737710803076,1.064979142851
    ));
#7884 = CARTESIAN_POINT('',(5.954086776074,0.665072441177,1.064979142851
    ));
#7885 = CARTESIAN_POINT('',(5.954086776074,-0.665072441177,
    1.182962690499));
#7886 = CARTESIAN_POINT('',(5.923998981426,-0.737710803076,
    1.182962690499));
#7887 = CARTESIAN_POINT('',(5.893948836624,-0.81025827021,1.182962690499
    ));
#7888 = CARTESIAN_POINT('',(5.863936341665,-0.882714842579,
    1.182962690499));
#7889 = CARTESIAN_POINT('',(5.833961496552,-0.955080520182,
    1.182962690499));
#7890 = CARTESIAN_POINT('',(5.804024301283,-1.02735530302,1.182962690499
    ));
#7891 = CARTESIAN_POINT('',(5.774124755858,-1.099539191093,
    1.182962690499));
#7892 = CARTESIAN_POINT('',(5.744262860278,-1.171632184401,
    1.182962690499));
#7893 = CARTESIAN_POINT('',(5.714438614542,-1.243634282943,
    1.182962690499));
#7894 = CARTESIAN_POINT('',(5.684652018651,-1.31554548672,1.182962690499
    ));
#7895 = CARTESIAN_POINT('',(5.654903072605,-1.387365795732,
    1.182962690499));
#7896 = CARTESIAN_POINT('',(5.625191776403,-1.459095209979,
    1.182962690499));
#7897 = CARTESIAN_POINT('',(4.899074166337,-3.212098192077,
    1.182962690499));
#7898 = CARTESIAN_POINT('',(3.357109093586,-4.573422979264,
    1.182962693033));
#7899 = CARTESIAN_POINT('',(1.13130387212,-5.112738672084,1.182962657061
    ));
#7900 = CARTESIAN_POINT('',(-1.255431412496,-4.411185089138,
    1.182962801351));
#7901 = CARTESIAN_POINT('',(-3.032475699115,-2.660384277889,
    1.18296248273));
#7902 = CARTESIAN_POINT('',(-3.923116699976,5.86419801607E-12,
    1.182962943537));
#7903 = CARTESIAN_POINT('',(-3.032475699115,2.660384277879,1.18296248273
    ));
#7904 = CARTESIAN_POINT('',(-1.255431412496,4.411185089144,
    1.182962801351));
#7905 = CARTESIAN_POINT('',(1.13130387212,5.112738672081,1.182962657061)
  );
#7906 = CARTESIAN_POINT('',(3.357109093585,4.573422979265,1.182962693033
    ));
#7907 = CARTESIAN_POINT('',(4.899074166337,3.212098192077,1.182962690499
    ));
#7908 = CARTESIAN_POINT('',(5.625191776403,1.459095209979,1.182962690499
    ));
#7909 = CARTESIAN_POINT('',(5.654903072605,1.387365795732,1.182962690499
    ));
#7910 = CARTESIAN_POINT('',(5.684652018651,1.315545486721,1.182962690499
    ));
#7911 = CARTESIAN_POINT('',(5.714438614542,1.243634282943,1.182962690499
    ));
#7912 = CARTESIAN_POINT('',(5.744262860278,1.171632184401,1.182962690499
    ));
#7913 = CARTESIAN_POINT('',(5.774124755858,1.099539191093,1.182962690499
    ));
#7914 = CARTESIAN_POINT('',(5.804024301283,1.02735530302,1.182962690499)
  );
#7915 = CARTESIAN_POINT('',(5.833961496552,0.955080520182,1.182962690499
    ));
#7916 = CARTESIAN_POINT('',(5.863936341666,0.882714842579,1.182962690499
    ));
#7917 = CARTESIAN_POINT('',(5.893948836624,0.81025827021,1.182962690499)
  );
#7918 = CARTESIAN_POINT('',(5.923998981426,0.737710803076,1.182962690499
    ));
#7919 = CARTESIAN_POINT('',(5.954086776074,0.665072441177,1.182962690499
    ));
#7920 = CARTESIAN_POINT('',(5.879834483234,-0.634316134445,
    1.269338405373));
#7921 = CARTESIAN_POINT('',(5.849150470086,-0.708393895135,
    1.269338405373));
#7922 = CARTESIAN_POINT('',(5.818612510146,-0.782119052189,
    1.269338405373));
#7923 = CARTESIAN_POINT('',(5.788220603415,-0.855491605606,
    1.269338405373));
#7924 = CARTESIAN_POINT('',(5.757974749892,-0.928511555387,
    1.269338405373));
#7925 = CARTESIAN_POINT('',(5.727874949577,-1.001178901532,
    1.269338405373));
#7926 = CARTESIAN_POINT('',(5.697921202471,-1.07349364404,1.269338405373
    ));
#7927 = CARTESIAN_POINT('',(5.668113508572,-1.145455782912,
    1.269338405373));
#7928 = CARTESIAN_POINT('',(5.638451867882,-1.217065318148,
    1.269338405373));
#7929 = CARTESIAN_POINT('',(5.608936280401,-1.288322249748,
    1.269338405373));
#7930 = CARTESIAN_POINT('',(5.579566746127,-1.359226577711,
    1.269338405373));
#7931 = CARTESIAN_POINT('',(5.550343265062,-1.429778302038,
    1.269338405373));
#7932 = CARTESIAN_POINT('',(4.838815191706,-3.147559026744,
    1.269338405373));
#7933 = CARTESIAN_POINT('',(3.327778655227,-4.481722499633,
    1.269338398608));
#7934 = CARTESIAN_POINT('',(1.146354239583,-5.009719374377,
    1.269338494648));
#7935 = CARTESIAN_POINT('',(-1.191072550608,-4.322549719935,
    1.269338109418));
#7936 = CARTESIAN_POINT('',(-2.934262379221,-2.607273302657,
    1.269338960076));
#7937 = CARTESIAN_POINT('',(-3.805418536059,7.918110611627E-13,
    1.269337729809));
#7938 = CARTESIAN_POINT('',(-2.934262379221,2.607273302655,
    1.269338960076));
#7939 = CARTESIAN_POINT('',(-1.191072550608,4.322549719936,
    1.269338109418));
#7940 = CARTESIAN_POINT('',(1.146354239582,5.009719374377,1.269338494648
    ));
#7941 = CARTESIAN_POINT('',(3.327778655227,4.481722499634,1.269338398608
    ));
#7942 = CARTESIAN_POINT('',(4.838815191706,3.147559026743,1.269338405373
    ));
#7943 = CARTESIAN_POINT('',(5.550343265062,1.429778302038,1.269338405373
    ));
#7944 = CARTESIAN_POINT('',(5.579566746127,1.359226577711,1.269338405373
    ));
#7945 = CARTESIAN_POINT('',(5.608936280401,1.288322249748,1.269338405373
    ));
#7946 = CARTESIAN_POINT('',(5.638451867882,1.217065318148,1.269338405373
    ));
#7947 = CARTESIAN_POINT('',(5.668113508572,1.145455782912,1.269338405373
    ));
#7948 = CARTESIAN_POINT('',(5.697921202471,1.07349364404,1.269338405373)
  );
#7949 = CARTESIAN_POINT('',(5.727874949577,1.001178901532,1.269338405373
    ));
#7950 = CARTESIAN_POINT('',(5.757974749892,0.928511555387,1.269338405373
    ));
#7951 = CARTESIAN_POINT('',(5.788220603415,0.855491605606,1.269338405373
    ));
#7952 = CARTESIAN_POINT('',(5.818612510146,0.782119052189,1.269338405373
    ));
#7953 = CARTESIAN_POINT('',(5.849150470086,0.708393895135,1.269338405373
    ));
#7954 = CARTESIAN_POINT('',(5.879834483234,0.634316134445,1.269338405373
    ));
#7955 = ADVANCED_FACE('',(#7956),#8006,.T.);
#7956 = FACE_BOUND('',#7957,.T.);
#7957 = EDGE_LOOP('',(#7958,#7959,#7960,#7979,#7989));
#7958 = ORIENTED_EDGE('',*,*,#7760,.F.);
#7959 = ORIENTED_EDGE('',*,*,#7838,.T.);
#7960 = ORIENTED_EDGE('',*,*,#7961,.T.);
#7961 = EDGE_CURVE('',#7799,#7962,#7964,.T.);
#7962 = VERTEX_POINT('',#7963);
#7963 = CARTESIAN_POINT('',(5.811647793677,0.25,1.269338405373));
#7964 = B_SPLINE_CURVE_WITH_KNOTS('',5,(#7965,#7966,#7967,#7968,#7969,
    #7970,#7971,#7972,#7973,#7974,#7975,#7976,#7977,#7978),
  .UNSPECIFIED.,.F.,.F.,(6,4,4,6),(-0.191061550688,-2.151857301201E-07,
    3.141592868775,3.332653909447),.UNSPECIFIED.);
#7965 = CARTESIAN_POINT('',(5.448149830458,1.676495078117,1.269338405373
    ));
#7966 = CARTESIAN_POINT('',(5.463066853612,1.640482198454,1.269338405373
    ));
#7967 = CARTESIAN_POINT('',(5.477836965945,1.604823992887,1.269338405373
    ));
#7968 = CARTESIAN_POINT('',(5.492460167458,1.569520461414,1.269338405373
    ));
#7969 = CARTESIAN_POINT('',(5.506936458151,1.534571604036,1.269338405373
    ));
#7970 = CARTESIAN_POINT('',(5.756881697134,0.931150417301,1.269338405373
    ));
#7971 = CARTESIAN_POINT('',(5.88083687571,0.316065314559,1.269338405373)
  );
#7972 = CARTESIAN_POINT('',(5.880837708841,-0.316063339932,
    1.269338405373));
#7973 = CARTESIAN_POINT('',(5.756882149941,-0.931149324128,
    1.269338405373));
#7974 = CARTESIAN_POINT('',(5.506936452725,-1.534571617136,
    1.269338405373));
#7975 = CARTESIAN_POINT('',(5.492460159319,-1.569520481064,
    1.269338405373));
#7976 = CARTESIAN_POINT('',(5.477836957806,-1.604824012537,
    1.269338405373));
#7977 = CARTESIAN_POINT('',(5.463066848185,-1.640482211555,
    1.269338405373));
#7978 = CARTESIAN_POINT('',(5.448149830458,-1.676495078117,
    1.269338405373));
#7979 = ORIENTED_EDGE('',*,*,#7980,.T.);
#7980 = EDGE_CURVE('',#7962,#7981,#7983,.T.);
#7981 = VERTEX_POINT('',#7982);
#7982 = CARTESIAN_POINT('',(5.828984083145,0.25,1.249));
#7983 = B_SPLINE_CURVE_WITH_KNOTS('',4,(#7984,#7985,#7986,#7987,#7988),
  .UNSPECIFIED.,.F.,.F.,(5,5),(0.,1.),.PIECEWISE_BEZIER_KNOTS.);
#7984 = CARTESIAN_POINT('',(5.811647793677,0.25,1.269338405373));
#7985 = CARTESIAN_POINT('',(5.816172943937,0.25,1.264485014872));
#7986 = CARTESIAN_POINT('',(5.82057841053,0.25,1.259473225497));
#7987 = CARTESIAN_POINT('',(5.824852442432,0.25,1.254308848028));
#7988 = CARTESIAN_POINT('',(5.828984083145,0.25,1.249));
#7989 = ORIENTED_EDGE('',*,*,#7990,.T.);
#7990 = EDGE_CURVE('',#7981,#7706,#7991,.T.);
#7991 = B_SPLINE_CURVE_WITH_KNOTS('',7,(#7992,#7993,#7994,#7995,#7996,
    #7997,#7998,#7999,#8000,#8001,#8002,#8003,#8004,#8005),
  .UNSPECIFIED.,.F.,.F.,(8,6,8),(0.,0.547373791486,1.),.UNSPECIFIED.);
#7992 = CARTESIAN_POINT('',(5.828984083145,0.25,1.249));
#7993 = CARTESIAN_POINT('',(5.83900704194,0.25,1.23612124925));
#7994 = CARTESIAN_POINT('',(5.848250429452,0.249222734344,1.222621692984
    ));
#7995 = CARTESIAN_POINT('',(5.856656967938,0.247534032705,1.20859168498)
  );
#7996 = CARTESIAN_POINT('',(5.864180415946,0.244805279194,1.194138019571
    ));
#7997 = CARTESIAN_POINT('',(5.87079118504,0.24092137658,1.179381114584)
  );
#7998 = CARTESIAN_POINT('',(5.87647986344,0.235774737481,1.16445008712)
  );
#7999 = CARTESIAN_POINT('',(5.885210246943,0.223846079091,1.1370933426)
  );
#8000 = CARTESIAN_POINT('',(5.888537836842,0.21750392477,1.124687078733)
  );
#8001 = CARTESIAN_POINT('',(5.891251085299,0.210148320624,1.112325730091
    ));
#8002 = CARTESIAN_POINT('',(5.893365382846,0.201708128923,1.100085787139
    ));
#8003 = CARTESIAN_POINT('',(5.894906371446,0.192085486888,1.088053352377
    ));
#8004 = CARTESIAN_POINT('',(5.895912395047,0.18118022123,1.076317191275)
  );
#8005 = CARTESIAN_POINT('',(5.896437542525,0.168741837757,1.064979142851
    ));
#8006 = ( BOUNDED_SURFACE() B_SPLINE_SURFACE(2,5,(
    (#8007,#8008,#8009,#8010,#8011,#8012,#8013,#8014,#8015,#8016,#8017
      ,#8018,#8019,#8020)
    ,(#8021,#8022,#8023,#8024,#8025,#8026,#8027,#8028,#8029,#8030,#8031
      ,#8032,#8033,#8034)
    ,(#8035,#8036,#8037,#8038,#8039,#8040,#8041,#8042,#8043,#8044,#8045
      ,#8046,#8047,#8048
)),.UNSPECIFIED.,.F.,.F.,.F.) B_SPLINE_SURFACE_WITH_KNOTS((3,3),(6,4,4,6
    ),(0.,3.141593083961),(-0.191061550688,-2.151857301201E-07,
    3.141592868775,3.332653909447),.UNSPECIFIED.) 
GEOMETRIC_REPRESENTATION_ITEM() RATIONAL_B_SPLINE_SURFACE((
    (1.,1.,1.,1.,1.,1.,1.,1.,1.,1.,1.,1.,1.,1.)
    ,(0.93061798229,0.93061798229,0.93061798229,0.93061798229
      ,0.93061798229,0.93061798229,0.93061798229,0.93061798229
      ,0.93061798229,0.93061798229,0.93061798229,0.93061798229
      ,0.93061798229,0.93061798229)
,(1.,1.,1.,1.,1.,1.,1.,1.,1.,1.,1.,1.,1.,1.
))) REPRESENTATION_ITEM('') SURFACE() );
#8007 = CARTESIAN_POINT('',(5.522402121451,1.707251388763,1.064979142851
    ));
#8008 = CARTESIAN_POINT('',(5.537025327433,1.67194784661,1.064979142851)
  );
#8009 = CARTESIAN_POINT('',(5.5516485312,1.636644309805,1.064979142851)
  );
#8010 = CARTESIAN_POINT('',(5.566271732752,1.601340778348,1.064979142851
    ));
#8011 = CARTESIAN_POINT('',(5.580894932088,1.566037252239,1.064979142851
    ));
#8012 = CARTESIAN_POINT('',(5.83596518157,0.950243197532,1.064979142851)
  );
#8013 = CARTESIAN_POINT('',(5.962461993741,0.322546011727,1.064979142851
    ));
#8014 = CARTESIAN_POINT('',(5.962462866109,-0.322543928823,
    1.064979142851));
#8015 = CARTESIAN_POINT('',(5.835965625459,-0.950242125891,
    1.064979142851));
#8016 = CARTESIAN_POINT('',(5.580894927658,-1.566037262935,
    1.064979142851));
#8017 = CARTESIAN_POINT('',(5.566271726106,-1.601340794392,
    1.064979142851));
#8018 = CARTESIAN_POINT('',(5.551648524554,-1.636644325849,
    1.064979142851));
#8019 = CARTESIAN_POINT('',(5.537025323003,-1.671947857306,
    1.064979142851));
#8020 = CARTESIAN_POINT('',(5.522402121451,-1.707251388763,
    1.064979142851));
#8021 = CARTESIAN_POINT('',(5.522402121451,1.707251388763,1.182962690499
    ));
#8022 = CARTESIAN_POINT('',(5.537025327433,1.67194784661,1.182962690499)
  );
#8023 = CARTESIAN_POINT('',(5.5516485312,1.636644309805,1.182962690499)
  );
#8024 = CARTESIAN_POINT('',(5.566271732752,1.601340778348,1.182962690499
    ));
#8025 = CARTESIAN_POINT('',(5.580894932088,1.566037252239,1.182962690499
    ));
#8026 = CARTESIAN_POINT('',(5.83596518157,0.950243197532,1.182962690499)
  );
#8027 = CARTESIAN_POINT('',(5.962461993741,0.322546011727,1.182962690499
    ));
#8028 = CARTESIAN_POINT('',(5.962462866109,-0.322543928823,
    1.182962690499));
#8029 = CARTESIAN_POINT('',(5.835965625459,-0.950242125891,
    1.182962690499));
#8030 = CARTESIAN_POINT('',(5.580894927658,-1.566037262935,
    1.182962690499));
#8031 = CARTESIAN_POINT('',(5.566271726106,-1.601340794392,
    1.182962690499));
#8032 = CARTESIAN_POINT('',(5.551648524554,-1.636644325849,
    1.182962690499));
#8033 = CARTESIAN_POINT('',(5.537025323003,-1.671947857306,
    1.182962690499));
#8034 = CARTESIAN_POINT('',(5.522402121451,-1.707251388763,
    1.182962690499));
#8035 = CARTESIAN_POINT('',(5.448149830458,1.676495078117,1.269338405373
    ));
#8036 = CARTESIAN_POINT('',(5.463066853612,1.640482198454,1.269338405373
    ));
#8037 = CARTESIAN_POINT('',(5.477836965945,1.604823992887,1.269338405373
    ));
#8038 = CARTESIAN_POINT('',(5.492460167458,1.569520461414,1.269338405373
    ));
#8039 = CARTESIAN_POINT('',(5.506936458151,1.534571604036,1.269338405373
    ));
#8040 = CARTESIAN_POINT('',(5.756881697134,0.931150417301,1.269338405373
    ));
#8041 = CARTESIAN_POINT('',(5.88083687571,0.316065314559,1.269338405373)
  );
#8042 = CARTESIAN_POINT('',(5.880837708841,-0.316063339932,
    1.269338405373));
#8043 = CARTESIAN_POINT('',(5.756882149941,-0.931149324128,
    1.269338405373));
#8044 = CARTESIAN_POINT('',(5.506936452725,-1.534571617136,
    1.269338405373));
#8045 = CARTESIAN_POINT('',(5.492460159319,-1.569520481064,
    1.269338405373));
#8046 = CARTESIAN_POINT('',(5.477836957806,-1.604824012537,
    1.269338405373));
#8047 = CARTESIAN_POINT('',(5.463066848185,-1.640482211555,
    1.269338405373));
#8048 = CARTESIAN_POINT('',(5.448149830458,-1.676495078117,
    1.269338405373));
#8049 = ADVANCED_FACE('',(#8050),#8072,.T.);
#8050 = FACE_BOUND('',#8051,.T.);
#8051 = EDGE_LOOP('',(#8052,#8053,#8054,#8055));
#8052 = ORIENTED_EDGE('',*,*,#7728,.F.);
#8053 = ORIENTED_EDGE('',*,*,#7719,.T.);
#8054 = ORIENTED_EDGE('',*,*,#7705,.F.);
#8055 = ORIENTED_EDGE('',*,*,#8056,.T.);
#8056 = EDGE_CURVE('',#7706,#7729,#8057,.T.);
#8057 = B_SPLINE_CURVE_WITH_KNOTS('',5,(#8058,#8059,#8060,#8061,#8062,
    #8063,#8064,#8065,#8066,#8067,#8068,#8069,#8070,#8071),
  .UNSPECIFIED.,.F.,.F.,(6,4,4,6),(-0.191061550688,-2.151857301201E-07,
    3.141592868775,3.332653909447),.UNSPECIFIED.);
#8058 = CARTESIAN_POINT('',(5.522402121451,1.707251388763,1.064979142851
    ));
#8059 = CARTESIAN_POINT('',(5.537025327433,1.67194784661,1.064979142851)
  );
#8060 = CARTESIAN_POINT('',(5.5516485312,1.636644309805,1.064979142851)
  );
#8061 = CARTESIAN_POINT('',(5.566271732752,1.601340778348,1.064979142851
    ));
#8062 = CARTESIAN_POINT('',(5.580894932088,1.566037252239,1.064979142851
    ));
#8063 = CARTESIAN_POINT('',(5.83596518157,0.950243197532,1.064979142851)
  );
#8064 = CARTESIAN_POINT('',(5.962461993741,0.322546011727,1.064979142851
    ));
#8065 = CARTESIAN_POINT('',(5.962462866109,-0.322543928823,
    1.064979142851));
#8066 = CARTESIAN_POINT('',(5.835965625459,-0.950242125891,
    1.064979142851));
#8067 = CARTESIAN_POINT('',(5.580894927658,-1.566037262935,
    1.064979142851));
#8068 = CARTESIAN_POINT('',(5.566271726106,-1.601340794392,
    1.064979142851));
#8069 = CARTESIAN_POINT('',(5.551648524554,-1.636644325849,
    1.064979142851));
#8070 = CARTESIAN_POINT('',(5.537025323003,-1.671947857306,
    1.064979142851));
#8071 = CARTESIAN_POINT('',(5.522402121451,-1.707251388763,
    1.064979142851));
#8072 = CYLINDRICAL_SURFACE('',#8073,4.);
#8073 = AXIS2_PLACEMENT_3D('',#8074,#8075,#8076);
#8074 = CARTESIAN_POINT('',(1.9,0.,0.2));
#8075 = DIRECTION('',(0.,0.,1.));
#8076 = DIRECTION('',(0.923879532511,0.382683432365,-0.));
#8077 = ADVANCED_FACE('',(#8078),#8128,.T.);
#8078 = FACE_BOUND('',#8079,.T.);
#8079 = EDGE_LOOP('',(#8080,#8081,#8100,#8110,#8127));
#8080 = ORIENTED_EDGE('',*,*,#7740,.F.);
#8081 = ORIENTED_EDGE('',*,*,#8082,.F.);
#8082 = EDGE_CURVE('',#8083,#7729,#8085,.T.);
#8083 = VERTEX_POINT('',#8084);
#8084 = CARTESIAN_POINT('',(5.828984132973,-0.25,1.249));
#8085 = B_SPLINE_CURVE_WITH_KNOTS('',7,(#8086,#8087,#8088,#8089,#8090,
    #8091,#8092,#8093,#8094,#8095,#8096,#8097,#8098,#8099),
  .UNSPECIFIED.,.F.,.F.,(8,6,8),(0.,0.547393516269,1.),.UNSPECIFIED.);
#8086 = CARTESIAN_POINT('',(5.828984132973,-0.25,1.249));
#8087 = CARTESIAN_POINT('',(5.839007452725,-0.250000000009,
    1.236120785147));
#8088 = CARTESIAN_POINT('',(5.848251143811,-0.249222678341,
    1.222620721418));
#8089 = CARTESIAN_POINT('',(5.856657925033,-0.247533850285,
    1.208590168931));
#8090 = CARTESIAN_POINT('',(5.864181548253,-0.244804886091,
    1.194135936751));
#8091 = CARTESIAN_POINT('',(5.870792422554,-0.240920677046,
    1.179378457191));
#8092 = CARTESIAN_POINT('',(5.876481139052,-0.23577362511,1.164446860005
    ));
#8093 = CARTESIAN_POINT('',(5.885211160733,-0.223844421,1.137090099129)
  );
#8094 = CARTESIAN_POINT('',(5.888538470523,-0.217502322352,
    1.124684385606));
#8095 = CARTESIAN_POINT('',(5.891251494922,-0.2101468495,1.11232359712)
  );
#8096 = CARTESIAN_POINT('',(5.893365623852,-0.201706871525,
    1.100084214723));
#8097 = CARTESIAN_POINT('',(5.894906496957,-0.1920845368,1.088052329877)
  );
#8098 = CARTESIAN_POINT('',(5.895912453738,-0.181179679181,
    1.076316697177));
#8099 = CARTESIAN_POINT('',(5.89643757598,-0.168741837757,1.064979142851
    ));
#8100 = ORIENTED_EDGE('',*,*,#8101,.F.);
#8101 = EDGE_CURVE('',#8102,#8083,#8104,.T.);
#8102 = VERTEX_POINT('',#8103);
#8103 = CARTESIAN_POINT('',(5.81164784396,-0.25,1.269338405373));
#8104 = B_SPLINE_CURVE_WITH_KNOTS('',4,(#8105,#8106,#8107,#8108,#8109),
  .UNSPECIFIED.,.F.,.F.,(5,5),(0.,1.),.PIECEWISE_BEZIER_KNOTS.);
#8105 = CARTESIAN_POINT('',(5.81164784396,-0.25,1.269338405373));
#8106 = CARTESIAN_POINT('',(5.816172994101,-0.25,1.264485014872));
#8107 = CARTESIAN_POINT('',(5.820578460579,-0.25,1.259473225496));
#8108 = CARTESIAN_POINT('',(5.824852492368,-0.25,1.254308848027));
#8109 = CARTESIAN_POINT('',(5.828984132973,-0.25,1.249));
#8110 = ORIENTED_EDGE('',*,*,#8111,.T.);
#8111 = EDGE_CURVE('',#8102,#7786,#8112,.T.);
#8112 = B_SPLINE_CURVE_WITH_KNOTS('',5,(#8113,#8114,#8115,#8116,#8117,
    #8118,#8119,#8120,#8121,#8122,#8123,#8124,#8125,#8126),
  .UNSPECIFIED.,.F.,.F.,(6,4,4,6),(-0.191061550688,-2.151857301201E-07,
    3.141592868775,3.332653909447),.UNSPECIFIED.);
#8113 = CARTESIAN_POINT('',(5.448149830458,1.676495078117,1.269338405373
    ));
#8114 = CARTESIAN_POINT('',(5.463066853612,1.640482198454,1.269338405373
    ));
#8115 = CARTESIAN_POINT('',(5.477836965945,1.604823992887,1.269338405373
    ));
#8116 = CARTESIAN_POINT('',(5.492460167458,1.569520461414,1.269338405373
    ));
#8117 = CARTESIAN_POINT('',(5.506936458151,1.534571604036,1.269338405373
    ));
#8118 = CARTESIAN_POINT('',(5.756881697134,0.931150417301,1.269338405373
    ));
#8119 = CARTESIAN_POINT('',(5.88083687571,0.316065314559,1.269338405373)
  );
#8120 = CARTESIAN_POINT('',(5.880837708841,-0.316063339932,
    1.269338405373));
#8121 = CARTESIAN_POINT('',(5.756882149941,-0.931149324128,
    1.269338405373));
#8122 = CARTESIAN_POINT('',(5.506936452725,-1.534571617136,
    1.269338405373));
#8123 = CARTESIAN_POINT('',(5.492460159319,-1.569520481064,
    1.269338405373));
#8124 = CARTESIAN_POINT('',(5.477836957806,-1.604824012537,
    1.269338405373));
#8125 = CARTESIAN_POINT('',(5.463066848185,-1.640482211555,
    1.269338405373));
#8126 = CARTESIAN_POINT('',(5.448149830458,-1.676495078117,
    1.269338405373));
#8127 = ORIENTED_EDGE('',*,*,#7785,.F.);
#8128 = ( BOUNDED_SURFACE() B_SPLINE_SURFACE(2,5,(
    (#8129,#8130,#8131,#8132,#8133,#8134,#8135,#8136,#8137,#8138,#8139
      ,#8140,#8141,#8142)
    ,(#8143,#8144,#8145,#8146,#8147,#8148,#8149,#8150,#8151,#8152,#8153
      ,#8154,#8155,#8156)
    ,(#8157,#8158,#8159,#8160,#8161,#8162,#8163,#8164,#8165,#8166,#8167
      ,#8168,#8169,#8170
)),.UNSPECIFIED.,.F.,.F.,.F.) B_SPLINE_SURFACE_WITH_KNOTS((3,3),(6,4,4,6
    ),(0.,3.141593083961),(-0.191061550688,-2.151857301201E-07,
    3.141592868775,3.332653909447),.UNSPECIFIED.) 
GEOMETRIC_REPRESENTATION_ITEM() RATIONAL_B_SPLINE_SURFACE((
    (1.,1.,1.,1.,1.,1.,1.,1.,1.,1.,1.,1.,1.,1.)
    ,(0.93061798229,0.93061798229,0.93061798229,0.93061798229
      ,0.93061798229,0.93061798229,0.93061798229,0.93061798229
      ,0.93061798229,0.93061798229,0.93061798229,0.93061798229
      ,0.93061798229,0.93061798229)
,(1.,1.,1.,1.,1.,1.,1.,1.,1.,1.,1.,1.,1.,1.
))) REPRESENTATION_ITEM('') SURFACE() );
#8129 = CARTESIAN_POINT('',(5.522402121451,1.707251388763,1.064979142851
    ));
#8130 = CARTESIAN_POINT('',(5.537025327433,1.67194784661,1.064979142851)
  );
#8131 = CARTESIAN_POINT('',(5.5516485312,1.636644309805,1.064979142851)
  );
#8132 = CARTESIAN_POINT('',(5.566271732752,1.601340778348,1.064979142851
    ));
#8133 = CARTESIAN_POINT('',(5.580894932088,1.566037252239,1.064979142851
    ));
#8134 = CARTESIAN_POINT('',(5.83596518157,0.950243197532,1.064979142851)
  );
#8135 = CARTESIAN_POINT('',(5.962461993741,0.322546011727,1.064979142851
    ));
#8136 = CARTESIAN_POINT('',(5.962462866109,-0.322543928823,
    1.064979142851));
#8137 = CARTESIAN_POINT('',(5.835965625459,-0.950242125891,
    1.064979142851));
#8138 = CARTESIAN_POINT('',(5.580894927658,-1.566037262935,
    1.064979142851));
#8139 = CARTESIAN_POINT('',(5.566271726106,-1.601340794392,
    1.064979142851));
#8140 = CARTESIAN_POINT('',(5.551648524554,-1.636644325849,
    1.064979142851));
#8141 = CARTESIAN_POINT('',(5.537025323003,-1.671947857306,
    1.064979142851));
#8142 = CARTESIAN_POINT('',(5.522402121451,-1.707251388763,
    1.064979142851));
#8143 = CARTESIAN_POINT('',(5.522402121451,1.707251388763,1.182962690499
    ));
#8144 = CARTESIAN_POINT('',(5.537025327433,1.67194784661,1.182962690499)
  );
#8145 = CARTESIAN_POINT('',(5.5516485312,1.636644309805,1.182962690499)
  );
#8146 = CARTESIAN_POINT('',(5.566271732752,1.601340778348,1.182962690499
    ));
#8147 = CARTESIAN_POINT('',(5.580894932088,1.566037252239,1.182962690499
    ));
#8148 = CARTESIAN_POINT('',(5.83596518157,0.950243197532,1.182962690499)
  );
#8149 = CARTESIAN_POINT('',(5.962461993741,0.322546011727,1.182962690499
    ));
#8150 = CARTESIAN_POINT('',(5.962462866109,-0.322543928823,
    1.182962690499));
#8151 = CARTESIAN_POINT('',(5.835965625459,-0.950242125891,
    1.182962690499));
#8152 = CARTESIAN_POINT('',(5.580894927658,-1.566037262935,
    1.182962690499));
#8153 = CARTESIAN_POINT('',(5.566271726106,-1.601340794392,
    1.182962690499));
#8154 = CARTESIAN_POINT('',(5.551648524554,-1.636644325849,
    1.182962690499));
#8155 = CARTESIAN_POINT('',(5.537025323003,-1.671947857306,
    1.182962690499));
#8156 = CARTESIAN_POINT('',(5.522402121451,-1.707251388763,
    1.182962690499));
#8157 = CARTESIAN_POINT('',(5.448149830458,1.676495078117,1.269338405373
    ));
#8158 = CARTESIAN_POINT('',(5.463066853612,1.640482198454,1.269338405373
    ));
#8159 = CARTESIAN_POINT('',(5.477836965945,1.604823992887,1.269338405373
    ));
#8160 = CARTESIAN_POINT('',(5.492460167458,1.569520461414,1.269338405373
    ));
#8161 = CARTESIAN_POINT('',(5.506936458151,1.534571604036,1.269338405373
    ));
#8162 = CARTESIAN_POINT('',(5.756881697134,0.931150417301,1.269338405373
    ));
#8163 = CARTESIAN_POINT('',(5.88083687571,0.316065314559,1.269338405373)
  );
#8164 = CARTESIAN_POINT('',(5.880837708841,-0.316063339932,
    1.269338405373));
#8165 = CARTESIAN_POINT('',(5.756882149941,-0.931149324128,
    1.269338405373));
#8166 = CARTESIAN_POINT('',(5.506936452725,-1.534571617136,
    1.269338405373));
#8167 = CARTESIAN_POINT('',(5.492460159319,-1.569520481064,
    1.269338405373));
#8168 = CARTESIAN_POINT('',(5.477836957806,-1.604824012537,
    1.269338405373));
#8169 = CARTESIAN_POINT('',(5.463066848185,-1.640482211555,
    1.269338405373));
#8170 = CARTESIAN_POINT('',(5.448149830458,-1.676495078117,
    1.269338405373));
#8171 = ADVANCED_FACE('',(#8172),#8231,.F.);
#8172 = FACE_BOUND('',#8173,.F.);
#8173 = EDGE_LOOP('',(#8174,#8183,#8184,#8193));
#8174 = ORIENTED_EDGE('',*,*,#8175,.F.);
#8175 = EDGE_CURVE('',#7786,#8176,#8178,.T.);
#8176 = VERTEX_POINT('',#8177);
#8177 = CARTESIAN_POINT('',(5.521265837206,-1.499977422729,
    1.930661594627));
#8178 = CIRCLE('',#8179,0.485412195974);
#8179 = AXIS2_PLACEMENT_3D('',#8180,#8181,#8182);
#8180 = CARTESIAN_POINT('',(5.849585001486,-1.635971673361,1.6));
#8181 = DIRECTION('',(0.382683432365,0.923879532511,2.775557561563E-17)
  );
#8182 = DIRECTION('',(-0.523404384043,0.216801194476,-0.824041924199));
#8183 = ORIENTED_EDGE('',*,*,#7798,.T.);
#8184 = ORIENTED_EDGE('',*,*,#8185,.T.);
#8185 = EDGE_CURVE('',#7799,#8186,#8188,.T.);
#8186 = VERTEX_POINT('',#8187);
#8187 = CARTESIAN_POINT('',(5.521265837206,1.499977422729,1.930661594627
    ));
#8188 = CIRCLE('',#8189,0.485412195974);
#8189 = AXIS2_PLACEMENT_3D('',#8190,#8191,#8192);
#8190 = CARTESIAN_POINT('',(5.849585001486,1.635971673361,1.6));
#8191 = DIRECTION('',(-0.382683432365,0.923879532511,-2.775557561563E-17
    ));
#8192 = DIRECTION('',(-0.523404384043,-0.216801194476,-0.824041924199));
#8193 = ORIENTED_EDGE('',*,*,#8194,.F.);
#8194 = EDGE_CURVE('',#8176,#8186,#8195,.T.);
#8195 = B_SPLINE_CURVE_WITH_KNOTS('',12,(#8196,#8197,#8198,#8199,#8200,
    #8201,#8202,#8203,#8204,#8205,#8206,#8207,#8208,#8209,#8210,#8211,
    #8212,#8213,#8214,#8215,#8216,#8217,#8218,#8219,#8220,#8221,#8222,
    #8223,#8224,#8225,#8226,#8227,#8228,#8229,#8230),.UNSPECIFIED.,.F.,
  .F.,(13,11,11,13),(-0.936985026533,-3.845924286221E-16,21.991148575128
    ,22.928133601661),.UNSPECIFIED.);
#8196 = CARTESIAN_POINT('',(5.879834483234,-0.634316134445,
    1.930661594627));
#8197 = CARTESIAN_POINT('',(5.849150470086,-0.708393895135,
    1.930661594627));
#8198 = CARTESIAN_POINT('',(5.818612510146,-0.782119052189,
    1.930661594627));
#8199 = CARTESIAN_POINT('',(5.788220603415,-0.855491605606,
    1.930661594627));
#8200 = CARTESIAN_POINT('',(5.757974749892,-0.928511555387,
    1.930661594627));
#8201 = CARTESIAN_POINT('',(5.727874949577,-1.001178901532,
    1.930661594627));
#8202 = CARTESIAN_POINT('',(5.697921202471,-1.07349364404,1.930661594627
    ));
#8203 = CARTESIAN_POINT('',(5.668113508572,-1.145455782912,
    1.930661594627));
#8204 = CARTESIAN_POINT('',(5.638451867882,-1.217065318148,
    1.930661594627));
#8205 = CARTESIAN_POINT('',(5.608936280401,-1.288322249748,
    1.930661594627));
#8206 = CARTESIAN_POINT('',(5.579566746127,-1.359226577711,
    1.930661594627));
#8207 = CARTESIAN_POINT('',(5.550343265062,-1.429778302038,
    1.930661594627));
#8208 = CARTESIAN_POINT('',(4.838815191706,-3.147559026744,
    1.930661594627));
#8209 = CARTESIAN_POINT('',(3.327778655227,-4.481722499633,
    1.930661601391));
#8210 = CARTESIAN_POINT('',(1.146354239583,-5.009719374378,
    1.930661505354));
#8211 = CARTESIAN_POINT('',(-1.19107255061,-4.322549719933,
    1.930661890578));
#8212 = CARTESIAN_POINT('',(-2.934262379218,-2.607273302659,
    1.93066103993));
#8213 = CARTESIAN_POINT('',(-3.805418536063,3.4940939031E-12,
    1.930662270184));
#8214 = CARTESIAN_POINT('',(-2.934262379217,2.607273302653,1.93066103993
    ));
#8215 = CARTESIAN_POINT('',(-1.191072550611,4.322549719938,
    1.930661890578));
#8216 = CARTESIAN_POINT('',(1.146354239584,5.009719374376,1.930661505354
    ));
#8217 = CARTESIAN_POINT('',(3.327778655227,4.481722499634,1.930661601391
    ));
#8218 = CARTESIAN_POINT('',(4.838815191706,3.147559026743,1.930661594627
    ));
#8219 = CARTESIAN_POINT('',(5.550343265062,1.429778302038,1.930661594627
    ));
#8220 = CARTESIAN_POINT('',(5.579566746127,1.359226577711,1.930661594627
    ));
#8221 = CARTESIAN_POINT('',(5.608936280401,1.288322249748,1.930661594627
    ));
#8222 = CARTESIAN_POINT('',(5.638451867882,1.217065318148,1.930661594627
    ));
#8223 = CARTESIAN_POINT('',(5.668113508572,1.145455782912,1.930661594627
    ));
#8224 = CARTESIAN_POINT('',(5.69792120247,1.07349364404,1.930661594627)
  );
#8225 = CARTESIAN_POINT('',(5.727874949577,1.001178901532,1.930661594627
    ));
#8226 = CARTESIAN_POINT('',(5.757974749892,0.928511555387,1.930661594627
    ));
#8227 = CARTESIAN_POINT('',(5.788220603415,0.855491605606,1.930661594627
    ));
#8228 = CARTESIAN_POINT('',(5.818612510146,0.782119052189,1.930661594627
    ));
#8229 = CARTESIAN_POINT('',(5.849150470086,0.708393895135,1.930661594627
    ));
#8230 = CARTESIAN_POINT('',(5.879834483234,0.634316134445,1.930661594627
    ));
#8231 = SURFACE_OF_REVOLUTION('',#8232,#8237);
#8232 = CIRCLE('',#8233,0.485412195974);
#8233 = AXIS2_PLACEMENT_3D('',#8234,#8235,#8236);
#8234 = CARTESIAN_POINT('',(5.849585001486,-1.635971673361,1.6));
#8235 = DIRECTION('',(0.382683432365,0.923879532511,0.));
#8236 = DIRECTION('',(-0.523404384043,0.216801194476,-0.824041924199));
#8237 = AXIS1_PLACEMENT('',#8238,#8239);
#8238 = CARTESIAN_POINT('',(1.9,0.,0.));
#8239 = DIRECTION('',(0.,0.,-1.));
#8240 = ADVANCED_FACE('',(#8241),#8265,.T.);
#8241 = FACE_BOUND('',#8242,.T.);
#8242 = EDGE_LOOP('',(#8243,#8244,#8245,#8246,#8263,#8264));
#8243 = ORIENTED_EDGE('',*,*,#8056,.F.);
#8244 = ORIENTED_EDGE('',*,*,#7990,.F.);
#8245 = ORIENTED_EDGE('',*,*,#7980,.F.);
#8246 = ORIENTED_EDGE('',*,*,#8247,.T.);
#8247 = EDGE_CURVE('',#7962,#8102,#8248,.T.);
#8248 = B_SPLINE_CURVE_WITH_KNOTS('',5,(#8249,#8250,#8251,#8252,#8253,
    #8254,#8255,#8256,#8257,#8258,#8259,#8260,#8261,#8262),
  .UNSPECIFIED.,.F.,.F.,(6,4,4,6),(-0.191061550688,-2.151857301201E-07,
    3.141592868775,3.332653909447),.UNSPECIFIED.);
#8249 = CARTESIAN_POINT('',(5.448149830458,1.676495078117,1.269338405373
    ));
#8250 = CARTESIAN_POINT('',(5.463066853612,1.640482198454,1.269338405373
    ));
#8251 = CARTESIAN_POINT('',(5.477836965945,1.604823992887,1.269338405373
    ));
#8252 = CARTESIAN_POINT('',(5.492460167458,1.569520461414,1.269338405373
    ));
#8253 = CARTESIAN_POINT('',(5.506936458151,1.534571604036,1.269338405373
    ));
#8254 = CARTESIAN_POINT('',(5.756881697134,0.931150417301,1.269338405373
    ));
#8255 = CARTESIAN_POINT('',(5.88083687571,0.316065314559,1.269338405373)
  );
#8256 = CARTESIAN_POINT('',(5.880837708841,-0.316063339932,
    1.269338405373));
#8257 = CARTESIAN_POINT('',(5.756882149941,-0.931149324128,
    1.269338405373));
#8258 = CARTESIAN_POINT('',(5.506936452725,-1.534571617136,
    1.269338405373));
#8259 = CARTESIAN_POINT('',(5.492460159319,-1.569520481064,
    1.269338405373));
#8260 = CARTESIAN_POINT('',(5.477836957806,-1.604824012537,
    1.269338405373));
#8261 = CARTESIAN_POINT('',(5.463066848185,-1.640482211555,
    1.269338405373));
#8262 = CARTESIAN_POINT('',(5.448149830458,-1.676495078117,
    1.269338405373));
#8263 = ORIENTED_EDGE('',*,*,#8101,.T.);
#8264 = ORIENTED_EDGE('',*,*,#8082,.T.);
#8265 = ( BOUNDED_SURFACE() B_SPLINE_SURFACE(2,5,(
    (#8266,#8267,#8268,#8269,#8270,#8271,#8272,#8273,#8274,#8275,#8276
      ,#8277,#8278,#8279)
    ,(#8280,#8281,#8282,#8283,#8284,#8285,#8286,#8287,#8288,#8289,#8290
      ,#8291,#8292,#8293)
    ,(#8294,#8295,#8296,#8297,#8298,#8299,#8300,#8301,#8302,#8303,#8304
      ,#8305,#8306,#8307
)),.UNSPECIFIED.,.F.,.F.,.F.) B_SPLINE_SURFACE_WITH_KNOTS((3,3),(6,4,4,6
    ),(0.,3.141593083961),(-0.191061550688,-2.151857301201E-07,
    3.141592868775,3.332653909447),.UNSPECIFIED.) 
GEOMETRIC_REPRESENTATION_ITEM() RATIONAL_B_SPLINE_SURFACE((
    (1.,1.,1.,1.,1.,1.,1.,1.,1.,1.,1.,1.,1.,1.)
    ,(0.93061798229,0.93061798229,0.93061798229,0.93061798229
      ,0.93061798229,0.93061798229,0.93061798229,0.93061798229
      ,0.93061798229,0.93061798229,0.93061798229,0.93061798229
      ,0.93061798229,0.93061798229)
,(1.,1.,1.,1.,1.,1.,1.,1.,1.,1.,1.,1.,1.,1.
))) REPRESENTATION_ITEM('') SURFACE() );
#8266 = CARTESIAN_POINT('',(5.522402121451,1.707251388763,1.064979142851
    ));
#8267 = CARTESIAN_POINT('',(5.537025327433,1.67194784661,1.064979142851)
  );
#8268 = CARTESIAN_POINT('',(5.5516485312,1.636644309805,1.064979142851)
  );
#8269 = CARTESIAN_POINT('',(5.566271732752,1.601340778348,1.064979142851
    ));
#8270 = CARTESIAN_POINT('',(5.580894932088,1.566037252239,1.064979142851
    ));
#8271 = CARTESIAN_POINT('',(5.83596518157,0.950243197532,1.064979142851)
  );
#8272 = CARTESIAN_POINT('',(5.962461993741,0.322546011727,1.064979142851
    ));
#8273 = CARTESIAN_POINT('',(5.962462866109,-0.322543928823,
    1.064979142851));
#8274 = CARTESIAN_POINT('',(5.835965625459,-0.950242125891,
    1.064979142851));
#8275 = CARTESIAN_POINT('',(5.580894927658,-1.566037262935,
    1.064979142851));
#8276 = CARTESIAN_POINT('',(5.566271726106,-1.601340794392,
    1.064979142851));
#8277 = CARTESIAN_POINT('',(5.551648524554,-1.636644325849,
    1.064979142851));
#8278 = CARTESIAN_POINT('',(5.537025323003,-1.671947857306,
    1.064979142851));
#8279 = CARTESIAN_POINT('',(5.522402121451,-1.707251388763,
    1.064979142851));
#8280 = CARTESIAN_POINT('',(5.522402121451,1.707251388763,1.182962690499
    ));
#8281 = CARTESIAN_POINT('',(5.537025327433,1.67194784661,1.182962690499)
  );
#8282 = CARTESIAN_POINT('',(5.5516485312,1.636644309805,1.182962690499)
  );
#8283 = CARTESIAN_POINT('',(5.566271732752,1.601340778348,1.182962690499
    ));
#8284 = CARTESIAN_POINT('',(5.580894932088,1.566037252239,1.182962690499
    ));
#8285 = CARTESIAN_POINT('',(5.83596518157,0.950243197532,1.182962690499)
  );
#8286 = CARTESIAN_POINT('',(5.962461993741,0.322546011727,1.182962690499
    ));
#8287 = CARTESIAN_POINT('',(5.962462866109,-0.322543928823,
    1.182962690499));
#8288 = CARTESIAN_POINT('',(5.835965625459,-0.950242125891,
    1.182962690499));
#8289 = CARTESIAN_POINT('',(5.580894927658,-1.566037262935,
    1.182962690499));
#8290 = CARTESIAN_POINT('',(5.566271726106,-1.601340794392,
    1.182962690499));
#8291 = CARTESIAN_POINT('',(5.551648524554,-1.636644325849,
    1.182962690499));
#8292 = CARTESIAN_POINT('',(5.537025323003,-1.671947857306,
    1.182962690499));
#8293 = CARTESIAN_POINT('',(5.522402121451,-1.707251388763,
    1.182962690499));
#8294 = CARTESIAN_POINT('',(5.448149830458,1.676495078117,1.269338405373
    ));
#8295 = CARTESIAN_POINT('',(5.463066853612,1.640482198454,1.269338405373
    ));
#8296 = CARTESIAN_POINT('',(5.477836965945,1.604823992887,1.269338405373
    ));
#8297 = CARTESIAN_POINT('',(5.492460167458,1.569520461414,1.269338405373
    ));
#8298 = CARTESIAN_POINT('',(5.506936458151,1.534571604036,1.269338405373
    ));
#8299 = CARTESIAN_POINT('',(5.756881697134,0.931150417301,1.269338405373
    ));
#8300 = CARTESIAN_POINT('',(5.88083687571,0.316065314559,1.269338405373)
  );
#8301 = CARTESIAN_POINT('',(5.880837708841,-0.316063339932,
    1.269338405373));
#8302 = CARTESIAN_POINT('',(5.756882149941,-0.931149324128,
    1.269338405373));
#8303 = CARTESIAN_POINT('',(5.506936452725,-1.534571617136,
    1.269338405373));
#8304 = CARTESIAN_POINT('',(5.492460159319,-1.569520481064,
    1.269338405373));
#8305 = CARTESIAN_POINT('',(5.477836957806,-1.604824012537,
    1.269338405373));
#8306 = CARTESIAN_POINT('',(5.463066848185,-1.640482211555,
    1.269338405373));
#8307 = CARTESIAN_POINT('',(5.448149830458,-1.676495078117,
    1.269338405373));
#8308 = ADVANCED_FACE('',(#8309),#8353,.F.);
#8309 = FACE_BOUND('',#8310,.F.);
#8310 = EDGE_LOOP('',(#8311,#8330,#8331,#8332));
#8311 = ORIENTED_EDGE('',*,*,#8312,.F.);
#8312 = EDGE_CURVE('',#8186,#8313,#8315,.T.);
#8313 = VERTEX_POINT('',#8314);
#8314 = CARTESIAN_POINT('',(5.811647793677,0.25,1.930661594627));
#8315 = B_SPLINE_CURVE_WITH_KNOTS('',5,(#8316,#8317,#8318,#8319,#8320,
    #8321,#8322,#8323,#8324,#8325,#8326,#8327,#8328,#8329),
  .UNSPECIFIED.,.F.,.F.,(6,4,4,6),(-0.191061550688,-2.151857301156E-07,
    3.141592868775,3.332653909447),.UNSPECIFIED.);
#8316 = CARTESIAN_POINT('',(5.448149830458,1.676495078117,1.930661594627
    ));
#8317 = CARTESIAN_POINT('',(5.463066853612,1.640482198454,1.930661594627
    ));
#8318 = CARTESIAN_POINT('',(5.477836965945,1.604823992887,1.930661594627
    ));
#8319 = CARTESIAN_POINT('',(5.492460167458,1.569520461414,1.930661594627
    ));
#8320 = CARTESIAN_POINT('',(5.506936458151,1.534571604036,1.930661594627
    ));
#8321 = CARTESIAN_POINT('',(5.756881697134,0.931150417301,1.930661594627
    ));
#8322 = CARTESIAN_POINT('',(5.88083687571,0.316065314559,1.930661594627)
  );
#8323 = CARTESIAN_POINT('',(5.880837708841,-0.316063339932,
    1.930661594627));
#8324 = CARTESIAN_POINT('',(5.756882149941,-0.931149324128,
    1.930661594627));
#8325 = CARTESIAN_POINT('',(5.506936452725,-1.534571617136,
    1.930661594627));
#8326 = CARTESIAN_POINT('',(5.492460159319,-1.569520481064,
    1.930661594627));
#8327 = CARTESIAN_POINT('',(5.477836957806,-1.604824012537,
    1.930661594627));
#8328 = CARTESIAN_POINT('',(5.463066848185,-1.640482211555,
    1.930661594627));
#8329 = CARTESIAN_POINT('',(5.448149830458,-1.676495078117,
    1.930661594627));
#8330 = ORIENTED_EDGE('',*,*,#8185,.F.);
#8331 = ORIENTED_EDGE('',*,*,#7961,.T.);
#8332 = ORIENTED_EDGE('',*,*,#8333,.T.);
#8333 = EDGE_CURVE('',#7962,#8313,#8334,.T.);
#8334 = B_SPLINE_CURVE_WITH_KNOTS('',5,(#8335,#8336,#8337,#8338,#8339,
    #8340,#8341,#8342,#8343,#8344,#8345,#8346,#8347,#8348,#8349,#8350,
    #8351,#8352),.UNSPECIFIED.,.F.,.F.,(6,4,4,4,6),(0.,0.251021289371,
    0.500000007474,0.749612641776,1.),.UNSPECIFIED.);
#8335 = CARTESIAN_POINT('',(5.81164927974,0.25,1.269338192151));
#8336 = CARTESIAN_POINT('',(5.786722643119,0.25,1.29607288533));
#8337 = CARTESIAN_POINT('',(5.764312628179,0.25,1.325148766088));
#8338 = CARTESIAN_POINT('',(5.744714973705,0.25,1.356250392557));
#8339 = CARTESIAN_POINT('',(5.728163842467,0.25,1.389008383566));
#8340 = CARTESIAN_POINT('',(5.701580763307,0.25,1.456755110607));
#8341 = CARTESIAN_POINT('',(5.691496541091,0.25,1.491724339437));
#8342 = CARTESIAN_POINT('',(5.684720492122,0.25,1.527535018409));
#8343 = CARTESIAN_POINT('',(5.681332532513,0.25,1.563767732518));
#8344 = CARTESIAN_POINT('',(5.681332533303,0.25,1.636324527783));
#8345 = CARTESIAN_POINT('',(5.68473776766,0.25,1.672649497235));
#8346 = CARTESIAN_POINT('',(5.691548367302,0.25,1.708549195158));
#8347 = CARTESIAN_POINT('',(5.701683595706,0.25,1.743601004301));
#8348 = CARTESIAN_POINT('',(5.728331153334,0.25,1.811322463444));
#8349 = CARTESIAN_POINT('',(5.744863505233,0.25,1.843985204743));
#8350 = CARTESIAN_POINT('',(5.76442583525,0.25,1.874998078323));
#8351 = CARTESIAN_POINT('',(5.78678559297,0.25,1.903994630597));
#8352 = CARTESIAN_POINT('',(5.81164927974,0.25,1.930661807849));
#8353 = SURFACE_OF_REVOLUTION('',#8354,#8359);
#8354 = CIRCLE('',#8355,0.485412195974);
#8355 = AXIS2_PLACEMENT_3D('',#8356,#8357,#8358);
#8356 = CARTESIAN_POINT('',(5.849585001486,1.635971673361,1.6));
#8357 = DIRECTION('',(-0.382683432365,0.923879532511,0.));
#8358 = DIRECTION('',(-0.523404384043,-0.216801194476,-0.824041924199));
#8359 = AXIS1_PLACEMENT('',#8360,#8361);
#8360 = CARTESIAN_POINT('',(1.9,0.,0.));
#8361 = DIRECTION('',(0.,0.,-1.));
#8362 = ADVANCED_FACE('',(#8363),#8407,.F.);
#8363 = FACE_BOUND('',#8364,.F.);
#8364 = EDGE_LOOP('',(#8365,#8388,#8389,#8390));
#8365 = ORIENTED_EDGE('',*,*,#8366,.F.);
#8366 = EDGE_CURVE('',#8102,#8367,#8369,.T.);
#8367 = VERTEX_POINT('',#8368);
#8368 = CARTESIAN_POINT('',(5.81164784396,-0.25,1.930661594627));
#8369 = B_SPLINE_CURVE_WITH_KNOTS('',5,(#8370,#8371,#8372,#8373,#8374,
    #8375,#8376,#8377,#8378,#8379,#8380,#8381,#8382,#8383,#8384,#8385,
    #8386,#8387),.UNSPECIFIED.,.F.,.F.,(6,4,4,4,6),(0.,0.251021289371,
    0.500000007474,0.749612641771,1.),.UNSPECIFIED.);
#8370 = CARTESIAN_POINT('',(5.81164927974,-0.25,1.269338192151));
#8371 = CARTESIAN_POINT('',(5.786722643119,-0.25,1.29607288533));
#8372 = CARTESIAN_POINT('',(5.764312628179,-0.25,1.325148766088));
#8373 = CARTESIAN_POINT('',(5.744714973705,-0.25,1.356250392557));
#8374 = CARTESIAN_POINT('',(5.728163842467,-0.25,1.389008383566));
#8375 = CARTESIAN_POINT('',(5.701580763307,-0.25,1.456755110607));
#8376 = CARTESIAN_POINT('',(5.691496541091,-0.25,1.491724339437));
#8377 = CARTESIAN_POINT('',(5.684720492122,-0.25,1.527535018409));
#8378 = CARTESIAN_POINT('',(5.681332532513,-0.25,1.563767732518));
#8379 = CARTESIAN_POINT('',(5.681332533303,-0.25,1.636324527783));
#8380 = CARTESIAN_POINT('',(5.68473776766,-0.25,1.672649497234));
#8381 = CARTESIAN_POINT('',(5.691548367301,-0.25,1.708549195156));
#8382 = CARTESIAN_POINT('',(5.701683595705,-0.25,1.743601004299));
#8383 = CARTESIAN_POINT('',(5.728331153333,-0.25,1.811322463442));
#8384 = CARTESIAN_POINT('',(5.744863505231,-0.25,1.843985204741));
#8385 = CARTESIAN_POINT('',(5.764425835249,-0.25,1.874998078322));
#8386 = CARTESIAN_POINT('',(5.78678559297,-0.25,1.903994630596));
#8387 = CARTESIAN_POINT('',(5.81164927974,-0.25,1.930661807849));
#8388 = ORIENTED_EDGE('',*,*,#8111,.T.);
#8389 = ORIENTED_EDGE('',*,*,#8175,.T.);
#8390 = ORIENTED_EDGE('',*,*,#8391,.F.);
#8391 = EDGE_CURVE('',#8367,#8176,#8392,.T.);
#8392 = B_SPLINE_CURVE_WITH_KNOTS('',5,(#8393,#8394,#8395,#8396,#8397,
    #8398,#8399,#8400,#8401,#8402,#8403,#8404,#8405,#8406),
  .UNSPECIFIED.,.F.,.F.,(6,4,4,6),(-0.191061550688,-2.151857301156E-07,
    3.141592868775,3.332653909447),.UNSPECIFIED.);
#8393 = CARTESIAN_POINT('',(5.448149830458,1.676495078117,1.930661594627
    ));
#8394 = CARTESIAN_POINT('',(5.463066853612,1.640482198454,1.930661594627
    ));
#8395 = CARTESIAN_POINT('',(5.477836965945,1.604823992887,1.930661594627
    ));
#8396 = CARTESIAN_POINT('',(5.492460167458,1.569520461414,1.930661594627
    ));
#8397 = CARTESIAN_POINT('',(5.506936458151,1.534571604036,1.930661594627
    ));
#8398 = CARTESIAN_POINT('',(5.756881697134,0.931150417301,1.930661594627
    ));
#8399 = CARTESIAN_POINT('',(5.88083687571,0.316065314559,1.930661594627)
  );
#8400 = CARTESIAN_POINT('',(5.880837708841,-0.316063339932,
    1.930661594627));
#8401 = CARTESIAN_POINT('',(5.756882149941,-0.931149324128,
    1.930661594627));
#8402 = CARTESIAN_POINT('',(5.506936452725,-1.534571617136,
    1.930661594627));
#8403 = CARTESIAN_POINT('',(5.492460159319,-1.569520481064,
    1.930661594627));
#8404 = CARTESIAN_POINT('',(5.477836957806,-1.604824012537,
    1.930661594627));
#8405 = CARTESIAN_POINT('',(5.463066848185,-1.640482211555,
    1.930661594627));
#8406 = CARTESIAN_POINT('',(5.448149830458,-1.676495078117,
    1.930661594627));
#8407 = SURFACE_OF_REVOLUTION('',#8408,#8413);
#8408 = CIRCLE('',#8409,0.485412195974);
#8409 = AXIS2_PLACEMENT_3D('',#8410,#8411,#8412);
#8410 = CARTESIAN_POINT('',(5.849585001486,1.635971673361,1.6));
#8411 = DIRECTION('',(-0.382683432365,0.923879532511,0.));
#8412 = DIRECTION('',(-0.523404384043,-0.216801194476,-0.824041924199));
#8413 = AXIS1_PLACEMENT('',#8414,#8415);
#8414 = CARTESIAN_POINT('',(1.9,0.,0.));
#8415 = DIRECTION('',(0.,0.,-1.));
#8416 = ADVANCED_FACE('',(#8417),#8484,.T.);
#8417 = FACE_BOUND('',#8418,.T.);
#8418 = EDGE_LOOP('',(#8419,#8432,#8472,#8483));
#8419 = ORIENTED_EDGE('',*,*,#8420,.T.);
#8420 = EDGE_CURVE('',#8176,#8421,#8423,.T.);
#8421 = VERTEX_POINT('',#8422);
#8422 = CARTESIAN_POINT('',(5.595518130045,-1.53073372946,2.135020857149
    ));
#8423 = B_SPLINE_CURVE_WITH_KNOTS('',7,(#8424,#8425,#8426,#8427,#8428,
    #8429,#8430,#8431),.UNSPECIFIED.,.F.,.F.,(8,8),(0.,1.),
  .PIECEWISE_BEZIER_KNOTS.);
#8424 = CARTESIAN_POINT('',(5.521265837206,-1.499977422729,
    1.930661594627));
#8425 = CARTESIAN_POINT('',(5.541013548928,-1.50815719275,1.953633581932
    ));
#8426 = CARTESIAN_POINT('',(5.558623234941,-1.515451363526,
    1.979740006077));
#8427 = CARTESIAN_POINT('',(5.573375057823,-1.521561768633,
    2.008602336337));
#8428 = CARTESIAN_POINT('',(5.584615698131,-1.526217794299,
    2.039539144827));
#8429 = CARTESIAN_POINT('',(5.591980241482,-1.529268288035,
    2.071546103855));
#8430 = CARTESIAN_POINT('',(5.595518129949,-1.53073372942,2.103642632906
    ));
#8431 = CARTESIAN_POINT('',(5.595518130045,-1.53073372946,2.135020857149
    ));
#8432 = ORIENTED_EDGE('',*,*,#8433,.T.);
#8433 = EDGE_CURVE('',#8421,#8434,#8436,.T.);
#8434 = VERTEX_POINT('',#8435);
#8435 = CARTESIAN_POINT('',(5.595518130045,1.53073372946,2.135020857149)
  );
#8436 = B_SPLINE_CURVE_WITH_KNOTS('',12,(#8437,#8438,#8439,#8440,#8441,
    #8442,#8443,#8444,#8445,#8446,#8447,#8448,#8449,#8450,#8451,#8452,
    #8453,#8454,#8455,#8456,#8457,#8458,#8459,#8460,#8461,#8462,#8463,
    #8464,#8465,#8466,#8467,#8468,#8469,#8470,#8471),.UNSPECIFIED.,.F.,
  .F.,(13,11,11,13),(-0.936985026533,-3.845924286221E-16,21.991148575128
    ,22.928133601661),.UNSPECIFIED.);
#8437 = CARTESIAN_POINT('',(5.954086776074,-0.665072441177,
    2.135020857149));
#8438 = CARTESIAN_POINT('',(5.923998981426,-0.737710803076,
    2.135020857149));
#8439 = CARTESIAN_POINT('',(5.893948836624,-0.81025827021,2.135020857149
    ));
#8440 = CARTESIAN_POINT('',(5.863936341665,-0.882714842579,
    2.135020857149));
#8441 = CARTESIAN_POINT('',(5.833961496552,-0.955080520182,
    2.135020857149));
#8442 = CARTESIAN_POINT('',(5.804024301283,-1.02735530302,2.135020857149
    ));
#8443 = CARTESIAN_POINT('',(5.774124755858,-1.099539191093,
    2.135020857149));
#8444 = CARTESIAN_POINT('',(5.744262860278,-1.171632184401,
    2.135020857149));
#8445 = CARTESIAN_POINT('',(5.714438614542,-1.243634282943,
    2.135020857149));
#8446 = CARTESIAN_POINT('',(5.684652018651,-1.31554548672,2.135020857149
    ));
#8447 = CARTESIAN_POINT('',(5.654903072605,-1.387365795732,
    2.135020857149));
#8448 = CARTESIAN_POINT('',(5.625191776403,-1.459095209979,
    2.135020857149));
#8449 = CARTESIAN_POINT('',(4.899074166337,-3.212098192077,
    2.135020857149));
#8450 = CARTESIAN_POINT('',(3.357109308849,-4.573423217124,
    2.135020819929));
#8451 = CARTESIAN_POINT('',(1.13130395111,-5.112736414364,2.135021348355
    ));
#8452 = CARTESIAN_POINT('',(-1.255436362494,-4.411191522452,
    2.135019228757));
#8453 = CARTESIAN_POINT('',(-3.032460530861,-2.660376896178,
    2.13502390922));
#8454 = CARTESIAN_POINT('',(-3.923138705164,4.724665103595E-12,
    2.135017140081));
#8455 = CARTESIAN_POINT('',(-3.03246053086,2.660376896169,2.13502390922)
  );
#8456 = CARTESIAN_POINT('',(-1.255436362495,4.411191522458,
    2.135019228757));
#8457 = CARTESIAN_POINT('',(1.131303951111,5.11273641436,2.135021348355)
  );
#8458 = CARTESIAN_POINT('',(3.357109308849,4.573423217126,2.135020819929
    ));
#8459 = CARTESIAN_POINT('',(4.899074166337,3.212098192077,2.135020857149
    ));
#8460 = CARTESIAN_POINT('',(5.625191776403,1.459095209979,2.135020857149
    ));
#8461 = CARTESIAN_POINT('',(5.654903072605,1.387365795732,2.135020857149
    ));
#8462 = CARTESIAN_POINT('',(5.684652018651,1.315545486721,2.135020857149
    ));
#8463 = CARTESIAN_POINT('',(5.714438614542,1.243634282943,2.135020857149
    ));
#8464 = CARTESIAN_POINT('',(5.744262860278,1.171632184401,2.135020857149
    ));
#8465 = CARTESIAN_POINT('',(5.774124755858,1.099539191093,2.135020857149
    ));
#8466 = CARTESIAN_POINT('',(5.804024301283,1.02735530302,2.135020857149)
  );
#8467 = CARTESIAN_POINT('',(5.833961496552,0.955080520182,2.135020857149
    ));
#8468 = CARTESIAN_POINT('',(5.863936341665,0.882714842579,2.135020857149
    ));
#8469 = CARTESIAN_POINT('',(5.893948836624,0.81025827021,2.135020857149)
  );
#8470 = CARTESIAN_POINT('',(5.923998981426,0.737710803076,2.135020857149
    ));
#8471 = CARTESIAN_POINT('',(5.954086776074,0.665072441177,2.135020857149
    ));
#8472 = ORIENTED_EDGE('',*,*,#8473,.F.);
#8473 = EDGE_CURVE('',#8186,#8434,#8474,.T.);
#8474 = B_SPLINE_CURVE_WITH_KNOTS('',7,(#8475,#8476,#8477,#8478,#8479,
    #8480,#8481,#8482),.UNSPECIFIED.,.F.,.F.,(8,8),(0.,1.),
  .PIECEWISE_BEZIER_KNOTS.);
#8475 = CARTESIAN_POINT('',(5.521265837206,1.499977422729,1.930661594627
    ));
#8476 = CARTESIAN_POINT('',(5.541013548928,1.50815719275,1.953633581932)
  );
#8477 = CARTESIAN_POINT('',(5.558623234941,1.515451363526,1.979740006077
    ));
#8478 = CARTESIAN_POINT('',(5.573375057823,1.521561768634,2.008602336338
    ));
#8479 = CARTESIAN_POINT('',(5.584615698131,1.526217794299,2.039539144827
    ));
#8480 = CARTESIAN_POINT('',(5.591980241482,1.529268288035,2.071546103855
    ));
#8481 = CARTESIAN_POINT('',(5.595518129949,1.53073372942,2.103642632906)
  );
#8482 = CARTESIAN_POINT('',(5.595518130045,1.53073372946,2.135020857149)
  );
#8483 = ORIENTED_EDGE('',*,*,#8194,.F.);
#8484 = ( BOUNDED_SURFACE() B_SPLINE_SURFACE(2,12,(
    (#8485,#8486,#8487,#8488,#8489,#8490,#8491,#8492,#8493,#8494,#8495
      ,#8496,#8497,#8498,#8499,#8500,#8501,#8502,#8503,#8504,#8505,#8506
      ,#8507,#8508,#8509,#8510,#8511,#8512,#8513,#8514,#8515,#8516,#8517
      ,#8518,#8519)
    ,(#8520,#8521,#8522,#8523,#8524,#8525,#8526,#8527,#8528,#8529,#8530
      ,#8531,#8532,#8533,#8534,#8535,#8536,#8537,#8538,#8539,#8540,#8541
      ,#8542,#8543,#8544,#8545,#8546,#8547,#8548,#8549,#8550,#8551,#8552
      ,#8553,#8554)
    ,(#8555,#8556,#8557,#8558,#8559,#8560,#8561,#8562,#8563,#8564,#8565
      ,#8566,#8567,#8568,#8569,#8570,#8571,#8572,#8573,#8574,#8575,#8576
      ,#8577,#8578,#8579,#8580,#8581,#8582,#8583,#8584,#8585,#8586,#8587
      ,#8588,#8589
)),.UNSPECIFIED.,.F.,.F.,.F.) B_SPLINE_SURFACE_WITH_KNOTS((3,3),(13,11,
    11,13),(0.,21.991148575128),(-0.936985026533,-3.845924286221E-16,
    21.991148575128,22.928133601661),.UNSPECIFIED.) 
GEOMETRIC_REPRESENTATION_ITEM() RATIONAL_B_SPLINE_SURFACE((
    (1.,1.,1.,1.,1.,1.,1.,1.,1.,1.,1.,1.,1.,1.,1.,1.,1.,1.,1.,1.,1.,1.
      ,1.,1.,1.,1.,1.,1.,1.,1.,1.,1.,1.,1.,1.)
    ,(0.93061798229,0.93061798229,0.93061798229,0.93061798229
      ,0.93061798229,0.93061798229,0.93061798229,0.93061798229
      ,0.93061798229,0.93061798229,0.93061798229,0.93061798229
      ,0.93061798229,0.930618018937,0.930617498634,0.930619585653
      ,0.930614977126,0.93062164223,0.930614977126,0.930619585654
      ,0.930617498634,0.930618018937,0.93061798229,0.93061798229
      ,0.93061798229,0.93061798229,0.93061798229,0.93061798229
      ,0.93061798229,0.93061798229,0.93061798229,0.93061798229
      ,0.93061798229,0.93061798229,0.93061798229)
    ,(1.,1.,1.,1.,1.,1.,1.,1.,1.,1.,1.,1.,1.,1.,1.,1.,1.,1.,1.,1.,1.,1.
,1.,1.,1.,1.,1.,1.,1.,1.,1.,1.,1.,1.,1.
))) REPRESENTATION_ITEM('') SURFACE() );
#8485 = CARTESIAN_POINT('',(5.879834483234,-0.634316134445,
    1.930661594627));
#8486 = CARTESIAN_POINT('',(5.849150470086,-0.708393895135,
    1.930661594627));
#8487 = CARTESIAN_POINT('',(5.818612510146,-0.782119052189,
    1.930661594627));
#8488 = CARTESIAN_POINT('',(5.788220603415,-0.855491605606,
    1.930661594627));
#8489 = CARTESIAN_POINT('',(5.757974749892,-0.928511555387,
    1.930661594627));
#8490 = CARTESIAN_POINT('',(5.727874949577,-1.001178901532,
    1.930661594627));
#8491 = CARTESIAN_POINT('',(5.697921202471,-1.07349364404,1.930661594627
    ));
#8492 = CARTESIAN_POINT('',(5.668113508572,-1.145455782912,
    1.930661594627));
#8493 = CARTESIAN_POINT('',(5.638451867882,-1.217065318148,
    1.930661594627));
#8494 = CARTESIAN_POINT('',(5.608936280401,-1.288322249748,
    1.930661594627));
#8495 = CARTESIAN_POINT('',(5.579566746127,-1.359226577711,
    1.930661594627));
#8496 = CARTESIAN_POINT('',(5.550343265062,-1.429778302038,
    1.930661594627));
#8497 = CARTESIAN_POINT('',(4.838815191706,-3.147559026744,
    1.930661594627));
#8498 = CARTESIAN_POINT('',(3.327778655227,-4.481722499633,
    1.930661601391));
#8499 = CARTESIAN_POINT('',(1.146354239583,-5.009719374378,
    1.930661505354));
#8500 = CARTESIAN_POINT('',(-1.19107255061,-4.322549719933,
    1.930661890578));
#8501 = CARTESIAN_POINT('',(-2.934262379218,-2.607273302659,
    1.93066103993));
#8502 = CARTESIAN_POINT('',(-3.805418536063,3.4940939031E-12,
    1.930662270184));
#8503 = CARTESIAN_POINT('',(-2.934262379217,2.607273302653,1.93066103993
    ));
#8504 = CARTESIAN_POINT('',(-1.191072550611,4.322549719938,
    1.930661890578));
#8505 = CARTESIAN_POINT('',(1.146354239584,5.009719374376,1.930661505354
    ));
#8506 = CARTESIAN_POINT('',(3.327778655227,4.481722499634,1.930661601391
    ));
#8507 = CARTESIAN_POINT('',(4.838815191706,3.147559026743,1.930661594627
    ));
#8508 = CARTESIAN_POINT('',(5.550343265062,1.429778302038,1.930661594627
    ));
#8509 = CARTESIAN_POINT('',(5.579566746127,1.359226577711,1.930661594627
    ));
#8510 = CARTESIAN_POINT('',(5.608936280401,1.288322249748,1.930661594627
    ));
#8511 = CARTESIAN_POINT('',(5.638451867882,1.217065318148,1.930661594627
    ));
#8512 = CARTESIAN_POINT('',(5.668113508572,1.145455782912,1.930661594627
    ));
#8513 = CARTESIAN_POINT('',(5.69792120247,1.07349364404,1.930661594627)
  );
#8514 = CARTESIAN_POINT('',(5.727874949577,1.001178901532,1.930661594627
    ));
#8515 = CARTESIAN_POINT('',(5.757974749892,0.928511555387,1.930661594627
    ));
#8516 = CARTESIAN_POINT('',(5.788220603415,0.855491605606,1.930661594627
    ));
#8517 = CARTESIAN_POINT('',(5.818612510146,0.782119052189,1.930661594627
    ));
#8518 = CARTESIAN_POINT('',(5.849150470086,0.708393895135,1.930661594627
    ));
#8519 = CARTESIAN_POINT('',(5.879834483234,0.634316134445,1.930661594627
    ));
#8520 = CARTESIAN_POINT('',(5.954086776074,-0.665072441177,
    2.017037309501));
#8521 = CARTESIAN_POINT('',(5.923998981427,-0.737710803076,
    2.017037309501));
#8522 = CARTESIAN_POINT('',(5.893948836624,-0.81025827021,2.017037309501
    ));
#8523 = CARTESIAN_POINT('',(5.863936341666,-0.882714842579,
    2.017037309501));
#8524 = CARTESIAN_POINT('',(5.833961496552,-0.955080520182,
    2.017037309501));
#8525 = CARTESIAN_POINT('',(5.804024301283,-1.02735530302,2.017037309501
    ));
#8526 = CARTESIAN_POINT('',(5.774124755858,-1.099539191093,
    2.017037309501));
#8527 = CARTESIAN_POINT('',(5.744262860278,-1.171632184401,
    2.017037309501));
#8528 = CARTESIAN_POINT('',(5.714438614542,-1.243634282943,
    2.017037309501));
#8529 = CARTESIAN_POINT('',(5.684652018651,-1.31554548672,2.017037309501
    ));
#8530 = CARTESIAN_POINT('',(5.654903072605,-1.387365795732,
    2.017037309501));
#8531 = CARTESIAN_POINT('',(5.625191776403,-1.459095209979,
    2.017037309501));
#8532 = CARTESIAN_POINT('',(4.899074166337,-3.212098192077,
    2.017037309501));
#8533 = CARTESIAN_POINT('',(3.357109093586,-4.573422979265,
    2.017037306967));
#8534 = CARTESIAN_POINT('',(1.131303872118,-5.11273867208,2.017037342939
    ));
#8535 = CARTESIAN_POINT('',(-1.255431412494,-4.411185089144,
    2.017037198649));
#8536 = CARTESIAN_POINT('',(-3.032475699114,-2.660384277882,
    2.01703751727));
#8537 = CARTESIAN_POINT('',(-3.923116699977,1.09734443754E-12,
    2.017037056463));
#8538 = CARTESIAN_POINT('',(-3.032475699115,2.66038427788,2.01703751727)
  );
#8539 = CARTESIAN_POINT('',(-1.255431412495,4.411185089145,
    2.017037198649));
#8540 = CARTESIAN_POINT('',(1.131303872119,5.11273867208,2.017037342939)
  );
#8541 = CARTESIAN_POINT('',(3.357109093586,4.573422979265,2.017037306967
    ));
#8542 = CARTESIAN_POINT('',(4.899074166337,3.212098192077,2.017037309501
    ));
#8543 = CARTESIAN_POINT('',(5.625191776403,1.459095209979,2.017037309501
    ));
#8544 = CARTESIAN_POINT('',(5.654903072605,1.387365795732,2.017037309501
    ));
#8545 = CARTESIAN_POINT('',(5.684652018651,1.315545486721,2.017037309501
    ));
#8546 = CARTESIAN_POINT('',(5.714438614542,1.243634282943,2.017037309501
    ));
#8547 = CARTESIAN_POINT('',(5.744262860278,1.171632184401,2.017037309501
    ));
#8548 = CARTESIAN_POINT('',(5.774124755858,1.099539191093,2.017037309501
    ));
#8549 = CARTESIAN_POINT('',(5.804024301283,1.02735530302,2.017037309501)
  );
#8550 = CARTESIAN_POINT('',(5.833961496552,0.955080520182,2.017037309501
    ));
#8551 = CARTESIAN_POINT('',(5.863936341666,0.882714842579,2.017037309501
    ));
#8552 = CARTESIAN_POINT('',(5.893948836624,0.81025827021,2.017037309501)
  );
#8553 = CARTESIAN_POINT('',(5.923998981427,0.737710803076,2.017037309501
    ));
#8554 = CARTESIAN_POINT('',(5.954086776074,0.665072441177,2.017037309501
    ));
#8555 = CARTESIAN_POINT('',(5.954086776074,-0.665072441177,
    2.135020857149));
#8556 = CARTESIAN_POINT('',(5.923998981426,-0.737710803076,
    2.135020857149));
#8557 = CARTESIAN_POINT('',(5.893948836624,-0.81025827021,2.135020857149
    ));
#8558 = CARTESIAN_POINT('',(5.863936341665,-0.882714842579,
    2.135020857149));
#8559 = CARTESIAN_POINT('',(5.833961496552,-0.955080520182,
    2.135020857149));
#8560 = CARTESIAN_POINT('',(5.804024301283,-1.02735530302,2.135020857149
    ));
#8561 = CARTESIAN_POINT('',(5.774124755858,-1.099539191093,
    2.135020857149));
#8562 = CARTESIAN_POINT('',(5.744262860278,-1.171632184401,
    2.135020857149));
#8563 = CARTESIAN_POINT('',(5.714438614542,-1.243634282943,
    2.135020857149));
#8564 = CARTESIAN_POINT('',(5.684652018651,-1.31554548672,2.135020857149
    ));
#8565 = CARTESIAN_POINT('',(5.654903072605,-1.387365795732,
    2.135020857149));
#8566 = CARTESIAN_POINT('',(5.625191776403,-1.459095209979,
    2.135020857149));
#8567 = CARTESIAN_POINT('',(4.899074166337,-3.212098192077,
    2.135020857149));
#8568 = CARTESIAN_POINT('',(3.357109308849,-4.573423217124,
    2.135020819929));
#8569 = CARTESIAN_POINT('',(1.13130395111,-5.112736414364,2.135021348355
    ));
#8570 = CARTESIAN_POINT('',(-1.255436362494,-4.411191522452,
    2.135019228757));
#8571 = CARTESIAN_POINT('',(-3.032460530861,-2.660376896178,
    2.13502390922));
#8572 = CARTESIAN_POINT('',(-3.923138705164,4.724665103595E-12,
    2.135017140081));
#8573 = CARTESIAN_POINT('',(-3.03246053086,2.660376896169,2.13502390922)
  );
#8574 = CARTESIAN_POINT('',(-1.255436362495,4.411191522458,
    2.135019228757));
#8575 = CARTESIAN_POINT('',(1.131303951111,5.11273641436,2.135021348355)
  );
#8576 = CARTESIAN_POINT('',(3.357109308849,4.573423217126,2.135020819929
    ));
#8577 = CARTESIAN_POINT('',(4.899074166337,3.212098192077,2.135020857149
    ));
#8578 = CARTESIAN_POINT('',(5.625191776403,1.459095209979,2.135020857149
    ));
#8579 = CARTESIAN_POINT('',(5.654903072605,1.387365795732,2.135020857149
    ));
#8580 = CARTESIAN_POINT('',(5.684652018651,1.315545486721,2.135020857149
    ));
#8581 = CARTESIAN_POINT('',(5.714438614542,1.243634282943,2.135020857149
    ));
#8582 = CARTESIAN_POINT('',(5.744262860278,1.171632184401,2.135020857149
    ));
#8583 = CARTESIAN_POINT('',(5.774124755858,1.099539191093,2.135020857149
    ));
#8584 = CARTESIAN_POINT('',(5.804024301283,1.02735530302,2.135020857149)
  );
#8585 = CARTESIAN_POINT('',(5.833961496552,0.955080520182,2.135020857149
    ));
#8586 = CARTESIAN_POINT('',(5.863936341665,0.882714842579,2.135020857149
    ));
#8587 = CARTESIAN_POINT('',(5.893948836624,0.81025827021,2.135020857149)
  );
#8588 = CARTESIAN_POINT('',(5.923998981426,0.737710803076,2.135020857149
    ));
#8589 = CARTESIAN_POINT('',(5.954086776074,0.665072441177,2.135020857149
    ));
#8590 = ADVANCED_FACE('',(#8591),#8613,.F.);
#8591 = FACE_BOUND('',#8592,.F.);
#8592 = EDGE_LOOP('',(#8593,#8594,#8595,#8596));
#8593 = ORIENTED_EDGE('',*,*,#8333,.F.);
#8594 = ORIENTED_EDGE('',*,*,#8247,.T.);
#8595 = ORIENTED_EDGE('',*,*,#8366,.T.);
#8596 = ORIENTED_EDGE('',*,*,#8597,.F.);
#8597 = EDGE_CURVE('',#8313,#8367,#8598,.T.);
#8598 = B_SPLINE_CURVE_WITH_KNOTS('',5,(#8599,#8600,#8601,#8602,#8603,
    #8604,#8605,#8606,#8607,#8608,#8609,#8610,#8611,#8612),
  .UNSPECIFIED.,.F.,.F.,(6,4,4,6),(-0.191061550688,-2.151857301156E-07,
    3.141592868775,3.332653909447),.UNSPECIFIED.);
#8599 = CARTESIAN_POINT('',(5.448149830458,1.676495078117,1.930661594627
    ));
#8600 = CARTESIAN_POINT('',(5.463066853612,1.640482198454,1.930661594627
    ));
#8601 = CARTESIAN_POINT('',(5.477836965945,1.604823992887,1.930661594627
    ));
#8602 = CARTESIAN_POINT('',(5.492460167458,1.569520461414,1.930661594627
    ));
#8603 = CARTESIAN_POINT('',(5.506936458151,1.534571604036,1.930661594627
    ));
#8604 = CARTESIAN_POINT('',(5.756881697134,0.931150417301,1.930661594627
    ));
#8605 = CARTESIAN_POINT('',(5.88083687571,0.316065314559,1.930661594627)
  );
#8606 = CARTESIAN_POINT('',(5.880837708841,-0.316063339932,
    1.930661594627));
#8607 = CARTESIAN_POINT('',(5.756882149941,-0.931149324128,
    1.930661594627));
#8608 = CARTESIAN_POINT('',(5.506936452725,-1.534571617136,
    1.930661594627));
#8609 = CARTESIAN_POINT('',(5.492460159319,-1.569520481064,
    1.930661594627));
#8610 = CARTESIAN_POINT('',(5.477836957806,-1.604824012537,
    1.930661594627));
#8611 = CARTESIAN_POINT('',(5.463066848185,-1.640482211555,
    1.930661594627));
#8612 = CARTESIAN_POINT('',(5.448149830458,-1.676495078117,
    1.930661594627));
#8613 = SURFACE_OF_REVOLUTION('',#8614,#8619);
#8614 = CIRCLE('',#8615,0.485412195974);
#8615 = AXIS2_PLACEMENT_3D('',#8616,#8617,#8618);
#8616 = CARTESIAN_POINT('',(5.849585001486,1.635971673361,1.6));
#8617 = DIRECTION('',(-0.382683432365,0.923879532511,0.));
#8618 = DIRECTION('',(-0.523404384043,-0.216801194476,-0.824041924199));
#8619 = AXIS1_PLACEMENT('',#8620,#8621);
#8620 = CARTESIAN_POINT('',(1.9,0.,0.));
#8621 = DIRECTION('',(0.,0.,-1.));
#8622 = ADVANCED_FACE('',(#8623),#8659,.T.);
#8623 = FACE_BOUND('',#8624,.T.);
#8624 = EDGE_LOOP('',(#8625,#8626,#8627,#8646));
#8625 = ORIENTED_EDGE('',*,*,#8312,.F.);
#8626 = ORIENTED_EDGE('',*,*,#8473,.T.);
#8627 = ORIENTED_EDGE('',*,*,#8628,.T.);
#8628 = EDGE_CURVE('',#8434,#8629,#8631,.T.);
#8629 = VERTEX_POINT('',#8630);
#8630 = CARTESIAN_POINT('',(5.892178521572,0.25,2.135020857149));
#8631 = B_SPLINE_CURVE_WITH_KNOTS('',5,(#8632,#8633,#8634,#8635,#8636,
    #8637,#8638,#8639,#8640,#8641,#8642,#8643,#8644,#8645),
  .UNSPECIFIED.,.F.,.F.,(6,4,4,6),(-0.191061550688,-2.151857301156E-07,
    3.141592868775,3.332653909447),.UNSPECIFIED.);
#8632 = CARTESIAN_POINT('',(5.522402121451,1.707251388763,2.135020857149
    ));
#8633 = CARTESIAN_POINT('',(5.537025327433,1.67194784661,2.135020857149)
  );
#8634 = CARTESIAN_POINT('',(5.5516485312,1.636644309805,2.135020857149)
  );
#8635 = CARTESIAN_POINT('',(5.566271732752,1.601340778348,2.135020857149
    ));
#8636 = CARTESIAN_POINT('',(5.580894932088,1.566037252239,2.135020857149
    ));
#8637 = CARTESIAN_POINT('',(5.83596518157,0.950243197532,2.135020857149)
  );
#8638 = CARTESIAN_POINT('',(5.962461993741,0.322546011727,2.135020857149
    ));
#8639 = CARTESIAN_POINT('',(5.962462866109,-0.322543928823,
    2.135020857149));
#8640 = CARTESIAN_POINT('',(5.835965625459,-0.950242125891,
    2.135020857149));
#8641 = CARTESIAN_POINT('',(5.580894927658,-1.566037262935,
    2.135020857149));
#8642 = CARTESIAN_POINT('',(5.566271726106,-1.601340794392,
    2.135020857149));
#8643 = CARTESIAN_POINT('',(5.551648524554,-1.636644325849,
    2.135020857149));
#8644 = CARTESIAN_POINT('',(5.537025323003,-1.671947857306,
    2.135020857149));
#8645 = CARTESIAN_POINT('',(5.522402121451,-1.707251388763,
    2.135020857149));
#8646 = ORIENTED_EDGE('',*,*,#8647,.T.);
#8647 = EDGE_CURVE('',#8629,#8313,#8648,.T.);
#8648 = B_SPLINE_CURVE_WITH_KNOTS('',5,(#8649,#8650,#8651,#8652,#8653,
    #8654,#8655,#8656,#8657,#8658),.UNSPECIFIED.,.F.,.F.,(6,4,6),(0.,
    0.49462069671,1.),.UNSPECIFIED.);
#8649 = CARTESIAN_POINT('',(5.892178521572,0.25,2.135020857149));
#8650 = CARTESIAN_POINT('',(5.892178521064,0.25,2.113263290428));
#8651 = CARTESIAN_POINT('',(5.890202688552,0.25,2.091156449361));
#8652 = CARTESIAN_POINT('',(5.886120993003,0.25,2.069038494468));
#8653 = CARTESIAN_POINT('',(5.879928949313,0.25,2.047319560113));
#8654 = CARTESIAN_POINT('',(5.863430130748,0.25,2.00494495147));
#8655 = CARTESIAN_POINT('',(5.853036672189,0.25,1.984322275853));
#8656 = CARTESIAN_POINT('',(5.840733455344,0.25,1.964879049601));
#8657 = CARTESIAN_POINT('',(5.826821254378,0.25,1.946935690689));
#8658 = CARTESIAN_POINT('',(5.811647793677,0.25,1.930661594627));
#8659 = ( BOUNDED_SURFACE() B_SPLINE_SURFACE(2,5,(
    (#8660,#8661,#8662,#8663,#8664,#8665,#8666,#8667,#8668,#8669,#8670
      ,#8671,#8672,#8673)
    ,(#8674,#8675,#8676,#8677,#8678,#8679,#8680,#8681,#8682,#8683,#8684
      ,#8685,#8686,#8687)
    ,(#8688,#8689,#8690,#8691,#8692,#8693,#8694,#8695,#8696,#8697,#8698
      ,#8699,#8700,#8701
)),.UNSPECIFIED.,.F.,.F.,.F.) B_SPLINE_SURFACE_WITH_KNOTS((3,3),(6,4,4,6
    ),(0.,3.141593083961),(-0.191061550688,-2.151857301156E-07,
    3.141592868775,3.332653909447),.UNSPECIFIED.) 
GEOMETRIC_REPRESENTATION_ITEM() RATIONAL_B_SPLINE_SURFACE((
    (1.,1.,1.,1.,1.,1.,1.,1.,1.,1.,1.,1.,1.,1.)
    ,(0.93061798229,0.93061798229,0.93061798229,0.93061798229
      ,0.93061798229,0.93061798229,0.93061798229,0.93061798229
      ,0.93061798229,0.93061798229,0.93061798229,0.93061798229
      ,0.93061798229,0.93061798229)
,(1.,1.,1.,1.,1.,1.,1.,1.,1.,1.,1.,1.,1.,1.
))) REPRESENTATION_ITEM('') SURFACE() );
#8660 = CARTESIAN_POINT('',(5.448149830458,1.676495078117,1.930661594627
    ));
#8661 = CARTESIAN_POINT('',(5.463066853612,1.640482198454,1.930661594627
    ));
#8662 = CARTESIAN_POINT('',(5.477836965945,1.604823992887,1.930661594627
    ));
#8663 = CARTESIAN_POINT('',(5.492460167458,1.569520461414,1.930661594627
    ));
#8664 = CARTESIAN_POINT('',(5.506936458151,1.534571604036,1.930661594627
    ));
#8665 = CARTESIAN_POINT('',(5.756881697134,0.931150417301,1.930661594627
    ));
#8666 = CARTESIAN_POINT('',(5.88083687571,0.316065314559,1.930661594627)
  );
#8667 = CARTESIAN_POINT('',(5.880837708841,-0.316063339932,
    1.930661594627));
#8668 = CARTESIAN_POINT('',(5.756882149941,-0.931149324128,
    1.930661594627));
#8669 = CARTESIAN_POINT('',(5.506936452725,-1.534571617136,
    1.930661594627));
#8670 = CARTESIAN_POINT('',(5.492460159319,-1.569520481064,
    1.930661594627));
#8671 = CARTESIAN_POINT('',(5.477836957806,-1.604824012537,
    1.930661594627));
#8672 = CARTESIAN_POINT('',(5.463066848185,-1.640482211555,
    1.930661594627));
#8673 = CARTESIAN_POINT('',(5.448149830458,-1.676495078117,
    1.930661594627));
#8674 = CARTESIAN_POINT('',(5.522402121451,1.707251388763,2.017037309501
    ));
#8675 = CARTESIAN_POINT('',(5.537025327433,1.67194784661,2.017037309501)
  );
#8676 = CARTESIAN_POINT('',(5.5516485312,1.636644309805,2.017037309501)
  );
#8677 = CARTESIAN_POINT('',(5.566271732752,1.601340778348,2.017037309501
    ));
#8678 = CARTESIAN_POINT('',(5.580894932088,1.566037252239,2.017037309501
    ));
#8679 = CARTESIAN_POINT('',(5.83596518157,0.950243197532,2.017037309501)
  );
#8680 = CARTESIAN_POINT('',(5.962461993741,0.322546011727,2.017037309501
    ));
#8681 = CARTESIAN_POINT('',(5.962462866109,-0.322543928823,
    2.017037309501));
#8682 = CARTESIAN_POINT('',(5.835965625459,-0.950242125891,
    2.017037309501));
#8683 = CARTESIAN_POINT('',(5.580894927658,-1.566037262935,
    2.017037309501));
#8684 = CARTESIAN_POINT('',(5.566271726106,-1.601340794392,
    2.017037309501));
#8685 = CARTESIAN_POINT('',(5.551648524554,-1.636644325849,
    2.017037309501));
#8686 = CARTESIAN_POINT('',(5.537025323003,-1.671947857306,
    2.017037309501));
#8687 = CARTESIAN_POINT('',(5.522402121451,-1.707251388763,
    2.017037309501));
#8688 = CARTESIAN_POINT('',(5.522402121451,1.707251388763,2.135020857149
    ));
#8689 = CARTESIAN_POINT('',(5.537025327433,1.67194784661,2.135020857149)
  );
#8690 = CARTESIAN_POINT('',(5.5516485312,1.636644309805,2.135020857149)
  );
#8691 = CARTESIAN_POINT('',(5.566271732752,1.601340778348,2.135020857149
    ));
#8692 = CARTESIAN_POINT('',(5.580894932088,1.566037252239,2.135020857149
    ));
#8693 = CARTESIAN_POINT('',(5.83596518157,0.950243197532,2.135020857149)
  );
#8694 = CARTESIAN_POINT('',(5.962461993741,0.322546011727,2.135020857149
    ));
#8695 = CARTESIAN_POINT('',(5.962462866109,-0.322543928823,
    2.135020857149));
#8696 = CARTESIAN_POINT('',(5.835965625459,-0.950242125891,
    2.135020857149));
#8697 = CARTESIAN_POINT('',(5.580894927658,-1.566037262935,
    2.135020857149));
#8698 = CARTESIAN_POINT('',(5.566271726106,-1.601340794392,
    2.135020857149));
#8699 = CARTESIAN_POINT('',(5.551648524554,-1.636644325849,
    2.135020857149));
#8700 = CARTESIAN_POINT('',(5.537025323003,-1.671947857306,
    2.135020857149));
#8701 = CARTESIAN_POINT('',(5.522402121451,-1.707251388763,
    2.135020857149));
#8702 = ADVANCED_FACE('',(#8703),#8739,.T.);
#8703 = FACE_BOUND('',#8704,.T.);
#8704 = EDGE_LOOP('',(#8705,#8706,#8721,#8738));
#8705 = ORIENTED_EDGE('',*,*,#8391,.F.);
#8706 = ORIENTED_EDGE('',*,*,#8707,.F.);
#8707 = EDGE_CURVE('',#8708,#8367,#8710,.T.);
#8708 = VERTEX_POINT('',#8709);
#8709 = CARTESIAN_POINT('',(5.892178569768,-0.25,2.135020857149));
#8710 = B_SPLINE_CURVE_WITH_KNOTS('',5,(#8711,#8712,#8713,#8714,#8715,
    #8716,#8717,#8718,#8719,#8720),.UNSPECIFIED.,.F.,.F.,(6,4,6),(0.,
    0.494620696847,1.),.UNSPECIFIED.);
#8711 = CARTESIAN_POINT('',(5.892178569768,-0.25,2.135020857149));
#8712 = CARTESIAN_POINT('',(5.89217856926,-0.25,2.113263290429));
#8713 = CARTESIAN_POINT('',(5.890202736799,-0.25,2.091156449362));
#8714 = CARTESIAN_POINT('',(5.886121041353,-0.25,2.069038494469));
#8715 = CARTESIAN_POINT('',(5.879928997822,-0.25,2.047319560112));
#8716 = CARTESIAN_POINT('',(5.86343017968,-0.25,2.004944951472));
#8717 = CARTESIAN_POINT('',(5.853036721393,-0.25,1.984322275859));
#8718 = CARTESIAN_POINT('',(5.840733504868,-0.25,1.964879049608));
#8719 = CARTESIAN_POINT('',(5.826821304265,-0.25,1.946935690693));
#8720 = CARTESIAN_POINT('',(5.81164784396,-0.25,1.930661594627));
#8721 = ORIENTED_EDGE('',*,*,#8722,.T.);
#8722 = EDGE_CURVE('',#8708,#8421,#8723,.T.);
#8723 = B_SPLINE_CURVE_WITH_KNOTS('',5,(#8724,#8725,#8726,#8727,#8728,
    #8729,#8730,#8731,#8732,#8733,#8734,#8735,#8736,#8737),
  .UNSPECIFIED.,.F.,.F.,(6,4,4,6),(-0.191061550688,-2.151857301156E-07,
    3.141592868775,3.332653909447),.UNSPECIFIED.);
#8724 = CARTESIAN_POINT('',(5.522402121451,1.707251388763,2.135020857149
    ));
#8725 = CARTESIAN_POINT('',(5.537025327433,1.67194784661,2.135020857149)
  );
#8726 = CARTESIAN_POINT('',(5.5516485312,1.636644309805,2.135020857149)
  );
#8727 = CARTESIAN_POINT('',(5.566271732752,1.601340778348,2.135020857149
    ));
#8728 = CARTESIAN_POINT('',(5.580894932088,1.566037252239,2.135020857149
    ));
#8729 = CARTESIAN_POINT('',(5.83596518157,0.950243197532,2.135020857149)
  );
#8730 = CARTESIAN_POINT('',(5.962461993741,0.322546011727,2.135020857149
    ));
#8731 = CARTESIAN_POINT('',(5.962462866109,-0.322543928823,
    2.135020857149));
#8732 = CARTESIAN_POINT('',(5.835965625459,-0.950242125891,
    2.135020857149));
#8733 = CARTESIAN_POINT('',(5.580894927658,-1.566037262935,
    2.135020857149));
#8734 = CARTESIAN_POINT('',(5.566271726106,-1.601340794392,
    2.135020857149));
#8735 = CARTESIAN_POINT('',(5.551648524554,-1.636644325849,
    2.135020857149));
#8736 = CARTESIAN_POINT('',(5.537025323003,-1.671947857306,
    2.135020857149));
#8737 = CARTESIAN_POINT('',(5.522402121451,-1.707251388763,
    2.135020857149));
#8738 = ORIENTED_EDGE('',*,*,#8420,.F.);
#8739 = ( BOUNDED_SURFACE() B_SPLINE_SURFACE(2,5,(
    (#8740,#8741,#8742,#8743,#8744,#8745,#8746,#8747,#8748,#8749,#8750
      ,#8751,#8752,#8753)
    ,(#8754,#8755,#8756,#8757,#8758,#8759,#8760,#8761,#8762,#8763,#8764
      ,#8765,#8766,#8767)
    ,(#8768,#8769,#8770,#8771,#8772,#8773,#8774,#8775,#8776,#8777,#8778
      ,#8779,#8780,#8781
)),.UNSPECIFIED.,.F.,.F.,.F.) B_SPLINE_SURFACE_WITH_KNOTS((3,3),(6,4,4,6
    ),(0.,3.141593083961),(-0.191061550688,-2.151857301156E-07,
    3.141592868775,3.332653909447),.UNSPECIFIED.) 
GEOMETRIC_REPRESENTATION_ITEM() RATIONAL_B_SPLINE_SURFACE((
    (1.,1.,1.,1.,1.,1.,1.,1.,1.,1.,1.,1.,1.,1.)
    ,(0.93061798229,0.93061798229,0.93061798229,0.93061798229
      ,0.93061798229,0.93061798229,0.93061798229,0.93061798229
      ,0.93061798229,0.93061798229,0.93061798229,0.93061798229
      ,0.93061798229,0.93061798229)
,(1.,1.,1.,1.,1.,1.,1.,1.,1.,1.,1.,1.,1.,1.
))) REPRESENTATION_ITEM('') SURFACE() );
#8740 = CARTESIAN_POINT('',(5.448149830458,1.676495078117,1.930661594627
    ));
#8741 = CARTESIAN_POINT('',(5.463066853612,1.640482198454,1.930661594627
    ));
#8742 = CARTESIAN_POINT('',(5.477836965945,1.604823992887,1.930661594627
    ));
#8743 = CARTESIAN_POINT('',(5.492460167458,1.569520461414,1.930661594627
    ));
#8744 = CARTESIAN_POINT('',(5.506936458151,1.534571604036,1.930661594627
    ));
#8745 = CARTESIAN_POINT('',(5.756881697134,0.931150417301,1.930661594627
    ));
#8746 = CARTESIAN_POINT('',(5.88083687571,0.316065314559,1.930661594627)
  );
#8747 = CARTESIAN_POINT('',(5.880837708841,-0.316063339932,
    1.930661594627));
#8748 = CARTESIAN_POINT('',(5.756882149941,-0.931149324128,
    1.930661594627));
#8749 = CARTESIAN_POINT('',(5.506936452725,-1.534571617136,
    1.930661594627));
#8750 = CARTESIAN_POINT('',(5.492460159319,-1.569520481064,
    1.930661594627));
#8751 = CARTESIAN_POINT('',(5.477836957806,-1.604824012537,
    1.930661594627));
#8752 = CARTESIAN_POINT('',(5.463066848185,-1.640482211555,
    1.930661594627));
#8753 = CARTESIAN_POINT('',(5.448149830458,-1.676495078117,
    1.930661594627));
#8754 = CARTESIAN_POINT('',(5.522402121451,1.707251388763,2.017037309501
    ));
#8755 = CARTESIAN_POINT('',(5.537025327433,1.67194784661,2.017037309501)
  );
#8756 = CARTESIAN_POINT('',(5.5516485312,1.636644309805,2.017037309501)
  );
#8757 = CARTESIAN_POINT('',(5.566271732752,1.601340778348,2.017037309501
    ));
#8758 = CARTESIAN_POINT('',(5.580894932088,1.566037252239,2.017037309501
    ));
#8759 = CARTESIAN_POINT('',(5.83596518157,0.950243197532,2.017037309501)
  );
#8760 = CARTESIAN_POINT('',(5.962461993741,0.322546011727,2.017037309501
    ));
#8761 = CARTESIAN_POINT('',(5.962462866109,-0.322543928823,
    2.017037309501));
#8762 = CARTESIAN_POINT('',(5.835965625459,-0.950242125891,
    2.017037309501));
#8763 = CARTESIAN_POINT('',(5.580894927658,-1.566037262935,
    2.017037309501));
#8764 = CARTESIAN_POINT('',(5.566271726106,-1.601340794392,
    2.017037309501));
#8765 = CARTESIAN_POINT('',(5.551648524554,-1.636644325849,
    2.017037309501));
#8766 = CARTESIAN_POINT('',(5.537025323003,-1.671947857306,
    2.017037309501));
#8767 = CARTESIAN_POINT('',(5.522402121451,-1.707251388763,
    2.017037309501));
#8768 = CARTESIAN_POINT('',(5.522402121451,1.707251388763,2.135020857149
    ));
#8769 = CARTESIAN_POINT('',(5.537025327433,1.67194784661,2.135020857149)
  );
#8770 = CARTESIAN_POINT('',(5.5516485312,1.636644309805,2.135020857149)
  );
#8771 = CARTESIAN_POINT('',(5.566271732752,1.601340778348,2.135020857149
    ));
#8772 = CARTESIAN_POINT('',(5.580894932088,1.566037252239,2.135020857149
    ));
#8773 = CARTESIAN_POINT('',(5.83596518157,0.950243197532,2.135020857149)
  );
#8774 = CARTESIAN_POINT('',(5.962461993741,0.322546011727,2.135020857149
    ));
#8775 = CARTESIAN_POINT('',(5.962462866109,-0.322543928823,
    2.135020857149));
#8776 = CARTESIAN_POINT('',(5.835965625459,-0.950242125891,
    2.135020857149));
#8777 = CARTESIAN_POINT('',(5.580894927658,-1.566037262935,
    2.135020857149));
#8778 = CARTESIAN_POINT('',(5.566271726106,-1.601340794392,
    2.135020857149));
#8779 = CARTESIAN_POINT('',(5.551648524554,-1.636644325849,
    2.135020857149));
#8780 = CARTESIAN_POINT('',(5.537025323003,-1.671947857306,
    2.135020857149));
#8781 = CARTESIAN_POINT('',(5.522402121451,-1.707251388763,
    2.135020857149));
#8782 = ADVANCED_FACE('',(#8783),#8809,.T.);
#8783 = FACE_BOUND('',#8784,.T.);
#8784 = EDGE_LOOP('',(#8785,#8796,#8802,#8803));
#8785 = ORIENTED_EDGE('',*,*,#8786,.T.);
#8786 = EDGE_CURVE('',#8787,#8789,#8791,.T.);
#8787 = VERTEX_POINT('',#8788);
#8788 = CARTESIAN_POINT('',(5.595518130045,-1.53073372946,7.8));
#8789 = VERTEX_POINT('',#8790);
#8790 = CARTESIAN_POINT('',(5.595518130045,1.53073372946,7.8));
#8791 = CIRCLE('',#8792,4.);
#8792 = AXIS2_PLACEMENT_3D('',#8793,#8794,#8795);
#8793 = CARTESIAN_POINT('',(1.9,0.,7.8));
#8794 = DIRECTION('',(0.,-0.,-1.));
#8795 = DIRECTION('',(0.923879532511,-0.382683432365,0.));
#8796 = ORIENTED_EDGE('',*,*,#8797,.F.);
#8797 = EDGE_CURVE('',#8434,#8789,#8798,.T.);
#8798 = LINE('',#8799,#8800);
#8799 = CARTESIAN_POINT('',(5.595518130045,1.53073372946,2.));
#8800 = VECTOR('',#8801,1.);
#8801 = DIRECTION('',(0.,0.,1.));
#8802 = ORIENTED_EDGE('',*,*,#8433,.F.);
#8803 = ORIENTED_EDGE('',*,*,#8804,.T.);
#8804 = EDGE_CURVE('',#8421,#8787,#8805,.T.);
#8805 = LINE('',#8806,#8807);
#8806 = CARTESIAN_POINT('',(5.595518130045,-1.53073372946,2.));
#8807 = VECTOR('',#8808,1.);
#8808 = DIRECTION('',(0.,0.,1.));
#8809 = CYLINDRICAL_SURFACE('',#8810,4.);
#8810 = AXIS2_PLACEMENT_3D('',#8811,#8812,#8813);
#8811 = CARTESIAN_POINT('',(1.9,0.,2.));
#8812 = DIRECTION('',(0.,0.,1.));
#8813 = DIRECTION('',(0.923879532511,-0.382683432365,0.));
#8814 = ADVANCED_FACE('',(#8815),#8837,.T.);
#8815 = FACE_BOUND('',#8816,.T.);
#8816 = EDGE_LOOP('',(#8817,#8818,#8819,#8836));
#8817 = ORIENTED_EDGE('',*,*,#8597,.F.);
#8818 = ORIENTED_EDGE('',*,*,#8647,.F.);
#8819 = ORIENTED_EDGE('',*,*,#8820,.T.);
#8820 = EDGE_CURVE('',#8629,#8708,#8821,.T.);
#8821 = B_SPLINE_CURVE_WITH_KNOTS('',5,(#8822,#8823,#8824,#8825,#8826,
    #8827,#8828,#8829,#8830,#8831,#8832,#8833,#8834,#8835),
  .UNSPECIFIED.,.F.,.F.,(6,4,4,6),(-0.191061550688,-2.151857301156E-07,
    3.141592868775,3.332653909447),.UNSPECIFIED.);
#8822 = CARTESIAN_POINT('',(5.522402121451,1.707251388763,2.135020857149
    ));
#8823 = CARTESIAN_POINT('',(5.537025327433,1.67194784661,2.135020857149)
  );
#8824 = CARTESIAN_POINT('',(5.5516485312,1.636644309805,2.135020857149)
  );
#8825 = CARTESIAN_POINT('',(5.566271732752,1.601340778348,2.135020857149
    ));
#8826 = CARTESIAN_POINT('',(5.580894932088,1.566037252239,2.135020857149
    ));
#8827 = CARTESIAN_POINT('',(5.83596518157,0.950243197532,2.135020857149)
  );
#8828 = CARTESIAN_POINT('',(5.962461993741,0.322546011727,2.135020857149
    ));
#8829 = CARTESIAN_POINT('',(5.962462866109,-0.322543928823,
    2.135020857149));
#8830 = CARTESIAN_POINT('',(5.835965625459,-0.950242125891,
    2.135020857149));
#8831 = CARTESIAN_POINT('',(5.580894927658,-1.566037262935,
    2.135020857149));
#8832 = CARTESIAN_POINT('',(5.566271726106,-1.601340794392,
    2.135020857149));
#8833 = CARTESIAN_POINT('',(5.551648524554,-1.636644325849,
    2.135020857149));
#8834 = CARTESIAN_POINT('',(5.537025323003,-1.671947857306,
    2.135020857149));
#8835 = CARTESIAN_POINT('',(5.522402121451,-1.707251388763,
    2.135020857149));
#8836 = ORIENTED_EDGE('',*,*,#8707,.T.);
#8837 = ( BOUNDED_SURFACE() B_SPLINE_SURFACE(2,5,(
    (#8838,#8839,#8840,#8841,#8842,#8843,#8844,#8845,#8846,#8847,#8848
      ,#8849,#8850,#8851)
    ,(#8852,#8853,#8854,#8855,#8856,#8857,#8858,#8859,#8860,#8861,#8862
      ,#8863,#8864,#8865)
    ,(#8866,#8867,#8868,#8869,#8870,#8871,#8872,#8873,#8874,#8875,#8876
      ,#8877,#8878,#8879
)),.UNSPECIFIED.,.F.,.F.,.F.) B_SPLINE_SURFACE_WITH_KNOTS((3,3),(6,4,4,6
    ),(0.,3.141593083961),(-0.191061550688,-2.151857301156E-07,
    3.141592868775,3.332653909447),.UNSPECIFIED.) 
GEOMETRIC_REPRESENTATION_ITEM() RATIONAL_B_SPLINE_SURFACE((
    (1.,1.,1.,1.,1.,1.,1.,1.,1.,1.,1.,1.,1.,1.)
    ,(0.93061798229,0.93061798229,0.93061798229,0.93061798229
      ,0.93061798229,0.93061798229,0.93061798229,0.93061798229
      ,0.93061798229,0.93061798229,0.93061798229,0.93061798229
      ,0.93061798229,0.93061798229)
,(1.,1.,1.,1.,1.,1.,1.,1.,1.,1.,1.,1.,1.,1.
))) REPRESENTATION_ITEM('') SURFACE() );
#8838 = CARTESIAN_POINT('',(5.448149830458,1.676495078117,1.930661594627
    ));
#8839 = CARTESIAN_POINT('',(5.463066853612,1.640482198454,1.930661594627
    ));
#8840 = CARTESIAN_POINT('',(5.477836965945,1.604823992887,1.930661594627
    ));
#8841 = CARTESIAN_POINT('',(5.492460167458,1.569520461414,1.930661594627
    ));
#8842 = CARTESIAN_POINT('',(5.506936458151,1.534571604036,1.930661594627
    ));
#8843 = CARTESIAN_POINT('',(5.756881697134,0.931150417301,1.930661594627
    ));
#8844 = CARTESIAN_POINT('',(5.88083687571,0.316065314559,1.930661594627)
  );
#8845 = CARTESIAN_POINT('',(5.880837708841,-0.316063339932,
    1.930661594627));
#8846 = CARTESIAN_POINT('',(5.756882149941,-0.931149324128,
    1.930661594627));
#8847 = CARTESIAN_POINT('',(5.506936452725,-1.534571617136,
    1.930661594627));
#8848 = CARTESIAN_POINT('',(5.492460159319,-1.569520481064,
    1.930661594627));
#8849 = CARTESIAN_POINT('',(5.477836957806,-1.604824012537,
    1.930661594627));
#8850 = CARTESIAN_POINT('',(5.463066848185,-1.640482211555,
    1.930661594627));
#8851 = CARTESIAN_POINT('',(5.448149830458,-1.676495078117,
    1.930661594627));
#8852 = CARTESIAN_POINT('',(5.522402121451,1.707251388763,2.017037309501
    ));
#8853 = CARTESIAN_POINT('',(5.537025327433,1.67194784661,2.017037309501)
  );
#8854 = CARTESIAN_POINT('',(5.5516485312,1.636644309805,2.017037309501)
  );
#8855 = CARTESIAN_POINT('',(5.566271732752,1.601340778348,2.017037309501
    ));
#8856 = CARTESIAN_POINT('',(5.580894932088,1.566037252239,2.017037309501
    ));
#8857 = CARTESIAN_POINT('',(5.83596518157,0.950243197532,2.017037309501)
  );
#8858 = CARTESIAN_POINT('',(5.962461993741,0.322546011727,2.017037309501
    ));
#8859 = CARTESIAN_POINT('',(5.962462866109,-0.322543928823,
    2.017037309501));
#8860 = CARTESIAN_POINT('',(5.835965625459,-0.950242125891,
    2.017037309501));
#8861 = CARTESIAN_POINT('',(5.580894927658,-1.566037262935,
    2.017037309501));
#8862 = CARTESIAN_POINT('',(5.566271726106,-1.601340794392,
    2.017037309501));
#8863 = CARTESIAN_POINT('',(5.551648524554,-1.636644325849,
    2.017037309501));
#8864 = CARTESIAN_POINT('',(5.537025323003,-1.671947857306,
    2.017037309501));
#8865 = CARTESIAN_POINT('',(5.522402121451,-1.707251388763,
    2.017037309501));
#8866 = CARTESIAN_POINT('',(5.522402121451,1.707251388763,2.135020857149
    ));
#8867 = CARTESIAN_POINT('',(5.537025327433,1.67194784661,2.135020857149)
  );
#8868 = CARTESIAN_POINT('',(5.5516485312,1.636644309805,2.135020857149)
  );
#8869 = CARTESIAN_POINT('',(5.566271732752,1.601340778348,2.135020857149
    ));
#8870 = CARTESIAN_POINT('',(5.580894932088,1.566037252239,2.135020857149
    ));
#8871 = CARTESIAN_POINT('',(5.83596518157,0.950243197532,2.135020857149)
  );
#8872 = CARTESIAN_POINT('',(5.962461993741,0.322546011727,2.135020857149
    ));
#8873 = CARTESIAN_POINT('',(5.962462866109,-0.322543928823,
    2.135020857149));
#8874 = CARTESIAN_POINT('',(5.835965625459,-0.950242125891,
    2.135020857149));
#8875 = CARTESIAN_POINT('',(5.580894927658,-1.566037262935,
    2.135020857149));
#8876 = CARTESIAN_POINT('',(5.566271726106,-1.601340794392,
    2.135020857149));
#8877 = CARTESIAN_POINT('',(5.551648524554,-1.636644325849,
    2.135020857149));
#8878 = CARTESIAN_POINT('',(5.537025323003,-1.671947857306,
    2.135020857149));
#8879 = CARTESIAN_POINT('',(5.522402121451,-1.707251388763,
    2.135020857149));
#8880 = ADVANCED_FACE('',(#8881,#8952),#9058,.T.);
#8881 = FACE_BOUND('',#8882,.T.);
#8882 = EDGE_LOOP('',(#8883,#8890,#8891,#8892,#8900,#8914,#8923,#8937,
    #8944,#8950,#8951));
#8883 = ORIENTED_EDGE('',*,*,#8884,.T.);
#8884 = EDGE_CURVE('',#8789,#8787,#8885,.T.);
#8885 = CIRCLE('',#8886,4.);
#8886 = AXIS2_PLACEMENT_3D('',#8887,#8888,#8889);
#8887 = CARTESIAN_POINT('',(1.9,0.,7.8));
#8888 = DIRECTION('',(0.,0.,-1.));
#8889 = DIRECTION('',(0.923879532511,0.382683432365,0.));
#8890 = ORIENTED_EDGE('',*,*,#8804,.F.);
#8891 = ORIENTED_EDGE('',*,*,#8722,.F.);
#8892 = ORIENTED_EDGE('',*,*,#8893,.T.);
#8893 = EDGE_CURVE('',#8708,#8894,#8896,.T.);
#8894 = VERTEX_POINT('',#8895);
#8895 = CARTESIAN_POINT('',(5.892179855668,-0.25,2.751));
#8896 = LINE('',#8897,#8898);
#8897 = CARTESIAN_POINT('',(5.892179855668,-0.25,2.));
#8898 = VECTOR('',#8899,1.);
#8899 = DIRECTION('',(0.,0.,1.));
#8900 = ORIENTED_EDGE('',*,*,#8901,.F.);
#8901 = EDGE_CURVE('',#8902,#8894,#8904,.T.);
#8902 = VERTEX_POINT('',#8903);
#8903 = CARTESIAN_POINT('',(5.899999875,-1.000000000001E-03,3.));
#8904 = B_SPLINE_CURVE_WITH_KNOTS('',8,(#8905,#8906,#8907,#8908,#8909,
    #8910,#8911,#8912,#8913),.UNSPECIFIED.,.F.,.F.,(9,9),(0.,1.),
  .PIECEWISE_BEZIER_KNOTS.);
#8905 = CARTESIAN_POINT('',(5.899999875,-1.E-03,3.));
#8906 = CARTESIAN_POINT('',(5.899986356782,-5.507287076857E-02,3.));
#8907 = CARTESIAN_POINT('',(5.899138023938,-0.106582101181,
    2.986579310846));
#8908 = CARTESIAN_POINT('',(5.89759472667,-0.152527153143,2.961970032929
    ));
#8909 = CARTESIAN_POINT('',(5.89574314273,-0.191003902354,2.92835411274)
  );
#8910 = CARTESIAN_POINT('',(5.894024109781,-0.220545242642,
    2.888044542491));
#8911 = CARTESIAN_POINT('',(5.892785659033,-0.24032711415,2.843401401727
    ));
#8912 = CARTESIAN_POINT('',(5.892179855668,-0.25,2.796909299254));
#8913 = CARTESIAN_POINT('',(5.892179855668,-0.25,2.751));
#8914 = ORIENTED_EDGE('',*,*,#8915,.T.);
#8915 = EDGE_CURVE('',#8902,#8916,#8918,.T.);
#8916 = VERTEX_POINT('',#8917);
#8917 = CARTESIAN_POINT('',(5.899999875,9.999999999996E-04,3.));
#8918 = CIRCLE('',#8919,4.);
#8919 = AXIS2_PLACEMENT_3D('',#8920,#8921,#8922);
#8920 = CARTESIAN_POINT('',(1.9,0.,3.));
#8921 = DIRECTION('',(0.,-0.,1.));
#8922 = DIRECTION('',(0.923879532511,0.382683432365,0.));
#8923 = ORIENTED_EDGE('',*,*,#8924,.F.);
#8924 = EDGE_CURVE('',#8925,#8916,#8927,.T.);
#8925 = VERTEX_POINT('',#8926);
#8926 = CARTESIAN_POINT('',(5.892179874418,0.249999700587,2.75138614483)
  );
#8927 = B_SPLINE_CURVE_WITH_KNOTS('',8,(#8928,#8929,#8930,#8931,#8932,
    #8933,#8934,#8935,#8936),.UNSPECIFIED.,.F.,.F.,(9,9),(0.,1.),
  .PIECEWISE_BEZIER_KNOTS.);
#8928 = CARTESIAN_POINT('',(5.892179874418,0.249999700587,2.75138614483)
  );
#8929 = CARTESIAN_POINT('',(5.892184326252,0.249928610402,2.797227583703
    ));
#8930 = CARTESIAN_POINT('',(5.892792849735,0.240212250008,2.843663516601
    ));
#8931 = CARTESIAN_POINT('',(5.894032550555,0.220399342248,2.88825404933)
  );
#8932 = CARTESIAN_POINT('',(5.89575130821,0.190840369149,2.928508032671)
  );
#8933 = CARTESIAN_POINT('',(5.897600690023,0.152364660947,2.962065163719
    ));
#8934 = CARTESIAN_POINT('',(5.899140478356,0.106446392291,2.986618199184
    ));
#8935 = CARTESIAN_POINT('',(5.899986376383,5.499446434736E-02,3.));
#8936 = CARTESIAN_POINT('',(5.899999875,1.000000000001E-03,3.));
#8937 = ORIENTED_EDGE('',*,*,#8938,.F.);
#8938 = EDGE_CURVE('',#8939,#8925,#8941,.T.);
#8939 = VERTEX_POINT('',#8940);
#8940 = CARTESIAN_POINT('',(5.892179855668,0.25,2.751));
#8941 = B_SPLINE_CURVE_WITH_KNOTS('',1,(#8942,#8943),.UNSPECIFIED.,.F.,
  .F.,(2,2),(0.,1.),.PIECEWISE_BEZIER_KNOTS.);
#8942 = CARTESIAN_POINT('',(5.892179855668,0.25,2.751));
#8943 = CARTESIAN_POINT('',(5.892179874418,0.249999700587,2.75138614483)
  );
#8944 = ORIENTED_EDGE('',*,*,#8945,.F.);
#8945 = EDGE_CURVE('',#8629,#8939,#8946,.T.);
#8946 = LINE('',#8947,#8948);
#8947 = CARTESIAN_POINT('',(5.892179855668,0.25,2.));
#8948 = VECTOR('',#8949,1.);
#8949 = DIRECTION('',(0.,0.,1.));
#8950 = ORIENTED_EDGE('',*,*,#8628,.F.);
#8951 = ORIENTED_EDGE('',*,*,#8797,.T.);
#8952 = FACE_BOUND('',#8953,.T.);
#8953 = EDGE_LOOP('',(#8954,#8963,#8977,#8986,#9000,#9008,#9022,#9031,
    #9045,#9052));
#8954 = ORIENTED_EDGE('',*,*,#8955,.T.);
#8955 = EDGE_CURVE('',#8956,#8958,#8960,.T.);
#8956 = VERTEX_POINT('',#8957);
#8957 = CARTESIAN_POINT('',(5.892179855668,0.25,5.249));
#8958 = VERTEX_POINT('',#8959);
#8959 = CARTESIAN_POINT('',(5.892179874418,0.249999700587,5.24861385517)
  );
#8960 = B_SPLINE_CURVE_WITH_KNOTS('',1,(#8961,#8962),.UNSPECIFIED.,.F.,
  .F.,(2,2),(0.,1.),.PIECEWISE_BEZIER_KNOTS.);
#8961 = CARTESIAN_POINT('',(5.892179855668,0.25,5.249));
#8962 = CARTESIAN_POINT('',(5.892179874418,0.249999700587,5.24861385517)
  );
#8963 = ORIENTED_EDGE('',*,*,#8964,.T.);
#8964 = EDGE_CURVE('',#8958,#8965,#8967,.T.);
#8965 = VERTEX_POINT('',#8966);
#8966 = CARTESIAN_POINT('',(5.899999875,9.999999999996E-04,5.));
#8967 = B_SPLINE_CURVE_WITH_KNOTS('',8,(#8968,#8969,#8970,#8971,#8972,
    #8973,#8974,#8975,#8976),.UNSPECIFIED.,.F.,.F.,(9,9),(0.,1.),
  .PIECEWISE_BEZIER_KNOTS.);
#8968 = CARTESIAN_POINT('',(5.892179874418,0.249999700587,5.24861385517)
  );
#8969 = CARTESIAN_POINT('',(5.892184326252,0.249928610402,5.202772416296
    ));
#8970 = CARTESIAN_POINT('',(5.892792849735,0.240212250008,5.1563364834)
  );
#8971 = CARTESIAN_POINT('',(5.894032550555,0.220399342248,5.11174595067)
  );
#8972 = CARTESIAN_POINT('',(5.89575130821,0.190840369149,5.071491967329)
  );
#8973 = CARTESIAN_POINT('',(5.897600690023,0.152364660947,5.037934836281
    ));
#8974 = CARTESIAN_POINT('',(5.899140478356,0.106446392292,5.013381800816
    ));
#8975 = CARTESIAN_POINT('',(5.899986376383,5.49944643469E-02,5.));
#8976 = CARTESIAN_POINT('',(5.899999875,1.000000000001E-03,5.));
#8977 = ORIENTED_EDGE('',*,*,#8978,.F.);
#8978 = EDGE_CURVE('',#8979,#8965,#8981,.T.);
#8979 = VERTEX_POINT('',#8980);
#8980 = CARTESIAN_POINT('',(5.899999875,-1.000000000001E-03,5.));
#8981 = CIRCLE('',#8982,4.);
#8982 = AXIS2_PLACEMENT_3D('',#8983,#8984,#8985);
#8983 = CARTESIAN_POINT('',(1.9,0.,5.));
#8984 = DIRECTION('',(0.,-0.,1.));
#8985 = DIRECTION('',(0.923879532511,0.382683432365,0.));
#8986 = ORIENTED_EDGE('',*,*,#8987,.T.);
#8987 = EDGE_CURVE('',#8979,#8988,#8990,.T.);
#8988 = VERTEX_POINT('',#8989);
#8989 = CARTESIAN_POINT('',(5.892179855668,-0.25,5.249));
#8990 = B_SPLINE_CURVE_WITH_KNOTS('',8,(#8991,#8992,#8993,#8994,#8995,
    #8996,#8997,#8998,#8999),.UNSPECIFIED.,.F.,.F.,(9,9),(0.,1.),
  .PIECEWISE_BEZIER_KNOTS.);
#8991 = CARTESIAN_POINT('',(5.899999875,-1.E-03,5.));
#8992 = CARTESIAN_POINT('',(5.899986356782,-5.507287076935E-02,5.));
#8993 = CARTESIAN_POINT('',(5.899138023938,-0.106582101179,
    5.013420689154));
#8994 = CARTESIAN_POINT('',(5.89759472667,-0.152527153145,5.03802996707)
  );
#8995 = CARTESIAN_POINT('',(5.89574314273,-0.191003902353,5.07164588726)
  );
#8996 = CARTESIAN_POINT('',(5.894024109781,-0.220545242642,5.11195545751
    ));
#8997 = CARTESIAN_POINT('',(5.892785659033,-0.24032711415,5.156598598272
    ));
#8998 = CARTESIAN_POINT('',(5.892179855668,-0.25,5.203090700746));
#8999 = CARTESIAN_POINT('',(5.892179855668,-0.25,5.249));
#9000 = ORIENTED_EDGE('',*,*,#9001,.T.);
#9001 = EDGE_CURVE('',#8988,#9002,#9004,.T.);
#9002 = VERTEX_POINT('',#9003);
#9003 = CARTESIAN_POINT('',(5.892179855668,-0.25,6.751));
#9004 = LINE('',#9005,#9006);
#9005 = CARTESIAN_POINT('',(5.892179855668,-0.25,2.));
#9006 = VECTOR('',#9007,1.);
#9007 = DIRECTION('',(0.,0.,1.));
#9008 = ORIENTED_EDGE('',*,*,#9009,.F.);
#9009 = EDGE_CURVE('',#9010,#9002,#9012,.T.);
#9010 = VERTEX_POINT('',#9011);
#9011 = CARTESIAN_POINT('',(5.899999875,-1.000000000001E-03,7.));
#9012 = B_SPLINE_CURVE_WITH_KNOTS('',8,(#9013,#9014,#9015,#9016,#9017,
    #9018,#9019,#9020,#9021),.UNSPECIFIED.,.F.,.F.,(9,9),(0.,1.),
  .PIECEWISE_BEZIER_KNOTS.);
#9013 = CARTESIAN_POINT('',(5.899999875,-1.E-03,7.));
#9014 = CARTESIAN_POINT('',(5.899986356782,-5.507287077052E-02,7.));
#9015 = CARTESIAN_POINT('',(5.899138023938,-0.106582101177,
    6.986579310846));
#9016 = CARTESIAN_POINT('',(5.89759472667,-0.152527153146,6.961970032931
    ));
#9017 = CARTESIAN_POINT('',(5.895743142729,-0.191003902353,
    6.928354112739));
#9018 = CARTESIAN_POINT('',(5.894024109781,-0.220545242642,6.88804454249
    ));
#9019 = CARTESIAN_POINT('',(5.892785659033,-0.24032711415,6.843401401729
    ));
#9020 = CARTESIAN_POINT('',(5.892179855668,-0.25,6.796909299253));
#9021 = CARTESIAN_POINT('',(5.892179855668,-0.25,6.751));
#9022 = ORIENTED_EDGE('',*,*,#9023,.T.);
#9023 = EDGE_CURVE('',#9010,#9024,#9026,.T.);
#9024 = VERTEX_POINT('',#9025);
#9025 = CARTESIAN_POINT('',(5.899999875,9.999999999996E-04,7.));
#9026 = CIRCLE('',#9027,4.);
#9027 = AXIS2_PLACEMENT_3D('',#9028,#9029,#9030);
#9028 = CARTESIAN_POINT('',(1.9,0.,7.));
#9029 = DIRECTION('',(0.,-0.,1.));
#9030 = DIRECTION('',(0.923879532511,0.382683432365,0.));
#9031 = ORIENTED_EDGE('',*,*,#9032,.F.);
#9032 = EDGE_CURVE('',#9033,#9024,#9035,.T.);
#9033 = VERTEX_POINT('',#9034);
#9034 = CARTESIAN_POINT('',(5.892179874418,0.249999700587,6.75138614483)
  );
#9035 = B_SPLINE_CURVE_WITH_KNOTS('',8,(#9036,#9037,#9038,#9039,#9040,
    #9041,#9042,#9043,#9044),.UNSPECIFIED.,.F.,.F.,(9,9),(0.,1.),
  .PIECEWISE_BEZIER_KNOTS.);
#9036 = CARTESIAN_POINT('',(5.892179874418,0.249999700587,6.75138614483)
  );
#9037 = CARTESIAN_POINT('',(5.892184326252,0.249928610402,6.797227583704
    ));
#9038 = CARTESIAN_POINT('',(5.892792849735,0.240212250008,6.8436635166)
  );
#9039 = CARTESIAN_POINT('',(5.894032550555,0.220399342248,6.88825404933)
  );
#9040 = CARTESIAN_POINT('',(5.89575130821,0.19084036915,6.92850803267));
#9041 = CARTESIAN_POINT('',(5.897600690023,0.152364660946,6.962065163719
    ));
#9042 = CARTESIAN_POINT('',(5.899140478356,0.106446392292,6.986618199184
    ));
#9043 = CARTESIAN_POINT('',(5.899986376383,5.499446434716E-02,7.));
#9044 = CARTESIAN_POINT('',(5.899999875,1.000000000001E-03,7.));
#9045 = ORIENTED_EDGE('',*,*,#9046,.F.);
#9046 = EDGE_CURVE('',#9047,#9033,#9049,.T.);
#9047 = VERTEX_POINT('',#9048);
#9048 = CARTESIAN_POINT('',(5.892179855668,0.25,6.751));
#9049 = B_SPLINE_CURVE_WITH_KNOTS('',1,(#9050,#9051),.UNSPECIFIED.,.F.,
  .F.,(2,2),(0.,1.),.PIECEWISE_BEZIER_KNOTS.);
#9050 = CARTESIAN_POINT('',(5.892179855668,0.25,6.751));
#9051 = CARTESIAN_POINT('',(5.892179874418,0.249999700587,6.75138614483)
  );
#9052 = ORIENTED_EDGE('',*,*,#9053,.F.);
#9053 = EDGE_CURVE('',#8956,#9047,#9054,.T.);
#9054 = LINE('',#9055,#9056);
#9055 = CARTESIAN_POINT('',(5.892179855668,0.25,2.));
#9056 = VECTOR('',#9057,1.);
#9057 = DIRECTION('',(0.,0.,1.));
#9058 = CYLINDRICAL_SURFACE('',#9059,4.);
#9059 = AXIS2_PLACEMENT_3D('',#9060,#9061,#9062);
#9060 = CARTESIAN_POINT('',(1.9,0.,2.));
#9061 = DIRECTION('',(0.,0.,1.));
#9062 = DIRECTION('',(0.923879532511,0.382683432365,-0.));
#9063 = ADVANCED_FACE('',(#9064),#9092,.T.);
#9064 = FACE_BOUND('',#9065,.T.);
#9065 = EDGE_LOOP('',(#9066,#9075,#9084,#9091));
#9066 = ORIENTED_EDGE('',*,*,#9067,.T.);
#9067 = EDGE_CURVE('',#8787,#9068,#9070,.T.);
#9068 = VERTEX_POINT('',#9069);
#9069 = CARTESIAN_POINT('',(5.410742223543,-1.454197042987,8.));
#9070 = CIRCLE('',#9071,0.2);
#9071 = AXIS2_PLACEMENT_3D('',#9072,#9073,#9074);
#9072 = CARTESIAN_POINT('',(5.410742223543,-1.454197042987,7.8));
#9073 = DIRECTION('',(-0.382683432365,-0.923879532511,0.));
#9074 = DIRECTION('',(0.923879532511,-0.382683432365,-4.440892098502E-15
    ));
#9075 = ORIENTED_EDGE('',*,*,#9076,.T.);
#9076 = EDGE_CURVE('',#9068,#9077,#9079,.T.);
#9077 = VERTEX_POINT('',#9078);
#9078 = CARTESIAN_POINT('',(5.410742223543,1.454197042987,8.));
#9079 = CIRCLE('',#9080,3.8);
#9080 = AXIS2_PLACEMENT_3D('',#9081,#9082,#9083);
#9081 = CARTESIAN_POINT('',(1.9,0.,8.));
#9082 = DIRECTION('',(0.,-0.,-1.));
#9083 = DIRECTION('',(0.923879532511,-0.382683432365,0.));
#9084 = ORIENTED_EDGE('',*,*,#9085,.F.);
#9085 = EDGE_CURVE('',#8789,#9077,#9086,.T.);
#9086 = CIRCLE('',#9087,0.2);
#9087 = AXIS2_PLACEMENT_3D('',#9088,#9089,#9090);
#9088 = CARTESIAN_POINT('',(5.410742223543,1.454197042987,7.8));
#9089 = DIRECTION('',(0.382683432365,-0.923879532511,0.));
#9090 = DIRECTION('',(0.923879532511,0.382683432365,-4.440892098502E-15)
  );
#9091 = ORIENTED_EDGE('',*,*,#8786,.F.);
#9092 = TOROIDAL_SURFACE('',#9093,3.8,0.2);
#9093 = AXIS2_PLACEMENT_3D('',#9094,#9095,#9096);
#9094 = CARTESIAN_POINT('',(1.9,0.,7.8));
#9095 = DIRECTION('',(0.,0.,1.));
#9096 = DIRECTION('',(0.923879532511,-0.382683432365,0.));
#9097 = ADVANCED_FACE('',(#9098),#9107,.T.);
#9098 = FACE_BOUND('',#9099,.T.);
#9099 = EDGE_LOOP('',(#9100,#9101,#9102,#9103,#9104,#9105,#9106));
#9100 = ORIENTED_EDGE('',*,*,#8938,.T.);
#9101 = ORIENTED_EDGE('',*,*,#8924,.T.);
#9102 = ORIENTED_EDGE('',*,*,#8915,.F.);
#9103 = ORIENTED_EDGE('',*,*,#8901,.T.);
#9104 = ORIENTED_EDGE('',*,*,#8893,.F.);
#9105 = ORIENTED_EDGE('',*,*,#8820,.F.);
#9106 = ORIENTED_EDGE('',*,*,#8945,.T.);
#9107 = CYLINDRICAL_SURFACE('',#9108,4.);
#9108 = AXIS2_PLACEMENT_3D('',#9109,#9110,#9111);
#9109 = CARTESIAN_POINT('',(1.9,0.,2.));
#9110 = DIRECTION('',(0.,0.,1.));
#9111 = DIRECTION('',(0.923879532511,0.382683432365,-0.));
#9112 = ADVANCED_FACE('',(#9113),#9125,.T.);
#9113 = FACE_BOUND('',#9114,.T.);
#9114 = EDGE_LOOP('',(#9115,#9116,#9123,#9124));
#9115 = ORIENTED_EDGE('',*,*,#9085,.T.);
#9116 = ORIENTED_EDGE('',*,*,#9117,.T.);
#9117 = EDGE_CURVE('',#9077,#9068,#9118,.T.);
#9118 = CIRCLE('',#9119,3.8);
#9119 = AXIS2_PLACEMENT_3D('',#9120,#9121,#9122);
#9120 = CARTESIAN_POINT('',(1.9,0.,8.));
#9121 = DIRECTION('',(0.,0.,-1.));
#9122 = DIRECTION('',(0.923879532511,0.382683432365,0.));
#9123 = ORIENTED_EDGE('',*,*,#9067,.F.);
#9124 = ORIENTED_EDGE('',*,*,#8884,.F.);
#9125 = TOROIDAL_SURFACE('',#9126,3.8,0.2);
#9126 = AXIS2_PLACEMENT_3D('',#9127,#9128,#9129);
#9127 = CARTESIAN_POINT('',(1.9,0.,7.8));
#9128 = DIRECTION('',(0.,0.,1.));
#9129 = DIRECTION('',(0.923879532511,0.382683432365,-0.));
#9130 = ADVANCED_FACE('',(#9131),#9143,.T.);
#9131 = FACE_BOUND('',#9132,.T.);
#9132 = EDGE_LOOP('',(#9133,#9134,#9135,#9136,#9137,#9138,#9139,#9140,
    #9141,#9142));
#9133 = ORIENTED_EDGE('',*,*,#9046,.T.);
#9134 = ORIENTED_EDGE('',*,*,#9032,.T.);
#9135 = ORIENTED_EDGE('',*,*,#9023,.F.);
#9136 = ORIENTED_EDGE('',*,*,#9009,.T.);
#9137 = ORIENTED_EDGE('',*,*,#9001,.F.);
#9138 = ORIENTED_EDGE('',*,*,#8987,.F.);
#9139 = ORIENTED_EDGE('',*,*,#8978,.T.);
#9140 = ORIENTED_EDGE('',*,*,#8964,.F.);
#9141 = ORIENTED_EDGE('',*,*,#8955,.F.);
#9142 = ORIENTED_EDGE('',*,*,#9053,.T.);
#9143 = CYLINDRICAL_SURFACE('',#9144,4.);
#9144 = AXIS2_PLACEMENT_3D('',#9145,#9146,#9147);
#9145 = CARTESIAN_POINT('',(1.9,0.,2.));
#9146 = DIRECTION('',(0.,0.,1.));
#9147 = DIRECTION('',(0.923879532511,0.382683432365,-0.));
#9148 = ADVANCED_FACE('',(#9149),#9175,.F.);
#9149 = FACE_BOUND('',#9150,.F.);
#9150 = EDGE_LOOP('',(#9151,#9152,#9160,#9169));
#9151 = ORIENTED_EDGE('',*,*,#9076,.T.);
#9152 = ORIENTED_EDGE('',*,*,#9153,.T.);
#9153 = EDGE_CURVE('',#9077,#9154,#9156,.T.);
#9154 = VERTEX_POINT('',#9155);
#9155 = CARTESIAN_POINT('',(4.486862691032,1.071513610622,8.));
#9156 = LINE('',#9157,#9158);
#9157 = CARTESIAN_POINT('',(5.410742223543,1.454197042987,8.));
#9158 = VECTOR('',#9159,1.);
#9159 = DIRECTION('',(-0.923879532511,-0.382683432365,0.));
#9160 = ORIENTED_EDGE('',*,*,#9161,.F.);
#9161 = EDGE_CURVE('',#9162,#9154,#9164,.T.);
#9162 = VERTEX_POINT('',#9163);
#9163 = CARTESIAN_POINT('',(4.486862691032,-1.071513610622,8.));
#9164 = CIRCLE('',#9165,2.8);
#9165 = AXIS2_PLACEMENT_3D('',#9166,#9167,#9168);
#9166 = CARTESIAN_POINT('',(1.9,0.,8.));
#9167 = DIRECTION('',(0.,-0.,-1.));
#9168 = DIRECTION('',(0.923879532511,-0.382683432365,0.));
#9169 = ORIENTED_EDGE('',*,*,#9170,.F.);
#9170 = EDGE_CURVE('',#9068,#9162,#9171,.T.);
#9171 = LINE('',#9172,#9173);
#9172 = CARTESIAN_POINT('',(5.410742223543,-1.454197042987,8.));
#9173 = VECTOR('',#9174,1.);
#9174 = DIRECTION('',(-0.923879532511,0.382683432365,0.));
#9175 = PLANE('',#9176);
#9176 = AXIS2_PLACEMENT_3D('',#9177,#9178,#9179);
#9177 = CARTESIAN_POINT('',(1.9,0.,8.));
#9178 = DIRECTION('',(0.,0.,-1.));
#9179 = DIRECTION('',(0.923879532511,-0.382683432365,0.));
#9180 = ADVANCED_FACE('',(#9181),#9193,.F.);
#9181 = FACE_BOUND('',#9182,.F.);
#9182 = EDGE_LOOP('',(#9183,#9184,#9185,#9192));
#9183 = ORIENTED_EDGE('',*,*,#9117,.T.);
#9184 = ORIENTED_EDGE('',*,*,#9170,.T.);
#9185 = ORIENTED_EDGE('',*,*,#9186,.F.);
#9186 = EDGE_CURVE('',#9154,#9162,#9187,.T.);
#9187 = CIRCLE('',#9188,2.8);
#9188 = AXIS2_PLACEMENT_3D('',#9189,#9190,#9191);
#9189 = CARTESIAN_POINT('',(1.9,0.,8.));
#9190 = DIRECTION('',(0.,0.,-1.));
#9191 = DIRECTION('',(0.923879532511,0.382683432365,0.));
#9192 = ORIENTED_EDGE('',*,*,#9153,.F.);
#9193 = PLANE('',#9194);
#9194 = AXIS2_PLACEMENT_3D('',#9195,#9196,#9197);
#9195 = CARTESIAN_POINT('',(1.9,0.,8.));
#9196 = DIRECTION('',(0.,0.,-1.));
#9197 = DIRECTION('',(0.923879532511,0.382683432365,0.));
#9198 = ADVANCED_FACE('',(#9199),#9336,.F.);
#9199 = FACE_BOUND('',#9200,.F.);
#9200 = EDGE_LOOP('',(#9201,#9209,#9210,#9218,#9227,#9235,#9244,#9252,
    #9261,#9269,#9278,#9287,#9295,#9304,#9312,#9321,#9329));
#9201 = ORIENTED_EDGE('',*,*,#9202,.F.);
#9202 = EDGE_CURVE('',#9162,#9203,#9205,.T.);
#9203 = VERTEX_POINT('',#9204);
#9204 = CARTESIAN_POINT('',(4.486862691032,-1.071513610622,7.9));
#9205 = LINE('',#9206,#9207);
#9206 = CARTESIAN_POINT('',(4.486862691032,-1.071513610622,8.));
#9207 = VECTOR('',#9208,1.);
#9208 = DIRECTION('',(0.,0.,-1.));
#9209 = ORIENTED_EDGE('',*,*,#9161,.T.);
#9210 = ORIENTED_EDGE('',*,*,#9211,.T.);
#9211 = EDGE_CURVE('',#9154,#9212,#9214,.T.);
#9212 = VERTEX_POINT('',#9213);
#9213 = CARTESIAN_POINT('',(4.486862691032,1.071513610622,7.9));
#9214 = LINE('',#9215,#9216);
#9215 = CARTESIAN_POINT('',(4.486862691032,1.071513610622,8.));
#9216 = VECTOR('',#9217,1.);
#9217 = DIRECTION('',(0.,0.,-1.));
#9218 = ORIENTED_EDGE('',*,*,#9219,.T.);
#9219 = EDGE_CURVE('',#9212,#9220,#9222,.T.);
#9220 = VERTEX_POINT('',#9221);
#9221 = CARTESIAN_POINT('',(1.95,2.799553535834,7.9));
#9222 = CIRCLE('',#9223,2.8);
#9223 = AXIS2_PLACEMENT_3D('',#9224,#9225,#9226);
#9224 = CARTESIAN_POINT('',(1.9,0.,7.9));
#9225 = DIRECTION('',(0.,0.,1.));
#9226 = DIRECTION('',(-1.,1.224646799147E-16,0.));
#9227 = ORIENTED_EDGE('',*,*,#9228,.T.);
#9228 = EDGE_CURVE('',#9220,#9229,#9231,.T.);
#9229 = VERTEX_POINT('',#9230);
#9230 = CARTESIAN_POINT('',(1.95,2.799553535834,7.8));
#9231 = LINE('',#9232,#9233);
#9232 = CARTESIAN_POINT('',(1.95,2.799553535834,7.7));
#9233 = VECTOR('',#9234,1.);
#9234 = DIRECTION('',(0.,0.,-1.));
#9235 = ORIENTED_EDGE('',*,*,#9236,.F.);
#9236 = EDGE_CURVE('',#9237,#9229,#9239,.T.);
#9237 = VERTEX_POINT('',#9238);
#9238 = CARTESIAN_POINT('',(1.85,2.799553535834,7.8));
#9239 = CIRCLE('',#9240,2.8);
#9240 = AXIS2_PLACEMENT_3D('',#9241,#9242,#9243);
#9241 = CARTESIAN_POINT('',(1.9,0.,7.8));
#9242 = DIRECTION('',(0.,0.,-1.));
#9243 = DIRECTION('',(-1.,1.224646799147E-16,0.));
#9244 = ORIENTED_EDGE('',*,*,#9245,.F.);
#9245 = EDGE_CURVE('',#9246,#9237,#9248,.T.);
#9246 = VERTEX_POINT('',#9247);
#9247 = CARTESIAN_POINT('',(1.85,2.799553535834,7.9));
#9248 = LINE('',#9249,#9250);
#9249 = CARTESIAN_POINT('',(1.85,2.799553535834,7.7));
#9250 = VECTOR('',#9251,1.);
#9251 = DIRECTION('',(0.,0.,-1.));
#9252 = ORIENTED_EDGE('',*,*,#9253,.T.);
#9253 = EDGE_CURVE('',#9246,#9254,#9256,.T.);
#9254 = VERTEX_POINT('',#9255);
#9255 = CARTESIAN_POINT('',(-0.899553535834,5.000000000003E-02,7.9));
#9256 = CIRCLE('',#9257,2.8);
#9257 = AXIS2_PLACEMENT_3D('',#9258,#9259,#9260);
#9258 = CARTESIAN_POINT('',(1.9,0.,7.9));
#9259 = DIRECTION('',(0.,0.,1.));
#9260 = DIRECTION('',(-1.,1.224646799147E-16,0.));
#9261 = ORIENTED_EDGE('',*,*,#9262,.T.);
#9262 = EDGE_CURVE('',#9254,#9263,#9265,.T.);
#9263 = VERTEX_POINT('',#9264);
#9264 = CARTESIAN_POINT('',(-0.899553535834,5.E-02,7.8));
#9265 = LINE('',#9266,#9267);
#9266 = CARTESIAN_POINT('',(-0.899553535834,5.E-02,7.7));
#9267 = VECTOR('',#9268,1.);
#9268 = DIRECTION('',(0.,0.,-1.));
#9269 = ORIENTED_EDGE('',*,*,#9270,.F.);
#9270 = EDGE_CURVE('',#9271,#9263,#9273,.T.);
#9271 = VERTEX_POINT('',#9272);
#9272 = CARTESIAN_POINT('',(-0.9,3.429011037613E-16,7.8));
#9273 = CIRCLE('',#9274,2.8);
#9274 = AXIS2_PLACEMENT_3D('',#9275,#9276,#9277);
#9275 = CARTESIAN_POINT('',(1.9,0.,7.8));
#9276 = DIRECTION('',(0.,0.,-1.));
#9277 = DIRECTION('',(-1.,1.224646799147E-16,0.));
#9278 = ORIENTED_EDGE('',*,*,#9279,.F.);
#9279 = EDGE_CURVE('',#9280,#9271,#9282,.T.);
#9280 = VERTEX_POINT('',#9281);
#9281 = CARTESIAN_POINT('',(-0.899553535834,-5.E-02,7.8));
#9282 = CIRCLE('',#9283,2.8);
#9283 = AXIS2_PLACEMENT_3D('',#9284,#9285,#9286);
#9284 = CARTESIAN_POINT('',(1.9,0.,7.8));
#9285 = DIRECTION('',(0.,0.,-1.));
#9286 = DIRECTION('',(-1.,1.224646799147E-16,0.));
#9287 = ORIENTED_EDGE('',*,*,#9288,.F.);
#9288 = EDGE_CURVE('',#9289,#9280,#9291,.T.);
#9289 = VERTEX_POINT('',#9290);
#9290 = CARTESIAN_POINT('',(-0.899553535834,-5.000000000003E-02,7.9));
#9291 = LINE('',#9292,#9293);
#9292 = CARTESIAN_POINT('',(-0.899553535834,-5.E-02,7.7));
#9293 = VECTOR('',#9294,1.);
#9294 = DIRECTION('',(0.,0.,-1.));
#9295 = ORIENTED_EDGE('',*,*,#9296,.T.);
#9296 = EDGE_CURVE('',#9289,#9297,#9299,.T.);
#9297 = VERTEX_POINT('',#9298);
#9298 = CARTESIAN_POINT('',(1.85,-2.799553535834,7.9));
#9299 = CIRCLE('',#9300,2.8);
#9300 = AXIS2_PLACEMENT_3D('',#9301,#9302,#9303);
#9301 = CARTESIAN_POINT('',(1.9,0.,7.9));
#9302 = DIRECTION('',(0.,0.,1.));
#9303 = DIRECTION('',(-1.,1.224646799147E-16,0.));
#9304 = ORIENTED_EDGE('',*,*,#9305,.T.);
#9305 = EDGE_CURVE('',#9297,#9306,#9308,.T.);
#9306 = VERTEX_POINT('',#9307);
#9307 = CARTESIAN_POINT('',(1.85,-2.799553535834,7.8));
#9308 = LINE('',#9309,#9310);
#9309 = CARTESIAN_POINT('',(1.85,-2.799553535834,7.7));
#9310 = VECTOR('',#9311,1.);
#9311 = DIRECTION('',(0.,0.,-1.));
#9312 = ORIENTED_EDGE('',*,*,#9313,.F.);
#9313 = EDGE_CURVE('',#9314,#9306,#9316,.T.);
#9314 = VERTEX_POINT('',#9315);
#9315 = CARTESIAN_POINT('',(1.95,-2.799553535834,7.8));
#9316 = CIRCLE('',#9317,2.8);
#9317 = AXIS2_PLACEMENT_3D('',#9318,#9319,#9320);
#9318 = CARTESIAN_POINT('',(1.9,0.,7.8));
#9319 = DIRECTION('',(0.,0.,-1.));
#9320 = DIRECTION('',(-1.,1.224646799147E-16,0.));
#9321 = ORIENTED_EDGE('',*,*,#9322,.F.);
#9322 = EDGE_CURVE('',#9323,#9314,#9325,.T.);
#9323 = VERTEX_POINT('',#9324);
#9324 = CARTESIAN_POINT('',(1.95,-2.799553535834,7.9));
#9325 = LINE('',#9326,#9327);
#9326 = CARTESIAN_POINT('',(1.95,-2.799553535834,7.7));
#9327 = VECTOR('',#9328,1.);
#9328 = DIRECTION('',(0.,0.,-1.));
#9329 = ORIENTED_EDGE('',*,*,#9330,.T.);
#9330 = EDGE_CURVE('',#9323,#9203,#9331,.T.);
#9331 = CIRCLE('',#9332,2.8);
#9332 = AXIS2_PLACEMENT_3D('',#9333,#9334,#9335);
#9333 = CARTESIAN_POINT('',(1.9,0.,7.9));
#9334 = DIRECTION('',(0.,0.,1.));
#9335 = DIRECTION('',(-1.,1.224646799147E-16,0.));
#9336 = CYLINDRICAL_SURFACE('',#9337,2.8);
#9337 = AXIS2_PLACEMENT_3D('',#9338,#9339,#9340);
#9338 = CARTESIAN_POINT('',(1.9,0.,8.));
#9339 = DIRECTION('',(0.,0.,-1.));
#9340 = DIRECTION('',(0.923879532511,-0.382683432365,0.));
#9341 = ADVANCED_FACE('',(#9342),#9388,.F.);
#9342 = FACE_BOUND('',#9343,.F.);
#9343 = EDGE_LOOP('',(#9344,#9345,#9346,#9347,#9356,#9364,#9373,#9381));
#9344 = ORIENTED_EDGE('',*,*,#9211,.F.);
#9345 = ORIENTED_EDGE('',*,*,#9186,.T.);
#9346 = ORIENTED_EDGE('',*,*,#9202,.T.);
#9347 = ORIENTED_EDGE('',*,*,#9348,.T.);
#9348 = EDGE_CURVE('',#9203,#9349,#9351,.T.);
#9349 = VERTEX_POINT('',#9350);
#9350 = CARTESIAN_POINT('',(4.699553535834,-4.999999999999E-02,7.9));
#9351 = CIRCLE('',#9352,2.8);
#9352 = AXIS2_PLACEMENT_3D('',#9353,#9354,#9355);
#9353 = CARTESIAN_POINT('',(1.9,0.,7.9));
#9354 = DIRECTION('',(0.,0.,1.));
#9355 = DIRECTION('',(-1.,1.224646799147E-16,0.));
#9356 = ORIENTED_EDGE('',*,*,#9357,.T.);
#9357 = EDGE_CURVE('',#9349,#9358,#9360,.T.);
#9358 = VERTEX_POINT('',#9359);
#9359 = CARTESIAN_POINT('',(4.699553535834,-5.E-02,7.8));
#9360 = LINE('',#9361,#9362);
#9361 = CARTESIAN_POINT('',(4.699553535834,-5.E-02,7.7));
#9362 = VECTOR('',#9363,1.);
#9363 = DIRECTION('',(0.,0.,-1.));
#9364 = ORIENTED_EDGE('',*,*,#9365,.F.);
#9365 = EDGE_CURVE('',#9366,#9358,#9368,.T.);
#9366 = VERTEX_POINT('',#9367);
#9367 = CARTESIAN_POINT('',(4.699553535834,5.E-02,7.8));
#9368 = CIRCLE('',#9369,2.8);
#9369 = AXIS2_PLACEMENT_3D('',#9370,#9371,#9372);
#9370 = CARTESIAN_POINT('',(1.9,0.,7.8));
#9371 = DIRECTION('',(0.,0.,-1.));
#9372 = DIRECTION('',(-1.,1.224646799147E-16,0.));
#9373 = ORIENTED_EDGE('',*,*,#9374,.F.);
#9374 = EDGE_CURVE('',#9375,#9366,#9377,.T.);
#9375 = VERTEX_POINT('',#9376);
#9376 = CARTESIAN_POINT('',(4.699553535834,4.999999999999E-02,7.9));
#9377 = LINE('',#9378,#9379);
#9378 = CARTESIAN_POINT('',(4.699553535834,5.E-02,7.7));
#9379 = VECTOR('',#9380,1.);
#9380 = DIRECTION('',(0.,0.,-1.));
#9381 = ORIENTED_EDGE('',*,*,#9382,.T.);
#9382 = EDGE_CURVE('',#9375,#9212,#9383,.T.);
#9383 = CIRCLE('',#9384,2.8);
#9384 = AXIS2_PLACEMENT_3D('',#9385,#9386,#9387);
#9385 = CARTESIAN_POINT('',(1.9,0.,7.9));
#9386 = DIRECTION('',(0.,0.,1.));
#9387 = DIRECTION('',(-1.,1.224646799147E-16,0.));
#9388 = CYLINDRICAL_SURFACE('',#9389,2.8);
#9389 = AXIS2_PLACEMENT_3D('',#9390,#9391,#9392);
#9390 = CARTESIAN_POINT('',(1.9,0.,8.));
#9391 = DIRECTION('',(0.,0.,-1.));
#9392 = DIRECTION('',(0.923879532511,0.382683432365,0.));
#9393 = ADVANCED_FACE('',(#9394),#9412,.T.);
#9394 = FACE_BOUND('',#9395,.T.);
#9395 = EDGE_LOOP('',(#9396,#9404,#9405,#9406));
#9396 = ORIENTED_EDGE('',*,*,#9397,.F.);
#9397 = EDGE_CURVE('',#9323,#9398,#9400,.T.);
#9398 = VERTEX_POINT('',#9399);
#9399 = CARTESIAN_POINT('',(1.95,-5.E-02,7.9));
#9400 = LINE('',#9401,#9402);
#9401 = CARTESIAN_POINT('',(1.95,-8.05,7.9));
#9402 = VECTOR('',#9403,1.);
#9403 = DIRECTION('',(1.224646799147E-16,1.,0.));
#9404 = ORIENTED_EDGE('',*,*,#9330,.T.);
#9405 = ORIENTED_EDGE('',*,*,#9348,.T.);
#9406 = ORIENTED_EDGE('',*,*,#9407,.F.);
#9407 = EDGE_CURVE('',#9398,#9349,#9408,.T.);
#9408 = LINE('',#9409,#9410);
#9409 = CARTESIAN_POINT('',(1.95,-5.E-02,7.9));
#9410 = VECTOR('',#9411,1.);
#9411 = DIRECTION('',(1.,-1.224646799147E-16,0.));
#9412 = PLANE('',#9413);
#9413 = AXIS2_PLACEMENT_3D('',#9414,#9415,#9416);
#9414 = CARTESIAN_POINT('',(1.9,-1.29885370033E-16,7.9));
#9415 = DIRECTION('',(0.,0.,1.));
#9416 = DIRECTION('',(-1.,1.224646799147E-16,0.));
#9417 = ADVANCED_FACE('',(#9418),#9436,.F.);
#9418 = FACE_BOUND('',#9419,.F.);
#9419 = EDGE_LOOP('',(#9420,#9421,#9422,#9430));
#9420 = ORIENTED_EDGE('',*,*,#9397,.F.);
#9421 = ORIENTED_EDGE('',*,*,#9322,.T.);
#9422 = ORIENTED_EDGE('',*,*,#9423,.T.);
#9423 = EDGE_CURVE('',#9314,#9424,#9426,.T.);
#9424 = VERTEX_POINT('',#9425);
#9425 = CARTESIAN_POINT('',(1.95,-5.E-02,7.8));
#9426 = LINE('',#9427,#9428);
#9427 = CARTESIAN_POINT('',(1.95,-8.05,7.8));
#9428 = VECTOR('',#9429,1.);
#9429 = DIRECTION('',(1.224646799147E-16,1.,0.));
#9430 = ORIENTED_EDGE('',*,*,#9431,.F.);
#9431 = EDGE_CURVE('',#9398,#9424,#9432,.T.);
#9432 = LINE('',#9433,#9434);
#9433 = CARTESIAN_POINT('',(1.95,-5.E-02,7.9));
#9434 = VECTOR('',#9435,1.);
#9435 = DIRECTION('',(0.,0.,-1.));
#9436 = PLANE('',#9437);
#9437 = AXIS2_PLACEMENT_3D('',#9438,#9439,#9440);
#9438 = CARTESIAN_POINT('',(1.95,-8.05,7.9));
#9439 = DIRECTION('',(1.,-1.224646799147E-16,0.));
#9440 = DIRECTION('',(1.224646799147E-16,1.,0.));
#9441 = ADVANCED_FACE('',(#9442),#9460,.T.);
#9442 = FACE_BOUND('',#9443,.T.);
#9443 = EDGE_LOOP('',(#9444,#9445,#9446,#9454));
#9444 = ORIENTED_EDGE('',*,*,#9382,.T.);
#9445 = ORIENTED_EDGE('',*,*,#9219,.T.);
#9446 = ORIENTED_EDGE('',*,*,#9447,.F.);
#9447 = EDGE_CURVE('',#9448,#9220,#9450,.T.);
#9448 = VERTEX_POINT('',#9449);
#9449 = CARTESIAN_POINT('',(1.95,5.E-02,7.9));
#9450 = LINE('',#9451,#9452);
#9451 = CARTESIAN_POINT('',(1.95,5.E-02,7.9));
#9452 = VECTOR('',#9453,1.);
#9453 = DIRECTION('',(1.224646799147E-16,1.,0.));
#9454 = ORIENTED_EDGE('',*,*,#9455,.F.);
#9455 = EDGE_CURVE('',#9375,#9448,#9456,.T.);
#9456 = LINE('',#9457,#9458);
#9457 = CARTESIAN_POINT('',(9.95,5.E-02,7.9));
#9458 = VECTOR('',#9459,1.);
#9459 = DIRECTION('',(-1.,1.224646799147E-16,0.));
#9460 = PLANE('',#9461);
#9461 = AXIS2_PLACEMENT_3D('',#9462,#9463,#9464);
#9462 = CARTESIAN_POINT('',(1.9,-1.29885370033E-16,7.9));
#9463 = DIRECTION('',(0.,0.,1.));
#9464 = DIRECTION('',(-1.,1.224646799147E-16,0.));
#9465 = ADVANCED_FACE('',(#9466),#9522,.T.);
#9466 = FACE_BOUND('',#9467,.T.);
#9467 = EDGE_LOOP('',(#9468,#9476,#9482,#9483,#9484,#9490,#9491,#9499,
    #9505,#9506,#9514,#9520,#9521));
#9468 = ORIENTED_EDGE('',*,*,#9469,.T.);
#9469 = EDGE_CURVE('',#9280,#9470,#9472,.T.);
#9470 = VERTEX_POINT('',#9471);
#9471 = CARTESIAN_POINT('',(1.85,-5.E-02,7.8));
#9472 = LINE('',#9473,#9474);
#9473 = CARTESIAN_POINT('',(-6.15,-5.E-02,7.8));
#9474 = VECTOR('',#9475,1.);
#9475 = DIRECTION('',(1.,-1.666748583704E-19,0.));
#9476 = ORIENTED_EDGE('',*,*,#9477,.T.);
#9477 = EDGE_CURVE('',#9470,#9306,#9478,.T.);
#9478 = LINE('',#9479,#9480);
#9479 = CARTESIAN_POINT('',(1.85,-5.E-02,7.8));
#9480 = VECTOR('',#9481,1.);
#9481 = DIRECTION('',(-1.224646799147E-16,-1.,0.));
#9482 = ORIENTED_EDGE('',*,*,#9313,.F.);
#9483 = ORIENTED_EDGE('',*,*,#9423,.T.);
#9484 = ORIENTED_EDGE('',*,*,#9485,.T.);
#9485 = EDGE_CURVE('',#9424,#9358,#9486,.T.);
#9486 = LINE('',#9487,#9488);
#9487 = CARTESIAN_POINT('',(1.95,-5.E-02,7.8));
#9488 = VECTOR('',#9489,1.);
#9489 = DIRECTION('',(1.,-1.224646799147E-16,0.));
#9490 = ORIENTED_EDGE('',*,*,#9365,.F.);
#9491 = ORIENTED_EDGE('',*,*,#9492,.T.);
#9492 = EDGE_CURVE('',#9366,#9493,#9495,.T.);
#9493 = VERTEX_POINT('',#9494);
#9494 = CARTESIAN_POINT('',(1.95,5.E-02,7.8));
#9495 = LINE('',#9496,#9497);
#9496 = CARTESIAN_POINT('',(9.95,5.E-02,7.8));
#9497 = VECTOR('',#9498,1.);
#9498 = DIRECTION('',(-1.,1.224646799147E-16,0.));
#9499 = ORIENTED_EDGE('',*,*,#9500,.T.);
#9500 = EDGE_CURVE('',#9493,#9229,#9501,.T.);
#9501 = LINE('',#9502,#9503);
#9502 = CARTESIAN_POINT('',(1.95,5.E-02,7.8));
#9503 = VECTOR('',#9504,1.);
#9504 = DIRECTION('',(1.224646799147E-16,1.,0.));
#9505 = ORIENTED_EDGE('',*,*,#9236,.F.);
#9506 = ORIENTED_EDGE('',*,*,#9507,.T.);
#9507 = EDGE_CURVE('',#9237,#9508,#9510,.T.);
#9508 = VERTEX_POINT('',#9509);
#9509 = CARTESIAN_POINT('',(1.85,5.E-02,7.8));
#9510 = LINE('',#9511,#9512);
#9511 = CARTESIAN_POINT('',(1.85,8.05,7.8));
#9512 = VECTOR('',#9513,1.);
#9513 = DIRECTION('',(-1.224646799147E-16,-1.,0.));
#9514 = ORIENTED_EDGE('',*,*,#9515,.T.);
#9515 = EDGE_CURVE('',#9508,#9263,#9516,.T.);
#9516 = LINE('',#9517,#9518);
#9517 = CARTESIAN_POINT('',(1.85,5.E-02,7.8));
#9518 = VECTOR('',#9519,1.);
#9519 = DIRECTION('',(-1.,1.224646799147E-16,0.));
#9520 = ORIENTED_EDGE('',*,*,#9270,.F.);
#9521 = ORIENTED_EDGE('',*,*,#9279,.F.);
#9522 = PLANE('',#9523);
#9523 = AXIS2_PLACEMENT_3D('',#9524,#9525,#9526);
#9524 = CARTESIAN_POINT('',(1.9,-5.365790627556E-16,7.8));
#9525 = DIRECTION('',(2.789396640922E-32,-3.240208219252E-32,1.));
#9526 = DIRECTION('',(-1.224646799147E-16,-1.,-3.240208219252E-32));
#9527 = ADVANCED_FACE('',(#9528),#9539,.F.);
#9528 = FACE_BOUND('',#9529,.F.);
#9529 = EDGE_LOOP('',(#9530,#9531,#9537,#9538));
#9530 = ORIENTED_EDGE('',*,*,#9447,.F.);
#9531 = ORIENTED_EDGE('',*,*,#9532,.T.);
#9532 = EDGE_CURVE('',#9448,#9493,#9533,.T.);
#9533 = LINE('',#9534,#9535);
#9534 = CARTESIAN_POINT('',(1.95,5.E-02,7.9));
#9535 = VECTOR('',#9536,1.);
#9536 = DIRECTION('',(0.,0.,-1.));
#9537 = ORIENTED_EDGE('',*,*,#9500,.T.);
#9538 = ORIENTED_EDGE('',*,*,#9228,.F.);
#9539 = PLANE('',#9540);
#9540 = AXIS2_PLACEMENT_3D('',#9541,#9542,#9543);
#9541 = CARTESIAN_POINT('',(1.95,5.E-02,7.9));
#9542 = DIRECTION('',(1.,-1.224646799147E-16,0.));
#9543 = DIRECTION('',(1.224646799147E-16,1.,0.));
#9544 = ADVANCED_FACE('',(#9545),#9563,.F.);
#9545 = FACE_BOUND('',#9546,.F.);
#9546 = EDGE_LOOP('',(#9547,#9555,#9561,#9562));
#9547 = ORIENTED_EDGE('',*,*,#9548,.F.);
#9548 = EDGE_CURVE('',#9549,#9297,#9551,.T.);
#9549 = VERTEX_POINT('',#9550);
#9550 = CARTESIAN_POINT('',(1.85,-5.E-02,7.9));
#9551 = LINE('',#9552,#9553);
#9552 = CARTESIAN_POINT('',(1.85,-5.E-02,7.9));
#9553 = VECTOR('',#9554,1.);
#9554 = DIRECTION('',(-1.224646799147E-16,-1.,0.));
#9555 = ORIENTED_EDGE('',*,*,#9556,.T.);
#9556 = EDGE_CURVE('',#9549,#9470,#9557,.T.);
#9557 = LINE('',#9558,#9559);
#9558 = CARTESIAN_POINT('',(1.85,-5.E-02,7.9));
#9559 = VECTOR('',#9560,1.);
#9560 = DIRECTION('',(0.,0.,-1.));
#9561 = ORIENTED_EDGE('',*,*,#9477,.T.);
#9562 = ORIENTED_EDGE('',*,*,#9305,.F.);
#9563 = PLANE('',#9564);
#9564 = AXIS2_PLACEMENT_3D('',#9565,#9566,#9567);
#9565 = CARTESIAN_POINT('',(1.85,-5.E-02,7.9));
#9566 = DIRECTION('',(-1.,1.224646799147E-16,0.));
#9567 = DIRECTION('',(-1.224646799147E-16,-1.,0.));
#9568 = ADVANCED_FACE('',(#9569),#9579,.T.);
#9569 = FACE_BOUND('',#9570,.T.);
#9570 = EDGE_LOOP('',(#9571,#9577,#9578));
#9571 = ORIENTED_EDGE('',*,*,#9572,.F.);
#9572 = EDGE_CURVE('',#9289,#9549,#9573,.T.);
#9573 = LINE('',#9574,#9575);
#9574 = CARTESIAN_POINT('',(-6.15,-5.E-02,7.9));
#9575 = VECTOR('',#9576,1.);
#9576 = DIRECTION('',(1.,-1.666748583704E-19,0.));
#9577 = ORIENTED_EDGE('',*,*,#9296,.T.);
#9578 = ORIENTED_EDGE('',*,*,#9548,.F.);
#9579 = PLANE('',#9580);
#9580 = AXIS2_PLACEMENT_3D('',#9581,#9582,#9583);
#9581 = CARTESIAN_POINT('',(1.9,-1.29885370033E-16,7.9));
#9582 = DIRECTION('',(0.,0.,1.));
#9583 = DIRECTION('',(-1.,1.224646799147E-16,0.));
#9584 = ADVANCED_FACE('',(#9585),#9603,.F.);
#9585 = FACE_BOUND('',#9586,.F.);
#9586 = EDGE_LOOP('',(#9587,#9595,#9596,#9597));
#9587 = ORIENTED_EDGE('',*,*,#9588,.F.);
#9588 = EDGE_CURVE('',#9246,#9589,#9591,.T.);
#9589 = VERTEX_POINT('',#9590);
#9590 = CARTESIAN_POINT('',(1.85,5.E-02,7.9));
#9591 = LINE('',#9592,#9593);
#9592 = CARTESIAN_POINT('',(1.85,8.05,7.9));
#9593 = VECTOR('',#9594,1.);
#9594 = DIRECTION('',(-1.224646799147E-16,-1.,0.));
#9595 = ORIENTED_EDGE('',*,*,#9245,.T.);
#9596 = ORIENTED_EDGE('',*,*,#9507,.T.);
#9597 = ORIENTED_EDGE('',*,*,#9598,.F.);
#9598 = EDGE_CURVE('',#9589,#9508,#9599,.T.);
#9599 = LINE('',#9600,#9601);
#9600 = CARTESIAN_POINT('',(1.85,5.E-02,7.9));
#9601 = VECTOR('',#9602,1.);
#9602 = DIRECTION('',(0.,0.,-1.));
#9603 = PLANE('',#9604);
#9604 = AXIS2_PLACEMENT_3D('',#9605,#9606,#9607);
#9605 = CARTESIAN_POINT('',(1.85,8.05,7.9));
#9606 = DIRECTION('',(-1.,1.224646799147E-16,0.));
#9607 = DIRECTION('',(-1.224646799147E-16,-1.,0.));
#9608 = ADVANCED_FACE('',(#9609),#9615,.F.);
#9609 = FACE_BOUND('',#9610,.F.);
#9610 = EDGE_LOOP('',(#9611,#9612,#9613,#9614));
#9611 = ORIENTED_EDGE('',*,*,#9572,.F.);
#9612 = ORIENTED_EDGE('',*,*,#9288,.T.);
#9613 = ORIENTED_EDGE('',*,*,#9469,.T.);
#9614 = ORIENTED_EDGE('',*,*,#9556,.F.);
#9615 = PLANE('',#9616);
#9616 = AXIS2_PLACEMENT_3D('',#9617,#9618,#9619);
#9617 = CARTESIAN_POINT('',(-6.15,-5.E-02,7.9));
#9618 = DIRECTION('',(-1.666748583704E-19,-1.,0.));
#9619 = DIRECTION('',(1.,-1.666748583704E-19,0.));
#9620 = ADVANCED_FACE('',(#9621),#9631,.T.);
#9621 = FACE_BOUND('',#9622,.T.);
#9622 = EDGE_LOOP('',(#9623,#9624,#9630));
#9623 = ORIENTED_EDGE('',*,*,#9253,.T.);
#9624 = ORIENTED_EDGE('',*,*,#9625,.F.);
#9625 = EDGE_CURVE('',#9589,#9254,#9626,.T.);
#9626 = LINE('',#9627,#9628);
#9627 = CARTESIAN_POINT('',(1.85,5.E-02,7.9));
#9628 = VECTOR('',#9629,1.);
#9629 = DIRECTION('',(-1.,1.224646799147E-16,0.));
#9630 = ORIENTED_EDGE('',*,*,#9588,.F.);
#9631 = PLANE('',#9632);
#9632 = AXIS2_PLACEMENT_3D('',#9633,#9634,#9635);
#9633 = CARTESIAN_POINT('',(1.9,-1.29885370033E-16,7.9));
#9634 = DIRECTION('',(0.,0.,1.));
#9635 = DIRECTION('',(-1.,1.224646799147E-16,0.));
#9636 = ADVANCED_FACE('',(#9637),#9643,.F.);
#9637 = FACE_BOUND('',#9638,.F.);
#9638 = EDGE_LOOP('',(#9639,#9640,#9641,#9642));
#9639 = ORIENTED_EDGE('',*,*,#9625,.F.);
#9640 = ORIENTED_EDGE('',*,*,#9598,.T.);
#9641 = ORIENTED_EDGE('',*,*,#9515,.T.);
#9642 = ORIENTED_EDGE('',*,*,#9262,.F.);
#9643 = PLANE('',#9644);
#9644 = AXIS2_PLACEMENT_3D('',#9645,#9646,#9647);
#9645 = CARTESIAN_POINT('',(1.85,5.E-02,7.9));
#9646 = DIRECTION('',(1.224646799147E-16,1.,0.));
#9647 = DIRECTION('',(-1.,1.224646799147E-16,0.));
#9648 = ADVANCED_FACE('',(#9649),#9655,.F.);
#9649 = FACE_BOUND('',#9650,.F.);
#9650 = EDGE_LOOP('',(#9651,#9652,#9653,#9654));
#9651 = ORIENTED_EDGE('',*,*,#9455,.F.);
#9652 = ORIENTED_EDGE('',*,*,#9374,.T.);
#9653 = ORIENTED_EDGE('',*,*,#9492,.T.);
#9654 = ORIENTED_EDGE('',*,*,#9532,.F.);
#9655 = PLANE('',#9656);
#9656 = AXIS2_PLACEMENT_3D('',#9657,#9658,#9659);
#9657 = CARTESIAN_POINT('',(9.95,5.E-02,7.9));
#9658 = DIRECTION('',(1.224646799147E-16,1.,0.));
#9659 = DIRECTION('',(-1.,1.224646799147E-16,0.));
#9660 = ADVANCED_FACE('',(#9661),#9667,.F.);
#9661 = FACE_BOUND('',#9662,.F.);
#9662 = EDGE_LOOP('',(#9663,#9664,#9665,#9666));
#9663 = ORIENTED_EDGE('',*,*,#9407,.F.);
#9664 = ORIENTED_EDGE('',*,*,#9431,.T.);
#9665 = ORIENTED_EDGE('',*,*,#9485,.T.);
#9666 = ORIENTED_EDGE('',*,*,#9357,.F.);
#9667 = PLANE('',#9668);
#9668 = AXIS2_PLACEMENT_3D('',#9669,#9670,#9671);
#9669 = CARTESIAN_POINT('',(1.95,-5.E-02,7.9));
#9670 = DIRECTION('',(-1.224646799147E-16,-1.,0.));
#9671 = DIRECTION('',(1.,-1.224646799147E-16,0.));
#9672 = ORIENTED_CLOSED_SHELL('',*,#9673,.F.);
#9673 = CLOSED_SHELL('',(#9674,#9707,#9739,#9756,#9783));
#9674 = ADVANCED_FACE('',(#9675),#9702,.T.);
#9675 = FACE_BOUND('',#9676,.T.);
#9676 = EDGE_LOOP('',(#9677,#9688,#9696));
#9677 = ORIENTED_EDGE('',*,*,#9678,.T.);
#9678 = EDGE_CURVE('',#9679,#9681,#9683,.T.);
#9679 = VERTEX_POINT('',#9680);
#9680 = CARTESIAN_POINT('',(4.486862691032,1.071513610622,7.6));
#9681 = VERTEX_POINT('',#9682);
#9682 = CARTESIAN_POINT('',(4.486862691032,-1.071513610622,7.6));
#9683 = CIRCLE('',#9684,2.8);
#9684 = AXIS2_PLACEMENT_3D('',#9685,#9686,#9687);
#9685 = CARTESIAN_POINT('',(1.9,0.,7.6));
#9686 = DIRECTION('',(0.,0.,-1.));
#9687 = DIRECTION('',(0.923879532511,0.382683432365,0.));
#9688 = ORIENTED_EDGE('',*,*,#9689,.T.);
#9689 = EDGE_CURVE('',#9681,#9690,#9692,.T.);
#9690 = VERTEX_POINT('',#9691);
#9691 = CARTESIAN_POINT('',(1.9,0.,7.6));
#9692 = LINE('',#9693,#9694);
#9693 = CARTESIAN_POINT('',(4.486862691032,-1.071513610622,7.6));
#9694 = VECTOR('',#9695,1.);
#9695 = DIRECTION('',(-0.923879532511,0.382683432365,0.));
#9696 = ORIENTED_EDGE('',*,*,#9697,.F.);
#9697 = EDGE_CURVE('',#9679,#9690,#9698,.T.);
#9698 = LINE('',#9699,#9700);
#9699 = CARTESIAN_POINT('',(4.486862691032,1.071513610622,7.6));
#9700 = VECTOR('',#9701,1.);
#9701 = DIRECTION('',(-0.923879532511,-0.382683432365,0.));
#9702 = PLANE('',#9703);
#9703 = AXIS2_PLACEMENT_3D('',#9704,#9705,#9706);
#9704 = CARTESIAN_POINT('',(1.9,0.,7.6));
#9705 = DIRECTION('',(0.,0.,-1.));
#9706 = DIRECTION('',(0.923879532511,0.382683432365,0.));
#9707 = ADVANCED_FACE('',(#9708),#9734,.T.);
#9708 = FACE_BOUND('',#9709,.T.);
#9709 = EDGE_LOOP('',(#9710,#9718,#9727,#9733));
#9710 = ORIENTED_EDGE('',*,*,#9711,.F.);
#9711 = EDGE_CURVE('',#9712,#9679,#9714,.T.);
#9712 = VERTEX_POINT('',#9713);
#9713 = CARTESIAN_POINT('',(4.486862691032,1.071513610622,7.7));
#9714 = LINE('',#9715,#9716);
#9715 = CARTESIAN_POINT('',(4.486862691032,1.071513610622,8.));
#9716 = VECTOR('',#9717,1.);
#9717 = DIRECTION('',(0.,0.,-1.));
#9718 = ORIENTED_EDGE('',*,*,#9719,.F.);
#9719 = EDGE_CURVE('',#9720,#9712,#9722,.T.);
#9720 = VERTEX_POINT('',#9721);
#9721 = CARTESIAN_POINT('',(4.486862691032,-1.071513610622,7.7));
#9722 = CIRCLE('',#9723,2.8);
#9723 = AXIS2_PLACEMENT_3D('',#9724,#9725,#9726);
#9724 = CARTESIAN_POINT('',(1.9,0.,7.7));
#9725 = DIRECTION('',(0.,0.,1.));
#9726 = DIRECTION('',(-1.,1.224646799147E-16,0.));
#9727 = ORIENTED_EDGE('',*,*,#9728,.T.);
#9728 = EDGE_CURVE('',#9720,#9681,#9729,.T.);
#9729 = LINE('',#9730,#9731);
#9730 = CARTESIAN_POINT('',(4.486862691032,-1.071513610622,8.));
#9731 = VECTOR('',#9732,1.);
#9732 = DIRECTION('',(0.,0.,-1.));
#9733 = ORIENTED_EDGE('',*,*,#9678,.F.);
#9734 = CYLINDRICAL_SURFACE('',#9735,2.8);
#9735 = AXIS2_PLACEMENT_3D('',#9736,#9737,#9738);
#9736 = CARTESIAN_POINT('',(1.9,0.,8.));
#9737 = DIRECTION('',(0.,0.,-1.));
#9738 = DIRECTION('',(0.923879532511,0.382683432365,0.));
#9739 = ADVANCED_FACE('',(#9740),#9751,.T.);
#9740 = FACE_BOUND('',#9741,.T.);
#9741 = EDGE_LOOP('',(#9742,#9749,#9750));
#9742 = ORIENTED_EDGE('',*,*,#9743,.T.);
#9743 = EDGE_CURVE('',#9681,#9679,#9744,.T.);
#9744 = CIRCLE('',#9745,2.8);
#9745 = AXIS2_PLACEMENT_3D('',#9746,#9747,#9748);
#9746 = CARTESIAN_POINT('',(1.9,0.,7.6));
#9747 = DIRECTION('',(0.,-0.,-1.));
#9748 = DIRECTION('',(0.923879532511,-0.382683432365,0.));
#9749 = ORIENTED_EDGE('',*,*,#9697,.T.);
#9750 = ORIENTED_EDGE('',*,*,#9689,.F.);
#9751 = PLANE('',#9752);
#9752 = AXIS2_PLACEMENT_3D('',#9753,#9754,#9755);
#9753 = CARTESIAN_POINT('',(1.9,0.,7.6));
#9754 = DIRECTION('',(0.,0.,-1.));
#9755 = DIRECTION('',(0.923879532511,-0.382683432365,0.));
#9756 = ADVANCED_FACE('',(#9757),#9778,.T.);
#9757 = FACE_BOUND('',#9758,.T.);
#9758 = EDGE_LOOP('',(#9759,#9760,#9769,#9776,#9777));
#9759 = ORIENTED_EDGE('',*,*,#9728,.F.);
#9760 = ORIENTED_EDGE('',*,*,#9761,.F.);
#9761 = EDGE_CURVE('',#9762,#9720,#9764,.T.);
#9762 = VERTEX_POINT('',#9763);
#9763 = CARTESIAN_POINT('',(-0.9,3.429011037613E-16,7.7));
#9764 = CIRCLE('',#9765,2.8);
#9765 = AXIS2_PLACEMENT_3D('',#9766,#9767,#9768);
#9766 = CARTESIAN_POINT('',(1.9,0.,7.7));
#9767 = DIRECTION('',(0.,0.,1.));
#9768 = DIRECTION('',(-1.,1.224646799147E-16,0.));
#9769 = ORIENTED_EDGE('',*,*,#9770,.F.);
#9770 = EDGE_CURVE('',#9712,#9762,#9771,.T.);
#9771 = CIRCLE('',#9772,2.8);
#9772 = AXIS2_PLACEMENT_3D('',#9773,#9774,#9775);
#9773 = CARTESIAN_POINT('',(1.9,0.,7.7));
#9774 = DIRECTION('',(0.,0.,1.));
#9775 = DIRECTION('',(-1.,1.224646799147E-16,0.));
#9776 = ORIENTED_EDGE('',*,*,#9711,.T.);
#9777 = ORIENTED_EDGE('',*,*,#9743,.F.);
#9778 = CYLINDRICAL_SURFACE('',#9779,2.8);
#9779 = AXIS2_PLACEMENT_3D('',#9780,#9781,#9782);
#9780 = CARTESIAN_POINT('',(1.9,0.,8.));
#9781 = DIRECTION('',(0.,0.,-1.));
#9782 = DIRECTION('',(0.923879532511,-0.382683432365,0.));
#9783 = ADVANCED_FACE('',(#9784),#9789,.T.);
#9784 = FACE_BOUND('',#9785,.T.);
#9785 = EDGE_LOOP('',(#9786,#9787,#9788));
#9786 = ORIENTED_EDGE('',*,*,#9761,.T.);
#9787 = ORIENTED_EDGE('',*,*,#9719,.T.);
#9788 = ORIENTED_EDGE('',*,*,#9770,.T.);
#9789 = PLANE('',#9790);
#9790 = AXIS2_PLACEMENT_3D('',#9791,#9792,#9793);
#9791 = CARTESIAN_POINT('',(1.9,-1.29885370033E-16,7.7));
#9792 = DIRECTION('',(0.,0.,1.));
#9793 = DIRECTION('',(-1.,1.224646799147E-16,0.));
#9794 = ( GEOMETRIC_REPRESENTATION_CONTEXT(3) 
GLOBAL_UNCERTAINTY_ASSIGNED_CONTEXT((#9798)) 
GLOBAL_UNIT_ASSIGNED_CONTEXT((#9795,#9796,#9797)) REPRESENTATION_CONTEXT
('Context #1','3D Context with UNIT and UNCERTAINTY') );
#9795 = ( LENGTH_UNIT() NAMED_UNIT(*) SI_UNIT(.MILLI.,.METRE.) );
#9796 = ( NAMED_UNIT(*) PLANE_ANGLE_UNIT() SI_UNIT($,.RADIAN.) );
#9797 = ( NAMED_UNIT(*) SI_UNIT($,.STERADIAN.) SOLID_ANGLE_UNIT() );
#9798 = UNCERTAINTY_MEASURE_WITH_UNIT(LENGTH_MEASURE(2.E-06),#9795,
  'distance_accuracy_value','confusion accuracy');
#9799 = CONTEXT_DEPENDENT_SHAPE_REPRESENTATION(#9800,#9802);
#9800 = ( REPRESENTATION_RELATIONSHIP('','',#7349,#10) 
REPRESENTATION_RELATIONSHIP_WITH_TRANSFORMATION(#9801) 
SHAPE_REPRESENTATION_RELATIONSHIP() );
#9801 = ITEM_DEFINED_TRANSFORMATION('','',#11,#75);
#9802 = PRODUCT_DEFINITION_SHAPE('Placement','Placement of an item',
  #9803);
#9803 = NEXT_ASSEMBLY_USAGE_OCCURRENCE('16','C5','',#5,#7344,$);
#9804 = PRODUCT_RELATED_PRODUCT_CATEGORY('part',$,(#7346));
#9805 = CONTEXT_DEPENDENT_SHAPE_REPRESENTATION(#9806,#9808);
#9806 = ( REPRESENTATION_RELATIONSHIP('','',#112,#10) 
REPRESENTATION_RELATIONSHIP_WITH_TRANSFORMATION(#9807) 
SHAPE_REPRESENTATION_RELATIONSHIP() );
#9807 = ITEM_DEFINED_TRANSFORMATION('','',#11,#79);
#9808 = PRODUCT_DEFINITION_SHAPE('Placement','Placement of an item',
  #9809);
#9809 = NEXT_ASSEMBLY_USAGE_OCCURRENCE('17','R11','',#5,#107,$);
#9810 = CONTEXT_DEPENDENT_SHAPE_REPRESENTATION(#9811,#9813);
#9811 = ( REPRESENTATION_RELATIONSHIP('','',#6426,#10) 
REPRESENTATION_RELATIONSHIP_WITH_TRANSFORMATION(#9812) 
SHAPE_REPRESENTATION_RELATIONSHIP() );
#9812 = ITEM_DEFINED_TRANSFORMATION('','',#11,#83);
#9813 = PRODUCT_DEFINITION_SHAPE('Placement','Placement of an item',
  #9814);
#9814 = NEXT_ASSEMBLY_USAGE_OCCURRENCE('18','C1','',#5,#6421,$);
#9815 = CONTEXT_DEPENDENT_SHAPE_REPRESENTATION(#9816,#9818);
#9816 = ( REPRESENTATION_RELATIONSHIP('','',#112,#10) 
REPRESENTATION_RELATIONSHIP_WITH_TRANSFORMATION(#9817) 
SHAPE_REPRESENTATION_RELATIONSHIP() );
#9817 = ITEM_DEFINED_TRANSFORMATION('','',#11,#87);
#9818 = PRODUCT_DEFINITION_SHAPE('Placement','Placement of an item',
  #9819);
#9819 = NEXT_ASSEMBLY_USAGE_OCCURRENCE('19','R12','',#5,#107,$);
#9820 = CONTEXT_DEPENDENT_SHAPE_REPRESENTATION(#9821,#9823);
#9821 = ( REPRESENTATION_RELATIONSHIP('','',#112,#10) 
REPRESENTATION_RELATIONSHIP_WITH_TRANSFORMATION(#9822) 
SHAPE_REPRESENTATION_RELATIONSHIP() );
#9822 = ITEM_DEFINED_TRANSFORMATION('','',#11,#91);
#9823 = PRODUCT_DEFINITION_SHAPE('Placement','Placement of an item',
  #9824);
#9824 = NEXT_ASSEMBLY_USAGE_OCCURRENCE('20','R1','',#5,#107,$);
#9825 = SHAPE_DEFINITION_REPRESENTATION(#9826,#9832);
#9826 = PRODUCT_DEFINITION_SHAPE('','',#9827);
#9827 = PRODUCT_DEFINITION('design','',#9828,#9831);
#9828 = PRODUCT_DEFINITION_FORMATION('','',#9829);
#9829 = PRODUCT('driver_bts7960_v1_PCB','driver_bts7960_v1_PCB','',(
    #9830));
#9830 = PRODUCT_CONTEXT('',#2,'mechanical');
#9831 = PRODUCT_DEFINITION_CONTEXT('part definition',#2,'design');
#9832 = ADVANCED_BREP_SHAPE_REPRESENTATION('',(#11,#9833),#10763);
#9833 = MANIFOLD_SOLID_BREP('',#9834);
#9834 = CLOSED_SHELL('',(#9835,#9875,#9906,#9937,#10174,#10411,#10423,
    #10440,#10457,#10474,#10491,#10508,#10525,#10542,#10559,#10576,
    #10593,#10610,#10627,#10644,#10661,#10678,#10695,#10712,#10729,
    #10746));
#9835 = ADVANCED_FACE('',(#9836),#9870,.T.);
#9836 = FACE_BOUND('',#9837,.T.);
#9837 = EDGE_LOOP('',(#9838,#9848,#9856,#9864));
#9838 = ORIENTED_EDGE('',*,*,#9839,.T.);
#9839 = EDGE_CURVE('',#9840,#9842,#9844,.T.);
#9840 = VERTEX_POINT('',#9841);
#9841 = CARTESIAN_POINT('',(159.3,-79.8,0.));
#9842 = VERTEX_POINT('',#9843);
#9843 = CARTESIAN_POINT('',(159.3,-79.8,1.51));
#9844 = LINE('',#9845,#9846);
#9845 = CARTESIAN_POINT('',(159.3,-79.8,0.));
#9846 = VECTOR('',#9847,1.);
#9847 = DIRECTION('',(0.,0.,1.));
#9848 = ORIENTED_EDGE('',*,*,#9849,.T.);
#9849 = EDGE_CURVE('',#9842,#9850,#9852,.T.);
#9850 = VERTEX_POINT('',#9851);
#9851 = CARTESIAN_POINT('',(109.05,-79.8,1.51));
#9852 = LINE('',#9853,#9854);
#9853 = CARTESIAN_POINT('',(159.3,-79.8,1.51));
#9854 = VECTOR('',#9855,1.);
#9855 = DIRECTION('',(-1.,0.,0.));
#9856 = ORIENTED_EDGE('',*,*,#9857,.F.);
#9857 = EDGE_CURVE('',#9858,#9850,#9860,.T.);
#9858 = VERTEX_POINT('',#9859);
#9859 = CARTESIAN_POINT('',(109.05,-79.8,0.));
#9860 = LINE('',#9861,#9862);
#9861 = CARTESIAN_POINT('',(109.05,-79.8,0.));
#9862 = VECTOR('',#9863,1.);
#9863 = DIRECTION('',(0.,0.,1.));
#9864 = ORIENTED_EDGE('',*,*,#9865,.F.);
#9865 = EDGE_CURVE('',#9840,#9858,#9866,.T.);
#9866 = LINE('',#9867,#9868);
#9867 = CARTESIAN_POINT('',(159.3,-79.8,0.));
#9868 = VECTOR('',#9869,1.);
#9869 = DIRECTION('',(-1.,0.,0.));
#9870 = PLANE('',#9871);
#9871 = AXIS2_PLACEMENT_3D('',#9872,#9873,#9874);
#9872 = CARTESIAN_POINT('',(159.3,-79.8,0.));
#9873 = DIRECTION('',(0.,-1.,0.));
#9874 = DIRECTION('',(-1.,0.,0.));
#9875 = ADVANCED_FACE('',(#9876),#9901,.T.);
#9876 = FACE_BOUND('',#9877,.T.);
#9877 = EDGE_LOOP('',(#9878,#9888,#9894,#9895));
#9878 = ORIENTED_EDGE('',*,*,#9879,.T.);
#9879 = EDGE_CURVE('',#9880,#9882,#9884,.T.);
#9880 = VERTEX_POINT('',#9881);
#9881 = CARTESIAN_POINT('',(159.3,-34.760254,0.));
#9882 = VERTEX_POINT('',#9883);
#9883 = CARTESIAN_POINT('',(159.3,-34.760254,1.51));
#9884 = LINE('',#9885,#9886);
#9885 = CARTESIAN_POINT('',(159.3,-34.760254,0.));
#9886 = VECTOR('',#9887,1.);
#9887 = DIRECTION('',(0.,0.,1.));
#9888 = ORIENTED_EDGE('',*,*,#9889,.T.);
#9889 = EDGE_CURVE('',#9882,#9842,#9890,.T.);
#9890 = LINE('',#9891,#9892);
#9891 = CARTESIAN_POINT('',(159.3,-34.760254,1.51));
#9892 = VECTOR('',#9893,1.);
#9893 = DIRECTION('',(0.,-1.,0.));
#9894 = ORIENTED_EDGE('',*,*,#9839,.F.);
#9895 = ORIENTED_EDGE('',*,*,#9896,.F.);
#9896 = EDGE_CURVE('',#9880,#9840,#9897,.T.);
#9897 = LINE('',#9898,#9899);
#9898 = CARTESIAN_POINT('',(159.3,-34.760254,0.));
#9899 = VECTOR('',#9900,1.);
#9900 = DIRECTION('',(0.,-1.,0.));
#9901 = PLANE('',#9902);
#9902 = AXIS2_PLACEMENT_3D('',#9903,#9904,#9905);
#9903 = CARTESIAN_POINT('',(159.3,-34.760254,0.));
#9904 = DIRECTION('',(1.,0.,-0.));
#9905 = DIRECTION('',(0.,-1.,0.));
#9906 = ADVANCED_FACE('',(#9907),#9932,.T.);
#9907 = FACE_BOUND('',#9908,.T.);
#9908 = EDGE_LOOP('',(#9909,#9910,#9918,#9926));
#9909 = ORIENTED_EDGE('',*,*,#9857,.T.);
#9910 = ORIENTED_EDGE('',*,*,#9911,.T.);
#9911 = EDGE_CURVE('',#9850,#9912,#9914,.T.);
#9912 = VERTEX_POINT('',#9913);
#9913 = CARTESIAN_POINT('',(109.05,-34.760254,1.51));
#9914 = LINE('',#9915,#9916);
#9915 = CARTESIAN_POINT('',(109.05,-79.8,1.51));
#9916 = VECTOR('',#9917,1.);
#9917 = DIRECTION('',(0.,1.,0.));
#9918 = ORIENTED_EDGE('',*,*,#9919,.F.);
#9919 = EDGE_CURVE('',#9920,#9912,#9922,.T.);
#9920 = VERTEX_POINT('',#9921);
#9921 = CARTESIAN_POINT('',(109.05,-34.760254,0.));
#9922 = LINE('',#9923,#9924);
#9923 = CARTESIAN_POINT('',(109.05,-34.760254,0.));
#9924 = VECTOR('',#9925,1.);
#9925 = DIRECTION('',(0.,0.,1.));
#9926 = ORIENTED_EDGE('',*,*,#9927,.F.);
#9927 = EDGE_CURVE('',#9858,#9920,#9928,.T.);
#9928 = LINE('',#9929,#9930);
#9929 = CARTESIAN_POINT('',(109.05,-79.8,0.));
#9930 = VECTOR('',#9931,1.);
#9931 = DIRECTION('',(0.,1.,0.));
#9932 = PLANE('',#9933);
#9933 = AXIS2_PLACEMENT_3D('',#9934,#9935,#9936);
#9934 = CARTESIAN_POINT('',(109.05,-79.8,0.));
#9935 = DIRECTION('',(-1.,0.,0.));
#9936 = DIRECTION('',(0.,1.,0.));
#9937 = ADVANCED_FACE('',(#9938,#9949,#9960,#9971,#9982,#9993,#10004,
    #10015,#10026,#10037,#10048,#10059,#10070,#10081,#10092,#10103,
    #10114,#10125,#10136,#10147,#10158),#10169,.F.);
#9938 = FACE_BOUND('',#9939,.F.);
#9939 = EDGE_LOOP('',(#9940,#9941,#9942,#9948));
#9940 = ORIENTED_EDGE('',*,*,#9865,.F.);
#9941 = ORIENTED_EDGE('',*,*,#9896,.F.);
#9942 = ORIENTED_EDGE('',*,*,#9943,.F.);
#9943 = EDGE_CURVE('',#9920,#9880,#9944,.T.);
#9944 = LINE('',#9945,#9946);
#9945 = CARTESIAN_POINT('',(109.05,-34.760254,0.));
#9946 = VECTOR('',#9947,1.);
#9947 = DIRECTION('',(1.,0.,0.));
#9948 = ORIENTED_EDGE('',*,*,#9927,.F.);
#9949 = FACE_BOUND('',#9950,.F.);
#9950 = EDGE_LOOP('',(#9951));
#9951 = ORIENTED_EDGE('',*,*,#9952,.T.);
#9952 = EDGE_CURVE('',#9953,#9953,#9955,.T.);
#9953 = VERTEX_POINT('',#9954);
#9954 = CARTESIAN_POINT('',(112.6,-77.85,0.));
#9955 = CIRCLE('',#9956,1.6);
#9956 = AXIS2_PLACEMENT_3D('',#9957,#9958,#9959);
#9957 = CARTESIAN_POINT('',(112.6,-76.25,0.));
#9958 = DIRECTION('',(-0.,0.,-1.));
#9959 = DIRECTION('',(-0.,-1.,0.));
#9960 = FACE_BOUND('',#9961,.F.);
#9961 = EDGE_LOOP('',(#9962));
#9962 = ORIENTED_EDGE('',*,*,#9963,.T.);
#9963 = EDGE_CURVE('',#9964,#9964,#9966,.T.);
#9964 = VERTEX_POINT('',#9965);
#9965 = CARTESIAN_POINT('',(119.295,-78.,0.));
#9966 = CIRCLE('',#9967,0.15);
#9967 = AXIS2_PLACEMENT_3D('',#9968,#9969,#9970);
#9968 = CARTESIAN_POINT('',(119.295,-77.85,0.));
#9969 = DIRECTION('',(-0.,0.,-1.));
#9970 = DIRECTION('',(9.473903143468E-14,-1.,-0.));
#9971 = FACE_BOUND('',#9972,.F.);
#9972 = EDGE_LOOP('',(#9973));
#9973 = ORIENTED_EDGE('',*,*,#9974,.T.);
#9974 = EDGE_CURVE('',#9975,#9975,#9977,.T.);
#9975 = VERTEX_POINT('',#9976);
#9976 = CARTESIAN_POINT('',(121.835,-78.,0.));
#9977 = CIRCLE('',#9978,0.15);
#9978 = AXIS2_PLACEMENT_3D('',#9979,#9980,#9981);
#9979 = CARTESIAN_POINT('',(121.835,-77.85,0.));
#9980 = DIRECTION('',(-0.,0.,-1.));
#9981 = DIRECTION('',(-9.473903143469E-14,-1.,0.));
#9982 = FACE_BOUND('',#9983,.F.);
#9983 = EDGE_LOOP('',(#9984));
#9984 = ORIENTED_EDGE('',*,*,#9985,.T.);
#9985 = EDGE_CURVE('',#9986,#9986,#9988,.T.);
#9986 = VERTEX_POINT('',#9987);
#9987 = CARTESIAN_POINT('',(124.375,-78.,0.));
#9988 = CIRCLE('',#9989,0.15);
#9989 = AXIS2_PLACEMENT_3D('',#9990,#9991,#9992);
#9990 = CARTESIAN_POINT('',(124.375,-77.85,0.));
#9991 = DIRECTION('',(-0.,0.,-1.));
#9992 = DIRECTION('',(-0.,-1.,0.));
#9993 = FACE_BOUND('',#9994,.F.);
#9994 = EDGE_LOOP('',(#9995));
#9995 = ORIENTED_EDGE('',*,*,#9996,.T.);
#9996 = EDGE_CURVE('',#9997,#9997,#9999,.T.);
#9997 = VERTEX_POINT('',#9998);
#9998 = CARTESIAN_POINT('',(126.915,-78.,0.));
#9999 = CIRCLE('',#10000,0.15);
#10000 = AXIS2_PLACEMENT_3D('',#10001,#10002,#10003);
#10001 = CARTESIAN_POINT('',(126.915,-77.85,0.));
#10002 = DIRECTION('',(-0.,0.,-1.));
#10003 = DIRECTION('',(9.473903143468E-14,-1.,-0.));
#10004 = FACE_BOUND('',#10005,.F.);
#10005 = EDGE_LOOP('',(#10006));
#10006 = ORIENTED_EDGE('',*,*,#10007,.T.);
#10007 = EDGE_CURVE('',#10008,#10008,#10010,.T.);
#10008 = VERTEX_POINT('',#10009);
#10009 = CARTESIAN_POINT('',(129.455,-78.,0.));
#10010 = CIRCLE('',#10011,0.15);
#10011 = AXIS2_PLACEMENT_3D('',#10012,#10013,#10014);
#10012 = CARTESIAN_POINT('',(129.455,-77.85,0.));
#10013 = DIRECTION('',(-0.,0.,-1.));
#10014 = DIRECTION('',(1.894780628694E-13,-1.,-0.));
#10015 = FACE_BOUND('',#10016,.F.);
#10016 = EDGE_LOOP('',(#10017));
#10017 = ORIENTED_EDGE('',*,*,#10018,.T.);
#10018 = EDGE_CURVE('',#10019,#10019,#10021,.T.);
#10019 = VERTEX_POINT('',#10020);
#10020 = CARTESIAN_POINT('',(131.995,-78.,0.));
#10021 = CIRCLE('',#10022,0.15);
#10022 = AXIS2_PLACEMENT_3D('',#10023,#10024,#10025);
#10023 = CARTESIAN_POINT('',(131.995,-77.85,0.));
#10024 = DIRECTION('',(-0.,0.,-1.));
#10025 = DIRECTION('',(-0.,-1.,0.));
#10026 = FACE_BOUND('',#10027,.F.);
#10027 = EDGE_LOOP('',(#10028));
#10028 = ORIENTED_EDGE('',*,*,#10029,.T.);
#10029 = EDGE_CURVE('',#10030,#10030,#10032,.T.);
#10030 = VERTEX_POINT('',#10031);
#10031 = CARTESIAN_POINT('',(134.535,-78.,0.));
#10032 = CIRCLE('',#10033,0.15);
#10033 = AXIS2_PLACEMENT_3D('',#10034,#10035,#10036);
#10034 = CARTESIAN_POINT('',(134.535,-77.85,0.));
#10035 = DIRECTION('',(-0.,0.,-1.));
#10036 = DIRECTION('',(-0.,-1.,0.));
#10037 = FACE_BOUND('',#10038,.F.);
#10038 = EDGE_LOOP('',(#10039));
#10039 = ORIENTED_EDGE('',*,*,#10040,.T.);
#10040 = EDGE_CURVE('',#10041,#10041,#10043,.T.);
#10041 = VERTEX_POINT('',#10042);
#10042 = CARTESIAN_POINT('',(137.075,-78.,0.));
#10043 = CIRCLE('',#10044,0.15);
#10044 = AXIS2_PLACEMENT_3D('',#10045,#10046,#10047);
#10045 = CARTESIAN_POINT('',(137.075,-77.85,0.));
#10046 = DIRECTION('',(-0.,0.,-1.));
#10047 = DIRECTION('',(-0.,-1.,0.));
#10048 = FACE_BOUND('',#10049,.F.);
#10049 = EDGE_LOOP('',(#10050));
#10050 = ORIENTED_EDGE('',*,*,#10051,.T.);
#10051 = EDGE_CURVE('',#10052,#10052,#10054,.T.);
#10052 = VERTEX_POINT('',#10053);
#10053 = CARTESIAN_POINT('',(143.6,-76.67,0.));
#10054 = CIRCLE('',#10055,0.15);
#10055 = AXIS2_PLACEMENT_3D('',#10056,#10057,#10058);
#10056 = CARTESIAN_POINT('',(143.6,-76.52,0.));
#10057 = DIRECTION('',(-0.,0.,-1.));
#10058 = DIRECTION('',(-0.,-1.,0.));
#10059 = FACE_BOUND('',#10060,.F.);
#10060 = EDGE_LOOP('',(#10061));
#10061 = ORIENTED_EDGE('',*,*,#10062,.T.);
#10062 = EDGE_CURVE('',#10063,#10063,#10065,.T.);
#10063 = VERTEX_POINT('',#10064);
#10064 = CARTESIAN_POINT('',(148.6,-76.67,0.));
#10065 = CIRCLE('',#10066,0.15);
#10066 = AXIS2_PLACEMENT_3D('',#10067,#10068,#10069);
#10067 = CARTESIAN_POINT('',(148.6,-76.52,0.));
#10068 = DIRECTION('',(-0.,0.,-1.));
#10069 = DIRECTION('',(-0.,-1.,0.));
#10070 = FACE_BOUND('',#10071,.F.);
#10071 = EDGE_LOOP('',(#10072));
#10072 = ORIENTED_EDGE('',*,*,#10073,.T.);
#10073 = EDGE_CURVE('',#10074,#10074,#10076,.T.);
#10074 = VERTEX_POINT('',#10075);
#10075 = CARTESIAN_POINT('',(155.7,-77.8,0.));
#10076 = CIRCLE('',#10077,1.6);
#10077 = AXIS2_PLACEMENT_3D('',#10078,#10079,#10080);
#10078 = CARTESIAN_POINT('',(155.7,-76.2,0.));
#10079 = DIRECTION('',(-0.,0.,-1.));
#10080 = DIRECTION('',(-0.,-1.,0.));
#10081 = FACE_BOUND('',#10082,.F.);
#10082 = EDGE_LOOP('',(#10083));
#10083 = ORIENTED_EDGE('',*,*,#10084,.T.);
#10084 = EDGE_CURVE('',#10085,#10085,#10087,.T.);
#10085 = VERTEX_POINT('',#10086);
#10086 = CARTESIAN_POINT('',(153.,-65.95,0.));
#10087 = CIRCLE('',#10088,0.15);
#10088 = AXIS2_PLACEMENT_3D('',#10089,#10090,#10091);
#10089 = CARTESIAN_POINT('',(153.,-65.8,0.));
#10090 = DIRECTION('',(-0.,0.,-1.));
#10091 = DIRECTION('',(-0.,-1.,0.));
#10092 = FACE_BOUND('',#10093,.F.);
#10093 = EDGE_LOOP('',(#10094));
#10094 = ORIENTED_EDGE('',*,*,#10095,.T.);
#10095 = EDGE_CURVE('',#10096,#10096,#10098,.T.);
#10096 = VERTEX_POINT('',#10097);
#10097 = CARTESIAN_POINT('',(156.8,-65.95,0.));
#10098 = CIRCLE('',#10099,0.15);
#10099 = AXIS2_PLACEMENT_3D('',#10100,#10101,#10102);
#10100 = CARTESIAN_POINT('',(156.8,-65.8,0.));
#10101 = DIRECTION('',(-0.,0.,-1.));
#10102 = DIRECTION('',(-0.,-1.,0.));
#10103 = FACE_BOUND('',#10104,.F.);
#10104 = EDGE_LOOP('',(#10105));
#10105 = ORIENTED_EDGE('',*,*,#10106,.T.);
#10106 = EDGE_CURVE('',#10107,#10107,#10109,.T.);
#10107 = VERTEX_POINT('',#10108);
#10108 = CARTESIAN_POINT('',(112.6,-39.9,0.));
#10109 = CIRCLE('',#10110,1.6);
#10110 = AXIS2_PLACEMENT_3D('',#10111,#10112,#10113);
#10111 = CARTESIAN_POINT('',(112.6,-38.3,0.));
#10112 = DIRECTION('',(-0.,0.,-1.));
#10113 = DIRECTION('',(-0.,-1.,0.));
#10114 = FACE_BOUND('',#10115,.F.);
#10115 = EDGE_LOOP('',(#10116));
#10116 = ORIENTED_EDGE('',*,*,#10117,.T.);
#10117 = EDGE_CURVE('',#10118,#10118,#10120,.T.);
#10118 = VERTEX_POINT('',#10119);
#10119 = CARTESIAN_POINT('',(123.59,-38.15,0.));
#10120 = CIRCLE('',#10121,0.15);
#10121 = AXIS2_PLACEMENT_3D('',#10122,#10123,#10124);
#10122 = CARTESIAN_POINT('',(123.59,-38.,0.));
#10123 = DIRECTION('',(-0.,0.,-1.));
#10124 = DIRECTION('',(-0.,-1.,0.));
#10125 = FACE_BOUND('',#10126,.F.);
#10126 = EDGE_LOOP('',(#10127));
#10127 = ORIENTED_EDGE('',*,*,#10128,.T.);
#10128 = EDGE_CURVE('',#10129,#10129,#10131,.T.);
#10129 = VERTEX_POINT('',#10130);
#10130 = CARTESIAN_POINT('',(128.59,-38.15,0.));
#10131 = CIRCLE('',#10132,0.15);
#10132 = AXIS2_PLACEMENT_3D('',#10133,#10134,#10135);
#10133 = CARTESIAN_POINT('',(128.59,-38.,0.));
#10134 = DIRECTION('',(-0.,0.,-1.));
#10135 = DIRECTION('',(-0.,-1.,0.));
#10136 = FACE_BOUND('',#10137,.F.);
#10137 = EDGE_LOOP('',(#10138));
#10138 = ORIENTED_EDGE('',*,*,#10139,.T.);
#10139 = EDGE_CURVE('',#10140,#10140,#10142,.T.);
#10140 = VERTEX_POINT('',#10141);
#10141 = CARTESIAN_POINT('',(139.53,-38.15,0.));
#10142 = CIRCLE('',#10143,0.15);
#10143 = AXIS2_PLACEMENT_3D('',#10144,#10145,#10146);
#10144 = CARTESIAN_POINT('',(139.53,-38.,0.));
#10145 = DIRECTION('',(-0.,0.,-1.));
#10146 = DIRECTION('',(-0.,-1.,0.));
#10147 = FACE_BOUND('',#10148,.F.);
#10148 = EDGE_LOOP('',(#10149));
#10149 = ORIENTED_EDGE('',*,*,#10150,.T.);
#10150 = EDGE_CURVE('',#10151,#10151,#10153,.T.);
#10151 = VERTEX_POINT('',#10152);
#10152 = CARTESIAN_POINT('',(144.53,-38.15,0.));
#10153 = CIRCLE('',#10154,0.15);
#10154 = AXIS2_PLACEMENT_3D('',#10155,#10156,#10157);
#10155 = CARTESIAN_POINT('',(144.53,-38.,0.));
#10156 = DIRECTION('',(-0.,0.,-1.));
#10157 = DIRECTION('',(-0.,-1.,0.));
#10158 = FACE_BOUND('',#10159,.F.);
#10159 = EDGE_LOOP('',(#10160));
#10160 = ORIENTED_EDGE('',*,*,#10161,.T.);
#10161 = EDGE_CURVE('',#10162,#10162,#10164,.T.);
#10162 = VERTEX_POINT('',#10163);
#10163 = CARTESIAN_POINT('',(155.7,-39.9,0.));
#10164 = CIRCLE('',#10165,1.6);
#10165 = AXIS2_PLACEMENT_3D('',#10166,#10167,#10168);
#10166 = CARTESIAN_POINT('',(155.7,-38.3,0.));
#10167 = DIRECTION('',(-0.,0.,-1.));
#10168 = DIRECTION('',(-0.,-1.,0.));
#10169 = PLANE('',#10170);
#10170 = AXIS2_PLACEMENT_3D('',#10171,#10172,#10173);
#10171 = CARTESIAN_POINT('',(0.,0.,0.));
#10172 = DIRECTION('',(0.,0.,1.));
#10173 = DIRECTION('',(1.,0.,-0.));
#10174 = ADVANCED_FACE('',(#10175,#10186,#10197,#10208,#10219,#10230,
    #10241,#10252,#10263,#10274,#10285,#10296,#10307,#10318,#10329,
    #10340,#10351,#10362,#10373,#10384,#10395),#10406,.T.);
#10175 = FACE_BOUND('',#10176,.T.);
#10176 = EDGE_LOOP('',(#10177,#10178,#10179,#10185));
#10177 = ORIENTED_EDGE('',*,*,#9849,.F.);
#10178 = ORIENTED_EDGE('',*,*,#9889,.F.);
#10179 = ORIENTED_EDGE('',*,*,#10180,.F.);
#10180 = EDGE_CURVE('',#9912,#9882,#10181,.T.);
#10181 = LINE('',#10182,#10183);
#10182 = CARTESIAN_POINT('',(109.05,-34.760254,1.51));
#10183 = VECTOR('',#10184,1.);
#10184 = DIRECTION('',(1.,0.,0.));
#10185 = ORIENTED_EDGE('',*,*,#9911,.F.);
#10186 = FACE_BOUND('',#10187,.T.);
#10187 = EDGE_LOOP('',(#10188));
#10188 = ORIENTED_EDGE('',*,*,#10189,.T.);
#10189 = EDGE_CURVE('',#10190,#10190,#10192,.T.);
#10190 = VERTEX_POINT('',#10191);
#10191 = CARTESIAN_POINT('',(112.6,-77.85,1.51));
#10192 = CIRCLE('',#10193,1.6);
#10193 = AXIS2_PLACEMENT_3D('',#10194,#10195,#10196);
#10194 = CARTESIAN_POINT('',(112.6,-76.25,1.51));
#10195 = DIRECTION('',(-0.,0.,-1.));
#10196 = DIRECTION('',(-0.,-1.,0.));
#10197 = FACE_BOUND('',#10198,.T.);
#10198 = EDGE_LOOP('',(#10199));
#10199 = ORIENTED_EDGE('',*,*,#10200,.T.);
#10200 = EDGE_CURVE('',#10201,#10201,#10203,.T.);
#10201 = VERTEX_POINT('',#10202);
#10202 = CARTESIAN_POINT('',(119.295,-78.,1.51));
#10203 = CIRCLE('',#10204,0.15);
#10204 = AXIS2_PLACEMENT_3D('',#10205,#10206,#10207);
#10205 = CARTESIAN_POINT('',(119.295,-77.85,1.51));
#10206 = DIRECTION('',(-0.,0.,-1.));
#10207 = DIRECTION('',(9.473903143468E-14,-1.,-0.));
#10208 = FACE_BOUND('',#10209,.T.);
#10209 = EDGE_LOOP('',(#10210));
#10210 = ORIENTED_EDGE('',*,*,#10211,.T.);
#10211 = EDGE_CURVE('',#10212,#10212,#10214,.T.);
#10212 = VERTEX_POINT('',#10213);
#10213 = CARTESIAN_POINT('',(121.835,-78.,1.51));
#10214 = CIRCLE('',#10215,0.15);
#10215 = AXIS2_PLACEMENT_3D('',#10216,#10217,#10218);
#10216 = CARTESIAN_POINT('',(121.835,-77.85,1.51));
#10217 = DIRECTION('',(-0.,0.,-1.));
#10218 = DIRECTION('',(-9.473903143469E-14,-1.,0.));
#10219 = FACE_BOUND('',#10220,.T.);
#10220 = EDGE_LOOP('',(#10221));
#10221 = ORIENTED_EDGE('',*,*,#10222,.T.);
#10222 = EDGE_CURVE('',#10223,#10223,#10225,.T.);
#10223 = VERTEX_POINT('',#10224);
#10224 = CARTESIAN_POINT('',(124.375,-78.,1.51));
#10225 = CIRCLE('',#10226,0.15);
#10226 = AXIS2_PLACEMENT_3D('',#10227,#10228,#10229);
#10227 = CARTESIAN_POINT('',(124.375,-77.85,1.51));
#10228 = DIRECTION('',(-0.,0.,-1.));
#10229 = DIRECTION('',(-0.,-1.,0.));
#10230 = FACE_BOUND('',#10231,.T.);
#10231 = EDGE_LOOP('',(#10232));
#10232 = ORIENTED_EDGE('',*,*,#10233,.T.);
#10233 = EDGE_CURVE('',#10234,#10234,#10236,.T.);
#10234 = VERTEX_POINT('',#10235);
#10235 = CARTESIAN_POINT('',(126.915,-78.,1.51));
#10236 = CIRCLE('',#10237,0.15);
#10237 = AXIS2_PLACEMENT_3D('',#10238,#10239,#10240);
#10238 = CARTESIAN_POINT('',(126.915,-77.85,1.51));
#10239 = DIRECTION('',(-0.,0.,-1.));
#10240 = DIRECTION('',(9.473903143468E-14,-1.,-0.));
#10241 = FACE_BOUND('',#10242,.T.);
#10242 = EDGE_LOOP('',(#10243));
#10243 = ORIENTED_EDGE('',*,*,#10244,.T.);
#10244 = EDGE_CURVE('',#10245,#10245,#10247,.T.);
#10245 = VERTEX_POINT('',#10246);
#10246 = CARTESIAN_POINT('',(129.455,-78.,1.51));
#10247 = CIRCLE('',#10248,0.15);
#10248 = AXIS2_PLACEMENT_3D('',#10249,#10250,#10251);
#10249 = CARTESIAN_POINT('',(129.455,-77.85,1.51));
#10250 = DIRECTION('',(-0.,0.,-1.));
#10251 = DIRECTION('',(1.894780628694E-13,-1.,-0.));
#10252 = FACE_BOUND('',#10253,.T.);
#10253 = EDGE_LOOP('',(#10254));
#10254 = ORIENTED_EDGE('',*,*,#10255,.T.);
#10255 = EDGE_CURVE('',#10256,#10256,#10258,.T.);
#10256 = VERTEX_POINT('',#10257);
#10257 = CARTESIAN_POINT('',(131.995,-78.,1.51));
#10258 = CIRCLE('',#10259,0.15);
#10259 = AXIS2_PLACEMENT_3D('',#10260,#10261,#10262);
#10260 = CARTESIAN_POINT('',(131.995,-77.85,1.51));
#10261 = DIRECTION('',(-0.,0.,-1.));
#10262 = DIRECTION('',(-0.,-1.,0.));
#10263 = FACE_BOUND('',#10264,.T.);
#10264 = EDGE_LOOP('',(#10265));
#10265 = ORIENTED_EDGE('',*,*,#10266,.T.);
#10266 = EDGE_CURVE('',#10267,#10267,#10269,.T.);
#10267 = VERTEX_POINT('',#10268);
#10268 = CARTESIAN_POINT('',(134.535,-78.,1.51));
#10269 = CIRCLE('',#10270,0.15);
#10270 = AXIS2_PLACEMENT_3D('',#10271,#10272,#10273);
#10271 = CARTESIAN_POINT('',(134.535,-77.85,1.51));
#10272 = DIRECTION('',(-0.,0.,-1.));
#10273 = DIRECTION('',(-0.,-1.,0.));
#10274 = FACE_BOUND('',#10275,.T.);
#10275 = EDGE_LOOP('',(#10276));
#10276 = ORIENTED_EDGE('',*,*,#10277,.T.);
#10277 = EDGE_CURVE('',#10278,#10278,#10280,.T.);
#10278 = VERTEX_POINT('',#10279);
#10279 = CARTESIAN_POINT('',(137.075,-78.,1.51));
#10280 = CIRCLE('',#10281,0.15);
#10281 = AXIS2_PLACEMENT_3D('',#10282,#10283,#10284);
#10282 = CARTESIAN_POINT('',(137.075,-77.85,1.51));
#10283 = DIRECTION('',(-0.,0.,-1.));
#10284 = DIRECTION('',(-0.,-1.,0.));
#10285 = FACE_BOUND('',#10286,.T.);
#10286 = EDGE_LOOP('',(#10287));
#10287 = ORIENTED_EDGE('',*,*,#10288,.T.);
#10288 = EDGE_CURVE('',#10289,#10289,#10291,.T.);
#10289 = VERTEX_POINT('',#10290);
#10290 = CARTESIAN_POINT('',(143.6,-76.67,1.51));
#10291 = CIRCLE('',#10292,0.15);
#10292 = AXIS2_PLACEMENT_3D('',#10293,#10294,#10295);
#10293 = CARTESIAN_POINT('',(143.6,-76.52,1.51));
#10294 = DIRECTION('',(-0.,0.,-1.));
#10295 = DIRECTION('',(-0.,-1.,0.));
#10296 = FACE_BOUND('',#10297,.T.);
#10297 = EDGE_LOOP('',(#10298));
#10298 = ORIENTED_EDGE('',*,*,#10299,.T.);
#10299 = EDGE_CURVE('',#10300,#10300,#10302,.T.);
#10300 = VERTEX_POINT('',#10301);
#10301 = CARTESIAN_POINT('',(148.6,-76.67,1.51));
#10302 = CIRCLE('',#10303,0.15);
#10303 = AXIS2_PLACEMENT_3D('',#10304,#10305,#10306);
#10304 = CARTESIAN_POINT('',(148.6,-76.52,1.51));
#10305 = DIRECTION('',(-0.,0.,-1.));
#10306 = DIRECTION('',(-0.,-1.,0.));
#10307 = FACE_BOUND('',#10308,.T.);
#10308 = EDGE_LOOP('',(#10309));
#10309 = ORIENTED_EDGE('',*,*,#10310,.T.);
#10310 = EDGE_CURVE('',#10311,#10311,#10313,.T.);
#10311 = VERTEX_POINT('',#10312);
#10312 = CARTESIAN_POINT('',(155.7,-77.8,1.51));
#10313 = CIRCLE('',#10314,1.6);
#10314 = AXIS2_PLACEMENT_3D('',#10315,#10316,#10317);
#10315 = CARTESIAN_POINT('',(155.7,-76.2,1.51));
#10316 = DIRECTION('',(-0.,0.,-1.));
#10317 = DIRECTION('',(-0.,-1.,0.));
#10318 = FACE_BOUND('',#10319,.T.);
#10319 = EDGE_LOOP('',(#10320));
#10320 = ORIENTED_EDGE('',*,*,#10321,.T.);
#10321 = EDGE_CURVE('',#10322,#10322,#10324,.T.);
#10322 = VERTEX_POINT('',#10323);
#10323 = CARTESIAN_POINT('',(153.,-65.95,1.51));
#10324 = CIRCLE('',#10325,0.15);
#10325 = AXIS2_PLACEMENT_3D('',#10326,#10327,#10328);
#10326 = CARTESIAN_POINT('',(153.,-65.8,1.51));
#10327 = DIRECTION('',(-0.,0.,-1.));
#10328 = DIRECTION('',(-0.,-1.,0.));
#10329 = FACE_BOUND('',#10330,.T.);
#10330 = EDGE_LOOP('',(#10331));
#10331 = ORIENTED_EDGE('',*,*,#10332,.T.);
#10332 = EDGE_CURVE('',#10333,#10333,#10335,.T.);
#10333 = VERTEX_POINT('',#10334);
#10334 = CARTESIAN_POINT('',(156.8,-65.95,1.51));
#10335 = CIRCLE('',#10336,0.15);
#10336 = AXIS2_PLACEMENT_3D('',#10337,#10338,#10339);
#10337 = CARTESIAN_POINT('',(156.8,-65.8,1.51));
#10338 = DIRECTION('',(-0.,0.,-1.));
#10339 = DIRECTION('',(-0.,-1.,0.));
#10340 = FACE_BOUND('',#10341,.T.);
#10341 = EDGE_LOOP('',(#10342));
#10342 = ORIENTED_EDGE('',*,*,#10343,.T.);
#10343 = EDGE_CURVE('',#10344,#10344,#10346,.T.);
#10344 = VERTEX_POINT('',#10345);
#10345 = CARTESIAN_POINT('',(112.6,-39.9,1.51));
#10346 = CIRCLE('',#10347,1.6);
#10347 = AXIS2_PLACEMENT_3D('',#10348,#10349,#10350);
#10348 = CARTESIAN_POINT('',(112.6,-38.3,1.51));
#10349 = DIRECTION('',(-0.,0.,-1.));
#10350 = DIRECTION('',(-0.,-1.,0.));
#10351 = FACE_BOUND('',#10352,.T.);
#10352 = EDGE_LOOP('',(#10353));
#10353 = ORIENTED_EDGE('',*,*,#10354,.T.);
#10354 = EDGE_CURVE('',#10355,#10355,#10357,.T.);
#10355 = VERTEX_POINT('',#10356);
#10356 = CARTESIAN_POINT('',(123.59,-38.15,1.51));
#10357 = CIRCLE('',#10358,0.15);
#10358 = AXIS2_PLACEMENT_3D('',#10359,#10360,#10361);
#10359 = CARTESIAN_POINT('',(123.59,-38.,1.51));
#10360 = DIRECTION('',(-0.,0.,-1.));
#10361 = DIRECTION('',(-0.,-1.,0.));
#10362 = FACE_BOUND('',#10363,.T.);
#10363 = EDGE_LOOP('',(#10364));
#10364 = ORIENTED_EDGE('',*,*,#10365,.T.);
#10365 = EDGE_CURVE('',#10366,#10366,#10368,.T.);
#10366 = VERTEX_POINT('',#10367);
#10367 = CARTESIAN_POINT('',(128.59,-38.15,1.51));
#10368 = CIRCLE('',#10369,0.15);
#10369 = AXIS2_PLACEMENT_3D('',#10370,#10371,#10372);
#10370 = CARTESIAN_POINT('',(128.59,-38.,1.51));
#10371 = DIRECTION('',(-0.,0.,-1.));
#10372 = DIRECTION('',(-0.,-1.,0.));
#10373 = FACE_BOUND('',#10374,.T.);
#10374 = EDGE_LOOP('',(#10375));
#10375 = ORIENTED_EDGE('',*,*,#10376,.T.);
#10376 = EDGE_CURVE('',#10377,#10377,#10379,.T.);
#10377 = VERTEX_POINT('',#10378);
#10378 = CARTESIAN_POINT('',(139.53,-38.15,1.51));
#10379 = CIRCLE('',#10380,0.15);
#10380 = AXIS2_PLACEMENT_3D('',#10381,#10382,#10383);
#10381 = CARTESIAN_POINT('',(139.53,-38.,1.51));
#10382 = DIRECTION('',(-0.,0.,-1.));
#10383 = DIRECTION('',(-0.,-1.,0.));
#10384 = FACE_BOUND('',#10385,.T.);
#10385 = EDGE_LOOP('',(#10386));
#10386 = ORIENTED_EDGE('',*,*,#10387,.T.);
#10387 = EDGE_CURVE('',#10388,#10388,#10390,.T.);
#10388 = VERTEX_POINT('',#10389);
#10389 = CARTESIAN_POINT('',(144.53,-38.15,1.51));
#10390 = CIRCLE('',#10391,0.15);
#10391 = AXIS2_PLACEMENT_3D('',#10392,#10393,#10394);
#10392 = CARTESIAN_POINT('',(144.53,-38.,1.51));
#10393 = DIRECTION('',(-0.,0.,-1.));
#10394 = DIRECTION('',(-0.,-1.,0.));
#10395 = FACE_BOUND('',#10396,.T.);
#10396 = EDGE_LOOP('',(#10397));
#10397 = ORIENTED_EDGE('',*,*,#10398,.T.);
#10398 = EDGE_CURVE('',#10399,#10399,#10401,.T.);
#10399 = VERTEX_POINT('',#10400);
#10400 = CARTESIAN_POINT('',(155.7,-39.9,1.51));
#10401 = CIRCLE('',#10402,1.6);
#10402 = AXIS2_PLACEMENT_3D('',#10403,#10404,#10405);
#10403 = CARTESIAN_POINT('',(155.7,-38.3,1.51));
#10404 = DIRECTION('',(-0.,0.,-1.));
#10405 = DIRECTION('',(-0.,-1.,0.));
#10406 = PLANE('',#10407);
#10407 = AXIS2_PLACEMENT_3D('',#10408,#10409,#10410);
#10408 = CARTESIAN_POINT('',(0.,0.,1.51));
#10409 = DIRECTION('',(0.,0.,1.));
#10410 = DIRECTION('',(1.,0.,-0.));
#10411 = ADVANCED_FACE('',(#10412),#10418,.T.);
#10412 = FACE_BOUND('',#10413,.T.);
#10413 = EDGE_LOOP('',(#10414,#10415,#10416,#10417));
#10414 = ORIENTED_EDGE('',*,*,#9919,.T.);
#10415 = ORIENTED_EDGE('',*,*,#10180,.T.);
#10416 = ORIENTED_EDGE('',*,*,#9879,.F.);
#10417 = ORIENTED_EDGE('',*,*,#9943,.F.);
#10418 = PLANE('',#10419);
#10419 = AXIS2_PLACEMENT_3D('',#10420,#10421,#10422);
#10420 = CARTESIAN_POINT('',(109.05,-34.760254,0.));
#10421 = DIRECTION('',(0.,1.,0.));
#10422 = DIRECTION('',(1.,0.,0.));
#10423 = ADVANCED_FACE('',(#10424),#10435,.F.);
#10424 = FACE_BOUND('',#10425,.T.);
#10425 = EDGE_LOOP('',(#10426,#10427,#10433,#10434));
#10426 = ORIENTED_EDGE('',*,*,#9952,.T.);
#10427 = ORIENTED_EDGE('',*,*,#10428,.T.);
#10428 = EDGE_CURVE('',#9953,#10190,#10429,.T.);
#10429 = LINE('',#10430,#10431);
#10430 = CARTESIAN_POINT('',(112.6,-77.85,-4.6E-02));
#10431 = VECTOR('',#10432,1.);
#10432 = DIRECTION('',(0.,0.,1.));
#10433 = ORIENTED_EDGE('',*,*,#10189,.F.);
#10434 = ORIENTED_EDGE('',*,*,#10428,.F.);
#10435 = CYLINDRICAL_SURFACE('',#10436,1.6);
#10436 = AXIS2_PLACEMENT_3D('',#10437,#10438,#10439);
#10437 = CARTESIAN_POINT('',(112.6,-76.25,-4.6E-02));
#10438 = DIRECTION('',(-0.,-0.,-1.));
#10439 = DIRECTION('',(-0.,-1.,0.));
#10440 = ADVANCED_FACE('',(#10441),#10452,.F.);
#10441 = FACE_BOUND('',#10442,.T.);
#10442 = EDGE_LOOP('',(#10443,#10444,#10450,#10451));
#10443 = ORIENTED_EDGE('',*,*,#9963,.T.);
#10444 = ORIENTED_EDGE('',*,*,#10445,.T.);
#10445 = EDGE_CURVE('',#9964,#10201,#10446,.T.);
#10446 = LINE('',#10447,#10448);
#10447 = CARTESIAN_POINT('',(119.295,-78.,-4.6E-02));
#10448 = VECTOR('',#10449,1.);
#10449 = DIRECTION('',(0.,0.,1.));
#10450 = ORIENTED_EDGE('',*,*,#10200,.F.);
#10451 = ORIENTED_EDGE('',*,*,#10445,.F.);
#10452 = CYLINDRICAL_SURFACE('',#10453,0.15);
#10453 = AXIS2_PLACEMENT_3D('',#10454,#10455,#10456);
#10454 = CARTESIAN_POINT('',(119.295,-77.85,-4.6E-02));
#10455 = DIRECTION('',(-0.,0.,-1.));
#10456 = DIRECTION('',(9.473903143468E-14,-1.,-0.));
#10457 = ADVANCED_FACE('',(#10458),#10469,.F.);
#10458 = FACE_BOUND('',#10459,.T.);
#10459 = EDGE_LOOP('',(#10460,#10461,#10467,#10468));
#10460 = ORIENTED_EDGE('',*,*,#9974,.T.);
#10461 = ORIENTED_EDGE('',*,*,#10462,.T.);
#10462 = EDGE_CURVE('',#9975,#10212,#10463,.T.);
#10463 = LINE('',#10464,#10465);
#10464 = CARTESIAN_POINT('',(121.835,-78.,-4.6E-02));
#10465 = VECTOR('',#10466,1.);
#10466 = DIRECTION('',(0.,0.,1.));
#10467 = ORIENTED_EDGE('',*,*,#10211,.F.);
#10468 = ORIENTED_EDGE('',*,*,#10462,.F.);
#10469 = CYLINDRICAL_SURFACE('',#10470,0.15);
#10470 = AXIS2_PLACEMENT_3D('',#10471,#10472,#10473);
#10471 = CARTESIAN_POINT('',(121.835,-77.85,-4.6E-02));
#10472 = DIRECTION('',(-0.,-0.,-1.));
#10473 = DIRECTION('',(-9.473903143469E-14,-1.,0.));
#10474 = ADVANCED_FACE('',(#10475),#10486,.F.);
#10475 = FACE_BOUND('',#10476,.T.);
#10476 = EDGE_LOOP('',(#10477,#10478,#10484,#10485));
#10477 = ORIENTED_EDGE('',*,*,#9985,.T.);
#10478 = ORIENTED_EDGE('',*,*,#10479,.T.);
#10479 = EDGE_CURVE('',#9986,#10223,#10480,.T.);
#10480 = LINE('',#10481,#10482);
#10481 = CARTESIAN_POINT('',(124.375,-78.,-4.6E-02));
#10482 = VECTOR('',#10483,1.);
#10483 = DIRECTION('',(0.,0.,1.));
#10484 = ORIENTED_EDGE('',*,*,#10222,.F.);
#10485 = ORIENTED_EDGE('',*,*,#10479,.F.);
#10486 = CYLINDRICAL_SURFACE('',#10487,0.15);
#10487 = AXIS2_PLACEMENT_3D('',#10488,#10489,#10490);
#10488 = CARTESIAN_POINT('',(124.375,-77.85,-4.6E-02));
#10489 = DIRECTION('',(-0.,-0.,-1.));
#10490 = DIRECTION('',(-0.,-1.,0.));
#10491 = ADVANCED_FACE('',(#10492),#10503,.F.);
#10492 = FACE_BOUND('',#10493,.T.);
#10493 = EDGE_LOOP('',(#10494,#10495,#10501,#10502));
#10494 = ORIENTED_EDGE('',*,*,#9996,.T.);
#10495 = ORIENTED_EDGE('',*,*,#10496,.T.);
#10496 = EDGE_CURVE('',#9997,#10234,#10497,.T.);
#10497 = LINE('',#10498,#10499);
#10498 = CARTESIAN_POINT('',(126.915,-78.,-4.6E-02));
#10499 = VECTOR('',#10500,1.);
#10500 = DIRECTION('',(0.,0.,1.));
#10501 = ORIENTED_EDGE('',*,*,#10233,.F.);
#10502 = ORIENTED_EDGE('',*,*,#10496,.F.);
#10503 = CYLINDRICAL_SURFACE('',#10504,0.15);
#10504 = AXIS2_PLACEMENT_3D('',#10505,#10506,#10507);
#10505 = CARTESIAN_POINT('',(126.915,-77.85,-4.6E-02));
#10506 = DIRECTION('',(-0.,0.,-1.));
#10507 = DIRECTION('',(9.473903143468E-14,-1.,-0.));
#10508 = ADVANCED_FACE('',(#10509),#10520,.F.);
#10509 = FACE_BOUND('',#10510,.T.);
#10510 = EDGE_LOOP('',(#10511,#10512,#10518,#10519));
#10511 = ORIENTED_EDGE('',*,*,#10007,.T.);
#10512 = ORIENTED_EDGE('',*,*,#10513,.T.);
#10513 = EDGE_CURVE('',#10008,#10245,#10514,.T.);
#10514 = LINE('',#10515,#10516);
#10515 = CARTESIAN_POINT('',(129.455,-78.,-4.6E-02));
#10516 = VECTOR('',#10517,1.);
#10517 = DIRECTION('',(0.,0.,1.));
#10518 = ORIENTED_EDGE('',*,*,#10244,.F.);
#10519 = ORIENTED_EDGE('',*,*,#10513,.F.);
#10520 = CYLINDRICAL_SURFACE('',#10521,0.15);
#10521 = AXIS2_PLACEMENT_3D('',#10522,#10523,#10524);
#10522 = CARTESIAN_POINT('',(129.455,-77.85,-4.6E-02));
#10523 = DIRECTION('',(-0.,0.,-1.));
#10524 = DIRECTION('',(1.894780628694E-13,-1.,-0.));
#10525 = ADVANCED_FACE('',(#10526),#10537,.F.);
#10526 = FACE_BOUND('',#10527,.T.);
#10527 = EDGE_LOOP('',(#10528,#10529,#10535,#10536));
#10528 = ORIENTED_EDGE('',*,*,#10018,.T.);
#10529 = ORIENTED_EDGE('',*,*,#10530,.T.);
#10530 = EDGE_CURVE('',#10019,#10256,#10531,.T.);
#10531 = LINE('',#10532,#10533);
#10532 = CARTESIAN_POINT('',(131.995,-78.,-4.6E-02));
#10533 = VECTOR('',#10534,1.);
#10534 = DIRECTION('',(0.,0.,1.));
#10535 = ORIENTED_EDGE('',*,*,#10255,.F.);
#10536 = ORIENTED_EDGE('',*,*,#10530,.F.);
#10537 = CYLINDRICAL_SURFACE('',#10538,0.15);
#10538 = AXIS2_PLACEMENT_3D('',#10539,#10540,#10541);
#10539 = CARTESIAN_POINT('',(131.995,-77.85,-4.6E-02));
#10540 = DIRECTION('',(-0.,-0.,-1.));
#10541 = DIRECTION('',(-0.,-1.,0.));
#10542 = ADVANCED_FACE('',(#10543),#10554,.F.);
#10543 = FACE_BOUND('',#10544,.T.);
#10544 = EDGE_LOOP('',(#10545,#10546,#10552,#10553));
#10545 = ORIENTED_EDGE('',*,*,#10029,.T.);
#10546 = ORIENTED_EDGE('',*,*,#10547,.T.);
#10547 = EDGE_CURVE('',#10030,#10267,#10548,.T.);
#10548 = LINE('',#10549,#10550);
#10549 = CARTESIAN_POINT('',(134.535,-78.,-4.6E-02));
#10550 = VECTOR('',#10551,1.);
#10551 = DIRECTION('',(0.,0.,1.));
#10552 = ORIENTED_EDGE('',*,*,#10266,.F.);
#10553 = ORIENTED_EDGE('',*,*,#10547,.F.);
#10554 = CYLINDRICAL_SURFACE('',#10555,0.15);
#10555 = AXIS2_PLACEMENT_3D('',#10556,#10557,#10558);
#10556 = CARTESIAN_POINT('',(134.535,-77.85,-4.6E-02));
#10557 = DIRECTION('',(-0.,-0.,-1.));
#10558 = DIRECTION('',(-0.,-1.,0.));
#10559 = ADVANCED_FACE('',(#10560),#10571,.F.);
#10560 = FACE_BOUND('',#10561,.T.);
#10561 = EDGE_LOOP('',(#10562,#10563,#10569,#10570));
#10562 = ORIENTED_EDGE('',*,*,#10040,.T.);
#10563 = ORIENTED_EDGE('',*,*,#10564,.T.);
#10564 = EDGE_CURVE('',#10041,#10278,#10565,.T.);
#10565 = LINE('',#10566,#10567);
#10566 = CARTESIAN_POINT('',(137.075,-78.,-4.6E-02));
#10567 = VECTOR('',#10568,1.);
#10568 = DIRECTION('',(0.,0.,1.));
#10569 = ORIENTED_EDGE('',*,*,#10277,.F.);
#10570 = ORIENTED_EDGE('',*,*,#10564,.F.);
#10571 = CYLINDRICAL_SURFACE('',#10572,0.15);
#10572 = AXIS2_PLACEMENT_3D('',#10573,#10574,#10575);
#10573 = CARTESIAN_POINT('',(137.075,-77.85,-4.6E-02));
#10574 = DIRECTION('',(-0.,-0.,-1.));
#10575 = DIRECTION('',(-0.,-1.,0.));
#10576 = ADVANCED_FACE('',(#10577),#10588,.F.);
#10577 = FACE_BOUND('',#10578,.T.);
#10578 = EDGE_LOOP('',(#10579,#10580,#10586,#10587));
#10579 = ORIENTED_EDGE('',*,*,#10051,.T.);
#10580 = ORIENTED_EDGE('',*,*,#10581,.T.);
#10581 = EDGE_CURVE('',#10052,#10289,#10582,.T.);
#10582 = LINE('',#10583,#10584);
#10583 = CARTESIAN_POINT('',(143.6,-76.67,-4.6E-02));
#10584 = VECTOR('',#10585,1.);
#10585 = DIRECTION('',(0.,0.,1.));
#10586 = ORIENTED_EDGE('',*,*,#10288,.F.);
#10587 = ORIENTED_EDGE('',*,*,#10581,.F.);
#10588 = CYLINDRICAL_SURFACE('',#10589,0.15);
#10589 = AXIS2_PLACEMENT_3D('',#10590,#10591,#10592);
#10590 = CARTESIAN_POINT('',(143.6,-76.52,-4.6E-02));
#10591 = DIRECTION('',(-0.,-0.,-1.));
#10592 = DIRECTION('',(-0.,-1.,0.));
#10593 = ADVANCED_FACE('',(#10594),#10605,.F.);
#10594 = FACE_BOUND('',#10595,.T.);
#10595 = EDGE_LOOP('',(#10596,#10597,#10603,#10604));
#10596 = ORIENTED_EDGE('',*,*,#10062,.T.);
#10597 = ORIENTED_EDGE('',*,*,#10598,.T.);
#10598 = EDGE_CURVE('',#10063,#10300,#10599,.T.);
#10599 = LINE('',#10600,#10601);
#10600 = CARTESIAN_POINT('',(148.6,-76.67,-4.6E-02));
#10601 = VECTOR('',#10602,1.);
#10602 = DIRECTION('',(0.,0.,1.));
#10603 = ORIENTED_EDGE('',*,*,#10299,.F.);
#10604 = ORIENTED_EDGE('',*,*,#10598,.F.);
#10605 = CYLINDRICAL_SURFACE('',#10606,0.15);
#10606 = AXIS2_PLACEMENT_3D('',#10607,#10608,#10609);
#10607 = CARTESIAN_POINT('',(148.6,-76.52,-4.6E-02));
#10608 = DIRECTION('',(-0.,-0.,-1.));
#10609 = DIRECTION('',(-0.,-1.,0.));
#10610 = ADVANCED_FACE('',(#10611),#10622,.F.);
#10611 = FACE_BOUND('',#10612,.T.);
#10612 = EDGE_LOOP('',(#10613,#10614,#10620,#10621));
#10613 = ORIENTED_EDGE('',*,*,#10073,.T.);
#10614 = ORIENTED_EDGE('',*,*,#10615,.T.);
#10615 = EDGE_CURVE('',#10074,#10311,#10616,.T.);
#10616 = LINE('',#10617,#10618);
#10617 = CARTESIAN_POINT('',(155.7,-77.8,-4.6E-02));
#10618 = VECTOR('',#10619,1.);
#10619 = DIRECTION('',(0.,0.,1.));
#10620 = ORIENTED_EDGE('',*,*,#10310,.F.);
#10621 = ORIENTED_EDGE('',*,*,#10615,.F.);
#10622 = CYLINDRICAL_SURFACE('',#10623,1.6);
#10623 = AXIS2_PLACEMENT_3D('',#10624,#10625,#10626);
#10624 = CARTESIAN_POINT('',(155.7,-76.2,-4.6E-02));
#10625 = DIRECTION('',(-0.,-0.,-1.));
#10626 = DIRECTION('',(-0.,-1.,0.));
#10627 = ADVANCED_FACE('',(#10628),#10639,.F.);
#10628 = FACE_BOUND('',#10629,.T.);
#10629 = EDGE_LOOP('',(#10630,#10631,#10637,#10638));
#10630 = ORIENTED_EDGE('',*,*,#10084,.T.);
#10631 = ORIENTED_EDGE('',*,*,#10632,.T.);
#10632 = EDGE_CURVE('',#10085,#10322,#10633,.T.);
#10633 = LINE('',#10634,#10635);
#10634 = CARTESIAN_POINT('',(153.,-65.95,-4.6E-02));
#10635 = VECTOR('',#10636,1.);
#10636 = DIRECTION('',(0.,0.,1.));
#10637 = ORIENTED_EDGE('',*,*,#10321,.F.);
#10638 = ORIENTED_EDGE('',*,*,#10632,.F.);
#10639 = CYLINDRICAL_SURFACE('',#10640,0.15);
#10640 = AXIS2_PLACEMENT_3D('',#10641,#10642,#10643);
#10641 = CARTESIAN_POINT('',(153.,-65.8,-4.6E-02));
#10642 = DIRECTION('',(-0.,-0.,-1.));
#10643 = DIRECTION('',(-0.,-1.,0.));
#10644 = ADVANCED_FACE('',(#10645),#10656,.F.);
#10645 = FACE_BOUND('',#10646,.T.);
#10646 = EDGE_LOOP('',(#10647,#10648,#10654,#10655));
#10647 = ORIENTED_EDGE('',*,*,#10095,.T.);
#10648 = ORIENTED_EDGE('',*,*,#10649,.T.);
#10649 = EDGE_CURVE('',#10096,#10333,#10650,.T.);
#10650 = LINE('',#10651,#10652);
#10651 = CARTESIAN_POINT('',(156.8,-65.95,-4.6E-02));
#10652 = VECTOR('',#10653,1.);
#10653 = DIRECTION('',(0.,0.,1.));
#10654 = ORIENTED_EDGE('',*,*,#10332,.F.);
#10655 = ORIENTED_EDGE('',*,*,#10649,.F.);
#10656 = CYLINDRICAL_SURFACE('',#10657,0.15);
#10657 = AXIS2_PLACEMENT_3D('',#10658,#10659,#10660);
#10658 = CARTESIAN_POINT('',(156.8,-65.8,-4.6E-02));
#10659 = DIRECTION('',(-0.,-0.,-1.));
#10660 = DIRECTION('',(-0.,-1.,0.));
#10661 = ADVANCED_FACE('',(#10662),#10673,.F.);
#10662 = FACE_BOUND('',#10663,.T.);
#10663 = EDGE_LOOP('',(#10664,#10665,#10671,#10672));
#10664 = ORIENTED_EDGE('',*,*,#10106,.T.);
#10665 = ORIENTED_EDGE('',*,*,#10666,.T.);
#10666 = EDGE_CURVE('',#10107,#10344,#10667,.T.);
#10667 = LINE('',#10668,#10669);
#10668 = CARTESIAN_POINT('',(112.6,-39.9,-4.6E-02));
#10669 = VECTOR('',#10670,1.);
#10670 = DIRECTION('',(0.,0.,1.));
#10671 = ORIENTED_EDGE('',*,*,#10343,.F.);
#10672 = ORIENTED_EDGE('',*,*,#10666,.F.);
#10673 = CYLINDRICAL_SURFACE('',#10674,1.6);
#10674 = AXIS2_PLACEMENT_3D('',#10675,#10676,#10677);
#10675 = CARTESIAN_POINT('',(112.6,-38.3,-4.6E-02));
#10676 = DIRECTION('',(-0.,-0.,-1.));
#10677 = DIRECTION('',(-0.,-1.,0.));
#10678 = ADVANCED_FACE('',(#10679),#10690,.F.);
#10679 = FACE_BOUND('',#10680,.T.);
#10680 = EDGE_LOOP('',(#10681,#10682,#10688,#10689));
#10681 = ORIENTED_EDGE('',*,*,#10117,.T.);
#10682 = ORIENTED_EDGE('',*,*,#10683,.T.);
#10683 = EDGE_CURVE('',#10118,#10355,#10684,.T.);
#10684 = LINE('',#10685,#10686);
#10685 = CARTESIAN_POINT('',(123.59,-38.15,-4.6E-02));
#10686 = VECTOR('',#10687,1.);
#10687 = DIRECTION('',(0.,0.,1.));
#10688 = ORIENTED_EDGE('',*,*,#10354,.F.);
#10689 = ORIENTED_EDGE('',*,*,#10683,.F.);
#10690 = CYLINDRICAL_SURFACE('',#10691,0.15);
#10691 = AXIS2_PLACEMENT_3D('',#10692,#10693,#10694);
#10692 = CARTESIAN_POINT('',(123.59,-38.,-4.6E-02));
#10693 = DIRECTION('',(-0.,-0.,-1.));
#10694 = DIRECTION('',(-0.,-1.,0.));
#10695 = ADVANCED_FACE('',(#10696),#10707,.F.);
#10696 = FACE_BOUND('',#10697,.T.);
#10697 = EDGE_LOOP('',(#10698,#10699,#10705,#10706));
#10698 = ORIENTED_EDGE('',*,*,#10128,.T.);
#10699 = ORIENTED_EDGE('',*,*,#10700,.T.);
#10700 = EDGE_CURVE('',#10129,#10366,#10701,.T.);
#10701 = LINE('',#10702,#10703);
#10702 = CARTESIAN_POINT('',(128.59,-38.15,-4.6E-02));
#10703 = VECTOR('',#10704,1.);
#10704 = DIRECTION('',(0.,0.,1.));
#10705 = ORIENTED_EDGE('',*,*,#10365,.F.);
#10706 = ORIENTED_EDGE('',*,*,#10700,.F.);
#10707 = CYLINDRICAL_SURFACE('',#10708,0.15);
#10708 = AXIS2_PLACEMENT_3D('',#10709,#10710,#10711);
#10709 = CARTESIAN_POINT('',(128.59,-38.,-4.6E-02));
#10710 = DIRECTION('',(-0.,-0.,-1.));
#10711 = DIRECTION('',(-0.,-1.,0.));
#10712 = ADVANCED_FACE('',(#10713),#10724,.F.);
#10713 = FACE_BOUND('',#10714,.T.);
#10714 = EDGE_LOOP('',(#10715,#10716,#10722,#10723));
#10715 = ORIENTED_EDGE('',*,*,#10139,.T.);
#10716 = ORIENTED_EDGE('',*,*,#10717,.T.);
#10717 = EDGE_CURVE('',#10140,#10377,#10718,.T.);
#10718 = LINE('',#10719,#10720);
#10719 = CARTESIAN_POINT('',(139.53,-38.15,-4.6E-02));
#10720 = VECTOR('',#10721,1.);
#10721 = DIRECTION('',(0.,0.,1.));
#10722 = ORIENTED_EDGE('',*,*,#10376,.F.);
#10723 = ORIENTED_EDGE('',*,*,#10717,.F.);
#10724 = CYLINDRICAL_SURFACE('',#10725,0.15);
#10725 = AXIS2_PLACEMENT_3D('',#10726,#10727,#10728);
#10726 = CARTESIAN_POINT('',(139.53,-38.,-4.6E-02));
#10727 = DIRECTION('',(-0.,-0.,-1.));
#10728 = DIRECTION('',(-0.,-1.,0.));
#10729 = ADVANCED_FACE('',(#10730),#10741,.F.);
#10730 = FACE_BOUND('',#10731,.T.);
#10731 = EDGE_LOOP('',(#10732,#10733,#10739,#10740));
#10732 = ORIENTED_EDGE('',*,*,#10150,.T.);
#10733 = ORIENTED_EDGE('',*,*,#10734,.T.);
#10734 = EDGE_CURVE('',#10151,#10388,#10735,.T.);
#10735 = LINE('',#10736,#10737);
#10736 = CARTESIAN_POINT('',(144.53,-38.15,-4.6E-02));
#10737 = VECTOR('',#10738,1.);
#10738 = DIRECTION('',(0.,0.,1.));
#10739 = ORIENTED_EDGE('',*,*,#10387,.F.);
#10740 = ORIENTED_EDGE('',*,*,#10734,.F.);
#10741 = CYLINDRICAL_SURFACE('',#10742,0.15);
#10742 = AXIS2_PLACEMENT_3D('',#10743,#10744,#10745);
#10743 = CARTESIAN_POINT('',(144.53,-38.,-4.6E-02));
#10744 = DIRECTION('',(-0.,-0.,-1.));
#10745 = DIRECTION('',(-0.,-1.,0.));
#10746 = ADVANCED_FACE('',(#10747),#10758,.F.);
#10747 = FACE_BOUND('',#10748,.T.);
#10748 = EDGE_LOOP('',(#10749,#10750,#10756,#10757));
#10749 = ORIENTED_EDGE('',*,*,#10161,.T.);
#10750 = ORIENTED_EDGE('',*,*,#10751,.T.);
#10751 = EDGE_CURVE('',#10162,#10399,#10752,.T.);
#10752 = LINE('',#10753,#10754);
#10753 = CARTESIAN_POINT('',(155.7,-39.9,-4.6E-02));
#10754 = VECTOR('',#10755,1.);
#10755 = DIRECTION('',(0.,0.,1.));
#10756 = ORIENTED_EDGE('',*,*,#10398,.F.);
#10757 = ORIENTED_EDGE('',*,*,#10751,.F.);
#10758 = CYLINDRICAL_SURFACE('',#10759,1.6);
#10759 = AXIS2_PLACEMENT_3D('',#10760,#10761,#10762);
#10760 = CARTESIAN_POINT('',(155.7,-38.3,-4.6E-02));
#10761 = DIRECTION('',(-0.,-0.,-1.));
#10762 = DIRECTION('',(-0.,-1.,0.));
#10763 = ( GEOMETRIC_REPRESENTATION_CONTEXT(3) 
GLOBAL_UNCERTAINTY_ASSIGNED_CONTEXT((#10767)) 
GLOBAL_UNIT_ASSIGNED_CONTEXT((#10764,#10765,#10766)) 
REPRESENTATION_CONTEXT('Context #1',
  '3D Context with UNIT and UNCERTAINTY') );
#10764 = ( LENGTH_UNIT() NAMED_UNIT(*) SI_UNIT(.MILLI.,.METRE.) );
#10765 = ( NAMED_UNIT(*) PLANE_ANGLE_UNIT() SI_UNIT($,.RADIAN.) );
#10766 = ( NAMED_UNIT(*) SI_UNIT($,.STERADIAN.) SOLID_ANGLE_UNIT() );
#10767 = UNCERTAINTY_MEASURE_WITH_UNIT(LENGTH_MEASURE(1.E-07),#10764,
  'distance_accuracy_value','confusion accuracy');
#10768 = CONTEXT_DEPENDENT_SHAPE_REPRESENTATION(#10769,#10771);
#10769 = ( REPRESENTATION_RELATIONSHIP('','',#9832,#10) 
REPRESENTATION_RELATIONSHIP_WITH_TRANSFORMATION(#10770) 
SHAPE_REPRESENTATION_RELATIONSHIP() );
#10770 = ITEM_DEFINED_TRANSFORMATION('','',#11,#95);
#10771 = PRODUCT_DEFINITION_SHAPE('Placement','Placement of an item',
  #10772);
#10772 = NEXT_ASSEMBLY_USAGE_OCCURRENCE('21','=>[0:1:1:6]','',#5,#9827,$
  );
#10773 = PRODUCT_RELATED_PRODUCT_CATEGORY('part',$,(#9829));
#10774 = MECHANICAL_DESIGN_GEOMETRIC_PRESENTATION_REPRESENTATION('',(
    #10775,#10783,#10790,#10797,#10804,#10811,#10818,#10825,#10832,
    #10839,#10846,#10854,#10861,#10868,#10875,#10882,#10889,#10896,
    #10903,#10910,#10917,#10924,#10931,#10938,#10945,#10952,#10959,
    #10966),#7281);
#10775 = STYLED_ITEM('color',(#10776),#6429);
#10776 = PRESENTATION_STYLE_ASSIGNMENT((#10777));
#10777 = SURFACE_STYLE_USAGE(.BOTH.,#10778);
#10778 = SURFACE_SIDE_STYLE('',(#10779));
#10779 = SURFACE_STYLE_FILL_AREA(#10780);
#10780 = FILL_AREA_STYLE('',(#10781));
#10781 = FILL_AREA_STYLE_COLOUR('',#10782);
#10782 = COLOUR_RGB('',0.823999987314,0.819999987296,0.781000009244);
#10783 = STYLED_ITEM('color',(#10784),#6505);
#10784 = PRESENTATION_STYLE_ASSIGNMENT((#10785));
#10785 = SURFACE_STYLE_USAGE(.BOTH.,#10786);
#10786 = SURFACE_SIDE_STYLE('',(#10787));
#10787 = SURFACE_STYLE_FILL_AREA(#10788);
#10788 = FILL_AREA_STYLE('',(#10789));
#10789 = FILL_AREA_STYLE_COLOUR('',#10782);
#10790 = STYLED_ITEM('color',(#10791),#6536);
#10791 = PRESENTATION_STYLE_ASSIGNMENT((#10792));
#10792 = SURFACE_STYLE_USAGE(.BOTH.,#10793);
#10793 = SURFACE_SIDE_STYLE('',(#10794));
#10794 = SURFACE_STYLE_FILL_AREA(#10795);
#10795 = FILL_AREA_STYLE('',(#10796));
#10796 = FILL_AREA_STYLE_COLOUR('',#10782);
#10797 = STYLED_ITEM('color',(#10798),#6561);
#10798 = PRESENTATION_STYLE_ASSIGNMENT((#10799));
#10799 = SURFACE_STYLE_USAGE(.BOTH.,#10800);
#10800 = SURFACE_SIDE_STYLE('',(#10801));
#10801 = SURFACE_STYLE_FILL_AREA(#10802);
#10802 = FILL_AREA_STYLE('',(#10803));
#10803 = FILL_AREA_STYLE_COLOUR('',#10782);
#10804 = STYLED_ITEM('color',(#10805),#6586);
#10805 = PRESENTATION_STYLE_ASSIGNMENT((#10806));
#10806 = SURFACE_STYLE_USAGE(.BOTH.,#10807);
#10807 = SURFACE_SIDE_STYLE('',(#10808));
#10808 = SURFACE_STYLE_FILL_AREA(#10809);
#10809 = FILL_AREA_STYLE('',(#10810));
#10810 = FILL_AREA_STYLE_COLOUR('',#10782);
#10811 = STYLED_ITEM('color',(#10812),#6610);
#10812 = PRESENTATION_STYLE_ASSIGNMENT((#10813));
#10813 = SURFACE_STYLE_USAGE(.BOTH.,#10814);
#10814 = SURFACE_SIDE_STYLE('',(#10815));
#10815 = SURFACE_STYLE_FILL_AREA(#10816);
#10816 = FILL_AREA_STYLE('',(#10817));
#10817 = FILL_AREA_STYLE_COLOUR('',#10782);
#10818 = STYLED_ITEM('color',(#10819),#6634);
#10819 = PRESENTATION_STYLE_ASSIGNMENT((#10820));
#10820 = SURFACE_STYLE_USAGE(.BOTH.,#10821);
#10821 = SURFACE_SIDE_STYLE('',(#10822));
#10822 = SURFACE_STYLE_FILL_AREA(#10823);
#10823 = FILL_AREA_STYLE('',(#10824));
#10824 = FILL_AREA_STYLE_COLOUR('',#10782);
#10825 = STYLED_ITEM('color',(#10826),#6659);
#10826 = PRESENTATION_STYLE_ASSIGNMENT((#10827));
#10827 = SURFACE_STYLE_USAGE(.BOTH.,#10828);
#10828 = SURFACE_SIDE_STYLE('',(#10829));
#10829 = SURFACE_STYLE_FILL_AREA(#10830);
#10830 = FILL_AREA_STYLE('',(#10831));
#10831 = FILL_AREA_STYLE_COLOUR('',#10782);
#10832 = STYLED_ITEM('color',(#10833),#6684);
#10833 = PRESENTATION_STYLE_ASSIGNMENT((#10834));
#10834 = SURFACE_STYLE_USAGE(.BOTH.,#10835);
#10835 = SURFACE_SIDE_STYLE('',(#10836));
#10836 = SURFACE_STYLE_FILL_AREA(#10837);
#10837 = FILL_AREA_STYLE('',(#10838));
#10838 = FILL_AREA_STYLE_COLOUR('',#10782);
#10839 = STYLED_ITEM('color',(#10840),#6701);
#10840 = PRESENTATION_STYLE_ASSIGNMENT((#10841));
#10841 = SURFACE_STYLE_USAGE(.BOTH.,#10842);
#10842 = SURFACE_SIDE_STYLE('',(#10843));
#10843 = SURFACE_STYLE_FILL_AREA(#10844);
#10844 = FILL_AREA_STYLE('',(#10845));
#10845 = FILL_AREA_STYLE_COLOUR('',#10782);
#10846 = STYLED_ITEM('color',(#10847),#6787);
#10847 = PRESENTATION_STYLE_ASSIGNMENT((#10848));
#10848 = SURFACE_STYLE_USAGE(.BOTH.,#10849);
#10849 = SURFACE_SIDE_STYLE('',(#10850));
#10850 = SURFACE_STYLE_FILL_AREA(#10851);
#10851 = FILL_AREA_STYLE('',(#10852));
#10852 = FILL_AREA_STYLE_COLOUR('',#10853);
#10853 = COLOUR_RGB('',0.379000005575,0.270000008848,0.214999999939);
#10854 = STYLED_ITEM('color',(#10855),#6819);
#10855 = PRESENTATION_STYLE_ASSIGNMENT((#10856));
#10856 = SURFACE_STYLE_USAGE(.BOTH.,#10857);
#10857 = SURFACE_SIDE_STYLE('',(#10858));
#10858 = SURFACE_STYLE_FILL_AREA(#10859);
#10859 = FILL_AREA_STYLE('',(#10860));
#10860 = FILL_AREA_STYLE_COLOUR('',#10853);
#10861 = STYLED_ITEM('color',(#10862),#6843);
#10862 = PRESENTATION_STYLE_ASSIGNMENT((#10863));
#10863 = SURFACE_STYLE_USAGE(.BOTH.,#10864);
#10864 = SURFACE_SIDE_STYLE('',(#10865));
#10865 = SURFACE_STYLE_FILL_AREA(#10866);
#10866 = FILL_AREA_STYLE('',(#10867));
#10867 = FILL_AREA_STYLE_COLOUR('',#10853);
#10868 = STYLED_ITEM('color',(#10869),#6868);
#10869 = PRESENTATION_STYLE_ASSIGNMENT((#10870));
#10870 = SURFACE_STYLE_USAGE(.BOTH.,#10871);
#10871 = SURFACE_SIDE_STYLE('',(#10872));
#10872 = SURFACE_STYLE_FILL_AREA(#10873);
#10873 = FILL_AREA_STYLE('',(#10874));
#10874 = FILL_AREA_STYLE_COLOUR('',#10853);
#10875 = STYLED_ITEM('color',(#10876),#6892);
#10876 = PRESENTATION_STYLE_ASSIGNMENT((#10877));
#10877 = SURFACE_STYLE_USAGE(.BOTH.,#10878);
#10878 = SURFACE_SIDE_STYLE('',(#10879));
#10879 = SURFACE_STYLE_FILL_AREA(#10880);
#10880 = FILL_AREA_STYLE('',(#10881));
#10881 = FILL_AREA_STYLE_COLOUR('',#10853);
#10882 = STYLED_ITEM('color',(#10883),#6917);
#10883 = PRESENTATION_STYLE_ASSIGNMENT((#10884));
#10884 = SURFACE_STYLE_USAGE(.BOTH.,#10885);
#10885 = SURFACE_SIDE_STYLE('',(#10886));
#10886 = SURFACE_STYLE_FILL_AREA(#10887);
#10887 = FILL_AREA_STYLE('',(#10888));
#10888 = FILL_AREA_STYLE_COLOUR('',#10853);
#10889 = STYLED_ITEM('color',(#10890),#6941);
#10890 = PRESENTATION_STYLE_ASSIGNMENT((#10891));
#10891 = SURFACE_STYLE_USAGE(.BOTH.,#10892);
#10892 = SURFACE_SIDE_STYLE('',(#10893));
#10893 = SURFACE_STYLE_FILL_AREA(#10894);
#10894 = FILL_AREA_STYLE('',(#10895));
#10895 = FILL_AREA_STYLE_COLOUR('',#10853);
#10896 = STYLED_ITEM('color',(#10897),#6966);
#10897 = PRESENTATION_STYLE_ASSIGNMENT((#10898));
#10898 = SURFACE_STYLE_USAGE(.BOTH.,#10899);
#10899 = SURFACE_SIDE_STYLE('',(#10900));
#10900 = SURFACE_STYLE_FILL_AREA(#10901);
#10901 = FILL_AREA_STYLE('',(#10902));
#10902 = FILL_AREA_STYLE_COLOUR('',#10853);
#10903 = STYLED_ITEM('color',(#10904),#6983);
#10904 = PRESENTATION_STYLE_ASSIGNMENT((#10905));
#10905 = SURFACE_STYLE_USAGE(.BOTH.,#10906);
#10906 = SURFACE_SIDE_STYLE('',(#10907));
#10907 = SURFACE_STYLE_FILL_AREA(#10908);
#10908 = FILL_AREA_STYLE('',(#10909));
#10909 = FILL_AREA_STYLE_COLOUR('',#10782);
#10910 = STYLED_ITEM('color',(#10911),#7069);
#10911 = PRESENTATION_STYLE_ASSIGNMENT((#10912));
#10912 = SURFACE_STYLE_USAGE(.BOTH.,#10913);
#10913 = SURFACE_SIDE_STYLE('',(#10914));
#10914 = SURFACE_STYLE_FILL_AREA(#10915);
#10915 = FILL_AREA_STYLE('',(#10916));
#10916 = FILL_AREA_STYLE_COLOUR('',#10782);
#10917 = STYLED_ITEM('color',(#10918),#7100);
#10918 = PRESENTATION_STYLE_ASSIGNMENT((#10919));
#10919 = SURFACE_STYLE_USAGE(.BOTH.,#10920);
#10920 = SURFACE_SIDE_STYLE('',(#10921));
#10921 = SURFACE_STYLE_FILL_AREA(#10922);
#10922 = FILL_AREA_STYLE('',(#10923));
#10923 = FILL_AREA_STYLE_COLOUR('',#10782);
#10924 = STYLED_ITEM('color',(#10925),#7125);
#10925 = PRESENTATION_STYLE_ASSIGNMENT((#10926));
#10926 = SURFACE_STYLE_USAGE(.BOTH.,#10927);
#10927 = SURFACE_SIDE_STYLE('',(#10928));
#10928 = SURFACE_STYLE_FILL_AREA(#10929);
#10929 = FILL_AREA_STYLE('',(#10930));
#10930 = FILL_AREA_STYLE_COLOUR('',#10782);
#10931 = STYLED_ITEM('color',(#10932),#7150);
#10932 = PRESENTATION_STYLE_ASSIGNMENT((#10933));
#10933 = SURFACE_STYLE_USAGE(.BOTH.,#10934);
#10934 = SURFACE_SIDE_STYLE('',(#10935));
#10935 = SURFACE_STYLE_FILL_AREA(#10936);
#10936 = FILL_AREA_STYLE('',(#10937));
#10937 = FILL_AREA_STYLE_COLOUR('',#10782);
#10938 = STYLED_ITEM('color',(#10939),#7174);
#10939 = PRESENTATION_STYLE_ASSIGNMENT((#10940));
#10940 = SURFACE_STYLE_USAGE(.BOTH.,#10941);
#10941 = SURFACE_SIDE_STYLE('',(#10942));
#10942 = SURFACE_STYLE_FILL_AREA(#10943);
#10943 = FILL_AREA_STYLE('',(#10944));
#10944 = FILL_AREA_STYLE_COLOUR('',#10782);
#10945 = STYLED_ITEM('color',(#10946),#7198);
#10946 = PRESENTATION_STYLE_ASSIGNMENT((#10947));
#10947 = SURFACE_STYLE_USAGE(.BOTH.,#10948);
#10948 = SURFACE_SIDE_STYLE('',(#10949));
#10949 = SURFACE_STYLE_FILL_AREA(#10950);
#10950 = FILL_AREA_STYLE('',(#10951));
#10951 = FILL_AREA_STYLE_COLOUR('',#10782);
#10952 = STYLED_ITEM('color',(#10953),#7223);
#10953 = PRESENTATION_STYLE_ASSIGNMENT((#10954));
#10954 = SURFACE_STYLE_USAGE(.BOTH.,#10955);
#10955 = SURFACE_SIDE_STYLE('',(#10956));
#10956 = SURFACE_STYLE_FILL_AREA(#10957);
#10957 = FILL_AREA_STYLE('',(#10958));
#10958 = FILL_AREA_STYLE_COLOUR('',#10782);
#10959 = STYLED_ITEM('color',(#10960),#7248);
#10960 = PRESENTATION_STYLE_ASSIGNMENT((#10961));
#10961 = SURFACE_STYLE_USAGE(.BOTH.,#10962);
#10962 = SURFACE_SIDE_STYLE('',(#10963));
#10963 = SURFACE_STYLE_FILL_AREA(#10964);
#10964 = FILL_AREA_STYLE('',(#10965));
#10965 = FILL_AREA_STYLE_COLOUR('',#10782);
#10966 = STYLED_ITEM('color',(#10967),#7265);
#10967 = PRESENTATION_STYLE_ASSIGNMENT((#10968));
#10968 = SURFACE_STYLE_USAGE(.BOTH.,#10969);
#10969 = SURFACE_SIDE_STYLE('',(#10970));
#10970 = SURFACE_STYLE_FILL_AREA(#10971);
#10971 = FILL_AREA_STYLE('',(#10972));
#10972 = FILL_AREA_STYLE_COLOUR('',#10782);
#10973 = MECHANICAL_DESIGN_GEOMETRIC_PRESENTATION_REPRESENTATION('',(
    #10974),#10763);
#10974 = STYLED_ITEM('color',(#10975),#9833);
#10975 = PRESENTATION_STYLE_ASSIGNMENT((#10976));
#10976 = SURFACE_STYLE_USAGE(.BOTH.,#10977);
#10977 = SURFACE_SIDE_STYLE('',(#10978));
#10978 = SURFACE_STYLE_FILL_AREA(#10979);
#10979 = FILL_AREA_STYLE('',(#10980));
#10980 = FILL_AREA_STYLE_COLOUR('',#10981);
#10981 = COLOUR_RGB('',0.313304153717,0.484529207832,0.410020903123);
#10982 = MECHANICAL_DESIGN_GEOMETRIC_PRESENTATION_REPRESENTATION('',(
    #10983,#10990,#10997,#11005,#11012,#11020,#11027,#11034,#11041,
    #11048,#11055,#11062,#11069,#11076,#11083,#11090,#11098,#11105,
    #11112,#11119,#11126,#11133,#11140,#11147,#11154,#11161,#11168,
    #11175,#11182,#11189,#11196,#11203,#11210,#11217,#11224,#11231,
    #11238,#11245,#11252,#11259,#11266,#11273,#11280,#11287,#11294,
    #11301,#11308,#11315,#11322,#11329,#11336,#11343,#11350,#11357),
  #9794);
#10983 = STYLED_ITEM('color',(#10984),#7352);
#10984 = PRESENTATION_STYLE_ASSIGNMENT((#10985));
#10985 = SURFACE_STYLE_USAGE(.BOTH.,#10986);
#10986 = SURFACE_SIDE_STYLE('',(#10987));
#10987 = SURFACE_STYLE_FILL_AREA(#10988);
#10988 = FILL_AREA_STYLE('',(#10989));
#10989 = FILL_AREA_STYLE_COLOUR('',#10782);
#10990 = STYLED_ITEM('color',(#10991),#7369);
#10991 = PRESENTATION_STYLE_ASSIGNMENT((#10992));
#10992 = SURFACE_STYLE_USAGE(.BOTH.,#10993);
#10993 = SURFACE_SIDE_STYLE('',(#10994));
#10994 = SURFACE_STYLE_FILL_AREA(#10995);
#10995 = FILL_AREA_STYLE('',(#10996));
#10996 = FILL_AREA_STYLE_COLOUR('',#10782);
#10997 = STYLED_ITEM('color',(#10998),#7394);
#10998 = PRESENTATION_STYLE_ASSIGNMENT((#10999));
#10999 = SURFACE_STYLE_USAGE(.BOTH.,#11000);
#11000 = SURFACE_SIDE_STYLE('',(#11001));
#11001 = SURFACE_STYLE_FILL_AREA(#11002);
#11002 = FILL_AREA_STYLE('',(#11003));
#11003 = FILL_AREA_STYLE_COLOUR('',#11004);
#11004 = COLOUR_RGB('',0.136999991899,0.40200001271,0.726999997272);
#11005 = STYLED_ITEM('color',(#11006),#7443);
#11006 = PRESENTATION_STYLE_ASSIGNMENT((#11007));
#11007 = SURFACE_STYLE_USAGE(.BOTH.,#11008);
#11008 = SURFACE_SIDE_STYLE('',(#11009));
#11009 = SURFACE_STYLE_FILL_AREA(#11010);
#11010 = FILL_AREA_STYLE('',(#11011));
#11011 = FILL_AREA_STYLE_COLOUR('',#11004);
#11012 = STYLED_ITEM('color',(#11013),#7476);
#11013 = PRESENTATION_STYLE_ASSIGNMENT((#11014));
#11014 = SURFACE_STYLE_USAGE(.BOTH.,#11015);
#11015 = SURFACE_SIDE_STYLE('',(#11016));
#11016 = SURFACE_STYLE_FILL_AREA(#11017);
#11017 = FILL_AREA_STYLE('',(#11018));
#11018 = FILL_AREA_STYLE_COLOUR('',#11019);
#11019 = COLOUR_RGB('',0.690999977303,0.663999984767,0.597999987832);
#11020 = STYLED_ITEM('color',(#11021),#7494);
#11021 = PRESENTATION_STYLE_ASSIGNMENT((#11022));
#11022 = SURFACE_STYLE_USAGE(.BOTH.,#11023);
#11023 = SURFACE_SIDE_STYLE('',(#11024));
#11024 = SURFACE_STYLE_FILL_AREA(#11025);
#11025 = FILL_AREA_STYLE('',(#11026));
#11026 = FILL_AREA_STYLE_COLOUR('',#10782);
#11027 = STYLED_ITEM('color',(#11028),#7519);
#11028 = PRESENTATION_STYLE_ASSIGNMENT((#11029));
#11029 = SURFACE_STYLE_USAGE(.BOTH.,#11030);
#11030 = SURFACE_SIDE_STYLE('',(#11031));
#11031 = SURFACE_STYLE_FILL_AREA(#11032);
#11032 = FILL_AREA_STYLE('',(#11033));
#11033 = FILL_AREA_STYLE_COLOUR('',#11004);
#11034 = STYLED_ITEM('color',(#11035),#7551);
#11035 = PRESENTATION_STYLE_ASSIGNMENT((#11036));
#11036 = SURFACE_STYLE_USAGE(.BOTH.,#11037);
#11037 = SURFACE_SIDE_STYLE('',(#11038));
#11038 = SURFACE_STYLE_FILL_AREA(#11039);
#11039 = FILL_AREA_STYLE('',(#11040));
#11040 = FILL_AREA_STYLE_COLOUR('',#11019);
#11041 = STYLED_ITEM('color',(#11042),#7569);
#11042 = PRESENTATION_STYLE_ASSIGNMENT((#11043));
#11043 = SURFACE_STYLE_USAGE(.BOTH.,#11044);
#11044 = SURFACE_SIDE_STYLE('',(#11045));
#11045 = SURFACE_STYLE_FILL_AREA(#11046);
#11046 = FILL_AREA_STYLE('',(#11047));
#11047 = FILL_AREA_STYLE_COLOUR('',#10782);
#11048 = STYLED_ITEM('color',(#11049),#7578);
#11049 = PRESENTATION_STYLE_ASSIGNMENT((#11050));
#11050 = SURFACE_STYLE_USAGE(.BOTH.,#11051);
#11051 = SURFACE_SIDE_STYLE('',(#11052));
#11052 = SURFACE_STYLE_FILL_AREA(#11053);
#11053 = FILL_AREA_STYLE('',(#11054));
#11054 = FILL_AREA_STYLE_COLOUR('',#11004);
#11055 = STYLED_ITEM('color',(#11056),#7616);
#11056 = PRESENTATION_STYLE_ASSIGNMENT((#11057));
#11057 = SURFACE_STYLE_USAGE(.BOTH.,#11058);
#11058 = SURFACE_SIDE_STYLE('',(#11059));
#11059 = SURFACE_STYLE_FILL_AREA(#11060);
#11060 = FILL_AREA_STYLE('',(#11061));
#11061 = FILL_AREA_STYLE_COLOUR('',#11019);
#11062 = STYLED_ITEM('color',(#11063),#7638);
#11063 = PRESENTATION_STYLE_ASSIGNMENT((#11064));
#11064 = SURFACE_STYLE_USAGE(.BOTH.,#11065);
#11065 = SURFACE_SIDE_STYLE('',(#11066));
#11066 = SURFACE_STYLE_FILL_AREA(#11067);
#11067 = FILL_AREA_STYLE('',(#11068));
#11068 = FILL_AREA_STYLE_COLOUR('',#11004);
#11069 = STYLED_ITEM('color',(#11070),#7701);
#11070 = PRESENTATION_STYLE_ASSIGNMENT((#11071));
#11071 = SURFACE_STYLE_USAGE(.BOTH.,#11072);
#11072 = SURFACE_SIDE_STYLE('',(#11073));
#11073 = SURFACE_STYLE_FILL_AREA(#11074);
#11074 = FILL_AREA_STYLE('',(#11075));
#11075 = FILL_AREA_STYLE_COLOUR('',#11019);
#11076 = STYLED_ITEM('color',(#11077),#7781);
#11077 = PRESENTATION_STYLE_ASSIGNMENT((#11078));
#11078 = SURFACE_STYLE_USAGE(.BOTH.,#11079);
#11079 = SURFACE_SIDE_STYLE('',(#11080));
#11080 = SURFACE_STYLE_FILL_AREA(#11081);
#11081 = FILL_AREA_STYLE('',(#11082));
#11082 = FILL_AREA_STYLE_COLOUR('',#11004);
#11083 = STYLED_ITEM('color',(#11084),#7955);
#11084 = PRESENTATION_STYLE_ASSIGNMENT((#11085));
#11085 = SURFACE_STYLE_USAGE(.BOTH.,#11086);
#11086 = SURFACE_SIDE_STYLE('',(#11087));
#11087 = SURFACE_STYLE_FILL_AREA(#11088);
#11088 = FILL_AREA_STYLE('',(#11089));
#11089 = FILL_AREA_STYLE_COLOUR('',#11019);
#11090 = STYLED_ITEM('color',(#11091),#8049);
#11091 = PRESENTATION_STYLE_ASSIGNMENT((#11092));
#11092 = SURFACE_STYLE_USAGE(.BOTH.,#11093);
#11093 = SURFACE_SIDE_STYLE('',(#11094));
#11094 = SURFACE_STYLE_FILL_AREA(#11095);
#11095 = FILL_AREA_STYLE('',(#11096));
#11096 = FILL_AREA_STYLE_COLOUR('',#11097);
#11097 = COLOUR_RGB('',0.147999998088,0.144999993226,0.144999993226);
#11098 = STYLED_ITEM('color',(#11099),#8077);
#11099 = PRESENTATION_STYLE_ASSIGNMENT((#11100));
#11100 = SURFACE_STYLE_USAGE(.BOTH.,#11101);
#11101 = SURFACE_SIDE_STYLE('',(#11102));
#11102 = SURFACE_STYLE_FILL_AREA(#11103);
#11103 = FILL_AREA_STYLE('',(#11104));
#11104 = FILL_AREA_STYLE_COLOUR('',#11019);
#11105 = STYLED_ITEM('color',(#11106),#8171);
#11106 = PRESENTATION_STYLE_ASSIGNMENT((#11107));
#11107 = SURFACE_STYLE_USAGE(.BOTH.,#11108);
#11108 = SURFACE_SIDE_STYLE('',(#11109));
#11109 = SURFACE_STYLE_FILL_AREA(#11110);
#11110 = FILL_AREA_STYLE('',(#11111));
#11111 = FILL_AREA_STYLE_COLOUR('',#11004);
#11112 = STYLED_ITEM('color',(#11113),#8240);
#11113 = PRESENTATION_STYLE_ASSIGNMENT((#11114));
#11114 = SURFACE_STYLE_USAGE(.BOTH.,#11115);
#11115 = SURFACE_SIDE_STYLE('',(#11116));
#11116 = SURFACE_STYLE_FILL_AREA(#11117);
#11117 = FILL_AREA_STYLE('',(#11118));
#11118 = FILL_AREA_STYLE_COLOUR('',#11097);
#11119 = STYLED_ITEM('color',(#11120),#8308);
#11120 = PRESENTATION_STYLE_ASSIGNMENT((#11121));
#11121 = SURFACE_STYLE_USAGE(.BOTH.,#11122);
#11122 = SURFACE_SIDE_STYLE('',(#11123));
#11123 = SURFACE_STYLE_FILL_AREA(#11124);
#11124 = FILL_AREA_STYLE('',(#11125));
#11125 = FILL_AREA_STYLE_COLOUR('',#11019);
#11126 = STYLED_ITEM('color',(#11127),#8362);
#11127 = PRESENTATION_STYLE_ASSIGNMENT((#11128));
#11128 = SURFACE_STYLE_USAGE(.BOTH.,#11129);
#11129 = SURFACE_SIDE_STYLE('',(#11130));
#11130 = SURFACE_STYLE_FILL_AREA(#11131);
#11131 = FILL_AREA_STYLE('',(#11132));
#11132 = FILL_AREA_STYLE_COLOUR('',#11019);
#11133 = STYLED_ITEM('color',(#11134),#8416);
#11134 = PRESENTATION_STYLE_ASSIGNMENT((#11135));
#11135 = SURFACE_STYLE_USAGE(.BOTH.,#11136);
#11136 = SURFACE_SIDE_STYLE('',(#11137));
#11137 = SURFACE_STYLE_FILL_AREA(#11138);
#11138 = FILL_AREA_STYLE('',(#11139));
#11139 = FILL_AREA_STYLE_COLOUR('',#11004);
#11140 = STYLED_ITEM('color',(#11141),#8590);
#11141 = PRESENTATION_STYLE_ASSIGNMENT((#11142));
#11142 = SURFACE_STYLE_USAGE(.BOTH.,#11143);
#11143 = SURFACE_SIDE_STYLE('',(#11144));
#11144 = SURFACE_STYLE_FILL_AREA(#11145);
#11145 = FILL_AREA_STYLE('',(#11146));
#11146 = FILL_AREA_STYLE_COLOUR('',#11097);
#11147 = STYLED_ITEM('color',(#11148),#8622);
#11148 = PRESENTATION_STYLE_ASSIGNMENT((#11149));
#11149 = SURFACE_STYLE_USAGE(.BOTH.,#11150);
#11150 = SURFACE_SIDE_STYLE('',(#11151));
#11151 = SURFACE_STYLE_FILL_AREA(#11152);
#11152 = FILL_AREA_STYLE('',(#11153));
#11153 = FILL_AREA_STYLE_COLOUR('',#11019);
#11154 = STYLED_ITEM('color',(#11155),#8702);
#11155 = PRESENTATION_STYLE_ASSIGNMENT((#11156));
#11156 = SURFACE_STYLE_USAGE(.BOTH.,#11157);
#11157 = SURFACE_SIDE_STYLE('',(#11158));
#11158 = SURFACE_STYLE_FILL_AREA(#11159);
#11159 = FILL_AREA_STYLE('',(#11160));
#11160 = FILL_AREA_STYLE_COLOUR('',#11019);
#11161 = STYLED_ITEM('color',(#11162),#8782);
#11162 = PRESENTATION_STYLE_ASSIGNMENT((#11163));
#11163 = SURFACE_STYLE_USAGE(.BOTH.,#11164);
#11164 = SURFACE_SIDE_STYLE('',(#11165));
#11165 = SURFACE_STYLE_FILL_AREA(#11166);
#11166 = FILL_AREA_STYLE('',(#11167));
#11167 = FILL_AREA_STYLE_COLOUR('',#11004);
#11168 = STYLED_ITEM('color',(#11169),#8814);
#11169 = PRESENTATION_STYLE_ASSIGNMENT((#11170));
#11170 = SURFACE_STYLE_USAGE(.BOTH.,#11171);
#11171 = SURFACE_SIDE_STYLE('',(#11172));
#11172 = SURFACE_STYLE_FILL_AREA(#11173);
#11173 = FILL_AREA_STYLE('',(#11174));
#11174 = FILL_AREA_STYLE_COLOUR('',#11097);
#11175 = STYLED_ITEM('color',(#11176),#8880);
#11176 = PRESENTATION_STYLE_ASSIGNMENT((#11177));
#11177 = SURFACE_STYLE_USAGE(.BOTH.,#11178);
#11178 = SURFACE_SIDE_STYLE('',(#11179));
#11179 = SURFACE_STYLE_FILL_AREA(#11180);
#11180 = FILL_AREA_STYLE('',(#11181));
#11181 = FILL_AREA_STYLE_COLOUR('',#11019);
#11182 = STYLED_ITEM('color',(#11183),#9063);
#11183 = PRESENTATION_STYLE_ASSIGNMENT((#11184));
#11184 = SURFACE_STYLE_USAGE(.BOTH.,#11185);
#11185 = SURFACE_SIDE_STYLE('',(#11186));
#11186 = SURFACE_STYLE_FILL_AREA(#11187);
#11187 = FILL_AREA_STYLE('',(#11188));
#11188 = FILL_AREA_STYLE_COLOUR('',#11004);
#11189 = STYLED_ITEM('color',(#11190),#9097);
#11190 = PRESENTATION_STYLE_ASSIGNMENT((#11191));
#11191 = SURFACE_STYLE_USAGE(.BOTH.,#11192);
#11192 = SURFACE_SIDE_STYLE('',(#11193));
#11193 = SURFACE_STYLE_FILL_AREA(#11194);
#11194 = FILL_AREA_STYLE('',(#11195));
#11195 = FILL_AREA_STYLE_COLOUR('',#11097);
#11196 = STYLED_ITEM('color',(#11197),#9112);
#11197 = PRESENTATION_STYLE_ASSIGNMENT((#11198));
#11198 = SURFACE_STYLE_USAGE(.BOTH.,#11199);
#11199 = SURFACE_SIDE_STYLE('',(#11200));
#11200 = SURFACE_STYLE_FILL_AREA(#11201);
#11201 = FILL_AREA_STYLE('',(#11202));
#11202 = FILL_AREA_STYLE_COLOUR('',#11019);
#11203 = STYLED_ITEM('color',(#11204),#9130);
#11204 = PRESENTATION_STYLE_ASSIGNMENT((#11205));
#11205 = SURFACE_STYLE_USAGE(.BOTH.,#11206);
#11206 = SURFACE_SIDE_STYLE('',(#11207));
#11207 = SURFACE_STYLE_FILL_AREA(#11208);
#11208 = FILL_AREA_STYLE('',(#11209));
#11209 = FILL_AREA_STYLE_COLOUR('',#11097);
#11210 = STYLED_ITEM('color',(#11211),#9148);
#11211 = PRESENTATION_STYLE_ASSIGNMENT((#11212));
#11212 = SURFACE_STYLE_USAGE(.BOTH.,#11213);
#11213 = SURFACE_SIDE_STYLE('',(#11214));
#11214 = SURFACE_STYLE_FILL_AREA(#11215);
#11215 = FILL_AREA_STYLE('',(#11216));
#11216 = FILL_AREA_STYLE_COLOUR('',#11004);
#11217 = STYLED_ITEM('color',(#11218),#9180);
#11218 = PRESENTATION_STYLE_ASSIGNMENT((#11219));
#11219 = SURFACE_STYLE_USAGE(.BOTH.,#11220);
#11220 = SURFACE_SIDE_STYLE('',(#11221));
#11221 = SURFACE_STYLE_FILL_AREA(#11222);
#11222 = FILL_AREA_STYLE('',(#11223));
#11223 = FILL_AREA_STYLE_COLOUR('',#11019);
#11224 = STYLED_ITEM('color',(#11225),#9198);
#11225 = PRESENTATION_STYLE_ASSIGNMENT((#11226));
#11226 = SURFACE_STYLE_USAGE(.BOTH.,#11227);
#11227 = SURFACE_SIDE_STYLE('',(#11228));
#11228 = SURFACE_STYLE_FILL_AREA(#11229);
#11229 = FILL_AREA_STYLE('',(#11230));
#11230 = FILL_AREA_STYLE_COLOUR('',#11004);
#11231 = STYLED_ITEM('color',(#11232),#9341);
#11232 = PRESENTATION_STYLE_ASSIGNMENT((#11233));
#11233 = SURFACE_STYLE_USAGE(.BOTH.,#11234);
#11234 = SURFACE_SIDE_STYLE('',(#11235));
#11235 = SURFACE_STYLE_FILL_AREA(#11236);
#11236 = FILL_AREA_STYLE('',(#11237));
#11237 = FILL_AREA_STYLE_COLOUR('',#11019);
#11238 = STYLED_ITEM('color',(#11239),#9393);
#11239 = PRESENTATION_STYLE_ASSIGNMENT((#11240));
#11240 = SURFACE_STYLE_USAGE(.BOTH.,#11241);
#11241 = SURFACE_SIDE_STYLE('',(#11242));
#11242 = SURFACE_STYLE_FILL_AREA(#11243);
#11243 = FILL_AREA_STYLE('',(#11244));
#11244 = FILL_AREA_STYLE_COLOUR('',#10782);
#11245 = STYLED_ITEM('color',(#11246),#9417);
#11246 = PRESENTATION_STYLE_ASSIGNMENT((#11247));
#11247 = SURFACE_STYLE_USAGE(.BOTH.,#11248);
#11248 = SURFACE_SIDE_STYLE('',(#11249));
#11249 = SURFACE_STYLE_FILL_AREA(#11250);
#11250 = FILL_AREA_STYLE('',(#11251));
#11251 = FILL_AREA_STYLE_COLOUR('',#10782);
#11252 = STYLED_ITEM('color',(#11253),#9441);
#11253 = PRESENTATION_STYLE_ASSIGNMENT((#11254));
#11254 = SURFACE_STYLE_USAGE(.BOTH.,#11255);
#11255 = SURFACE_SIDE_STYLE('',(#11256));
#11256 = SURFACE_STYLE_FILL_AREA(#11257);
#11257 = FILL_AREA_STYLE('',(#11258));
#11258 = FILL_AREA_STYLE_COLOUR('',#10782);
#11259 = STYLED_ITEM('color',(#11260),#9465);
#11260 = PRESENTATION_STYLE_ASSIGNMENT((#11261));
#11261 = SURFACE_STYLE_USAGE(.BOTH.,#11262);
#11262 = SURFACE_SIDE_STYLE('',(#11263));
#11263 = SURFACE_STYLE_FILL_AREA(#11264);
#11264 = FILL_AREA_STYLE('',(#11265));
#11265 = FILL_AREA_STYLE_COLOUR('',#10782);
#11266 = STYLED_ITEM('color',(#11267),#9527);
#11267 = PRESENTATION_STYLE_ASSIGNMENT((#11268));
#11268 = SURFACE_STYLE_USAGE(.BOTH.,#11269);
#11269 = SURFACE_SIDE_STYLE('',(#11270));
#11270 = SURFACE_STYLE_FILL_AREA(#11271);
#11271 = FILL_AREA_STYLE('',(#11272));
#11272 = FILL_AREA_STYLE_COLOUR('',#10782);
#11273 = STYLED_ITEM('color',(#11274),#9544);
#11274 = PRESENTATION_STYLE_ASSIGNMENT((#11275));
#11275 = SURFACE_STYLE_USAGE(.BOTH.,#11276);
#11276 = SURFACE_SIDE_STYLE('',(#11277));
#11277 = SURFACE_STYLE_FILL_AREA(#11278);
#11278 = FILL_AREA_STYLE('',(#11279));
#11279 = FILL_AREA_STYLE_COLOUR('',#10782);
#11280 = STYLED_ITEM('color',(#11281),#9568);
#11281 = PRESENTATION_STYLE_ASSIGNMENT((#11282));
#11282 = SURFACE_STYLE_USAGE(.BOTH.,#11283);
#11283 = SURFACE_SIDE_STYLE('',(#11284));
#11284 = SURFACE_STYLE_FILL_AREA(#11285);
#11285 = FILL_AREA_STYLE('',(#11286));
#11286 = FILL_AREA_STYLE_COLOUR('',#10782);
#11287 = STYLED_ITEM('color',(#11288),#9584);
#11288 = PRESENTATION_STYLE_ASSIGNMENT((#11289));
#11289 = SURFACE_STYLE_USAGE(.BOTH.,#11290);
#11290 = SURFACE_SIDE_STYLE('',(#11291));
#11291 = SURFACE_STYLE_FILL_AREA(#11292);
#11292 = FILL_AREA_STYLE('',(#11293));
#11293 = FILL_AREA_STYLE_COLOUR('',#10782);
#11294 = STYLED_ITEM('color',(#11295),#9608);
#11295 = PRESENTATION_STYLE_ASSIGNMENT((#11296));
#11296 = SURFACE_STYLE_USAGE(.BOTH.,#11297);
#11297 = SURFACE_SIDE_STYLE('',(#11298));
#11298 = SURFACE_STYLE_FILL_AREA(#11299);
#11299 = FILL_AREA_STYLE('',(#11300));
#11300 = FILL_AREA_STYLE_COLOUR('',#10782);
#11301 = STYLED_ITEM('color',(#11302),#9620);
#11302 = PRESENTATION_STYLE_ASSIGNMENT((#11303));
#11303 = SURFACE_STYLE_USAGE(.BOTH.,#11304);
#11304 = SURFACE_SIDE_STYLE('',(#11305));
#11305 = SURFACE_STYLE_FILL_AREA(#11306);
#11306 = FILL_AREA_STYLE('',(#11307));
#11307 = FILL_AREA_STYLE_COLOUR('',#10782);
#11308 = STYLED_ITEM('color',(#11309),#9636);
#11309 = PRESENTATION_STYLE_ASSIGNMENT((#11310));
#11310 = SURFACE_STYLE_USAGE(.BOTH.,#11311);
#11311 = SURFACE_SIDE_STYLE('',(#11312));
#11312 = SURFACE_STYLE_FILL_AREA(#11313);
#11313 = FILL_AREA_STYLE('',(#11314));
#11314 = FILL_AREA_STYLE_COLOUR('',#10782);
#11315 = STYLED_ITEM('color',(#11316),#9648);
#11316 = PRESENTATION_STYLE_ASSIGNMENT((#11317));
#11317 = SURFACE_STYLE_USAGE(.BOTH.,#11318);
#11318 = SURFACE_SIDE_STYLE('',(#11319));
#11319 = SURFACE_STYLE_FILL_AREA(#11320);
#11320 = FILL_AREA_STYLE('',(#11321));
#11321 = FILL_AREA_STYLE_COLOUR('',#10782);
#11322 = STYLED_ITEM('color',(#11323),#9660);
#11323 = PRESENTATION_STYLE_ASSIGNMENT((#11324));
#11324 = SURFACE_STYLE_USAGE(.BOTH.,#11325);
#11325 = SURFACE_SIDE_STYLE('',(#11326));
#11326 = SURFACE_STYLE_FILL_AREA(#11327);
#11327 = FILL_AREA_STYLE('',(#11328));
#11328 = FILL_AREA_STYLE_COLOUR('',#10782);
#11329 = STYLED_ITEM('color',(#11330),#9674);
#11330 = PRESENTATION_STYLE_ASSIGNMENT((#11331));
#11331 = SURFACE_STYLE_USAGE(.BOTH.,#11332);
#11332 = SURFACE_SIDE_STYLE('',(#11333));
#11333 = SURFACE_STYLE_FILL_AREA(#11334);
#11334 = FILL_AREA_STYLE('',(#11335));
#11335 = FILL_AREA_STYLE_COLOUR('',#11019);
#11336 = STYLED_ITEM('color',(#11337),#9707);
#11337 = PRESENTATION_STYLE_ASSIGNMENT((#11338));
#11338 = SURFACE_STYLE_USAGE(.BOTH.,#11339);
#11339 = SURFACE_SIDE_STYLE('',(#11340));
#11340 = SURFACE_STYLE_FILL_AREA(#11341);
#11341 = FILL_AREA_STYLE('',(#11342));
#11342 = FILL_AREA_STYLE_COLOUR('',#11019);
#11343 = STYLED_ITEM('color',(#11344),#9739);
#11344 = PRESENTATION_STYLE_ASSIGNMENT((#11345));
#11345 = SURFACE_STYLE_USAGE(.BOTH.,#11346);
#11346 = SURFACE_SIDE_STYLE('',(#11347));
#11347 = SURFACE_STYLE_FILL_AREA(#11348);
#11348 = FILL_AREA_STYLE('',(#11349));
#11349 = FILL_AREA_STYLE_COLOUR('',#11004);
#11350 = STYLED_ITEM('color',(#11351),#9756);
#11351 = PRESENTATION_STYLE_ASSIGNMENT((#11352));
#11352 = SURFACE_STYLE_USAGE(.BOTH.,#11353);
#11353 = SURFACE_SIDE_STYLE('',(#11354));
#11354 = SURFACE_STYLE_FILL_AREA(#11355);
#11355 = FILL_AREA_STYLE('',(#11356));
#11356 = FILL_AREA_STYLE_COLOUR('',#11004);
#11357 = STYLED_ITEM('color',(#11358),#9783);
#11358 = PRESENTATION_STYLE_ASSIGNMENT((#11359));
#11359 = SURFACE_STYLE_USAGE(.BOTH.,#11360);
#11360 = SURFACE_SIDE_STYLE('',(#11361));
#11361 = SURFACE_STYLE_FILL_AREA(#11362);
#11362 = FILL_AREA_STYLE('',(#11363));
#11363 = FILL_AREA_STYLE_COLOUR('',#10782);
#11364 = MECHANICAL_DESIGN_GEOMETRIC_PRESENTATION_REPRESENTATION('',(
    #11365,#11372,#11379,#11386,#11393,#11400,#11407,#11414,#11422,
    #11429,#11436,#11443,#11450,#11457,#11465,#11472,#11479,#11486,
    #11493,#11500,#11507,#11514,#11521,#11528,#11535,#11542),#903);
#11365 = STYLED_ITEM('color',(#11366),#115);
#11366 = PRESENTATION_STYLE_ASSIGNMENT((#11367));
#11367 = SURFACE_STYLE_USAGE(.BOTH.,#11368);
#11368 = SURFACE_SIDE_STYLE('',(#11369));
#11369 = SURFACE_STYLE_FILL_AREA(#11370);
#11370 = FILL_AREA_STYLE('',(#11371));
#11371 = FILL_AREA_STYLE_COLOUR('',#10782);
#11372 = STYLED_ITEM('color',(#11373),#155);
#11373 = PRESENTATION_STYLE_ASSIGNMENT((#11374));
#11374 = SURFACE_STYLE_USAGE(.BOTH.,#11375);
#11375 = SURFACE_SIDE_STYLE('',(#11376));
#11376 = SURFACE_STYLE_FILL_AREA(#11377);
#11377 = FILL_AREA_STYLE('',(#11378));
#11378 = FILL_AREA_STYLE_COLOUR('',#10782);
#11379 = STYLED_ITEM('color',(#11380),#238);
#11380 = PRESENTATION_STYLE_ASSIGNMENT((#11381));
#11381 = SURFACE_STYLE_USAGE(.BOTH.,#11382);
#11382 = SURFACE_SIDE_STYLE('',(#11383));
#11383 = SURFACE_STYLE_FILL_AREA(#11384);
#11384 = FILL_AREA_STYLE('',(#11385));
#11385 = FILL_AREA_STYLE_COLOUR('',#10782);
#11386 = STYLED_ITEM('color',(#11387),#263);
#11387 = PRESENTATION_STYLE_ASSIGNMENT((#11388));
#11388 = SURFACE_STYLE_USAGE(.BOTH.,#11389);
#11389 = SURFACE_SIDE_STYLE('',(#11390));
#11390 = SURFACE_STYLE_FILL_AREA(#11391);
#11391 = FILL_AREA_STYLE('',(#11392));
#11392 = FILL_AREA_STYLE_COLOUR('',#10782);
#11393 = STYLED_ITEM('color',(#11394),#288);
#11394 = PRESENTATION_STYLE_ASSIGNMENT((#11395));
#11395 = SURFACE_STYLE_USAGE(.BOTH.,#11396);
#11396 = SURFACE_SIDE_STYLE('',(#11397));
#11397 = SURFACE_STYLE_FILL_AREA(#11398);
#11398 = FILL_AREA_STYLE('',(#11399));
#11399 = FILL_AREA_STYLE_COLOUR('',#10782);
#11400 = STYLED_ITEM('color',(#11401),#355);
#11401 = PRESENTATION_STYLE_ASSIGNMENT((#11402));
#11402 = SURFACE_STYLE_USAGE(.BOTH.,#11403);
#11403 = SURFACE_SIDE_STYLE('',(#11404));
#11404 = SURFACE_STYLE_FILL_AREA(#11405);
#11405 = FILL_AREA_STYLE('',(#11406));
#11406 = FILL_AREA_STYLE_COLOUR('',#10782);
#11407 = STYLED_ITEM('color',(#11408),#372);
#11408 = PRESENTATION_STYLE_ASSIGNMENT((#11409));
#11409 = SURFACE_STYLE_USAGE(.BOTH.,#11410);
#11410 = SURFACE_SIDE_STYLE('',(#11411));
#11411 = SURFACE_STYLE_FILL_AREA(#11412);
#11412 = FILL_AREA_STYLE('',(#11413));
#11413 = FILL_AREA_STYLE_COLOUR('',#10782);
#11414 = STYLED_ITEM('color',(#11415),#389);
#11415 = PRESENTATION_STYLE_ASSIGNMENT((#11416));
#11416 = SURFACE_STYLE_USAGE(.BOTH.,#11417);
#11417 = SURFACE_SIDE_STYLE('',(#11418));
#11418 = SURFACE_STYLE_FILL_AREA(#11419);
#11419 = FILL_AREA_STYLE('',(#11420));
#11420 = FILL_AREA_STYLE_COLOUR('',#11421);
#11421 = COLOUR_RGB('',0.894999966383,0.890999961016,0.813000030345);
#11422 = STYLED_ITEM('color',(#11423),#438);
#11423 = PRESENTATION_STYLE_ASSIGNMENT((#11424));
#11424 = SURFACE_STYLE_USAGE(.BOTH.,#11425);
#11425 = SURFACE_SIDE_STYLE('',(#11426));
#11426 = SURFACE_STYLE_FILL_AREA(#11427);
#11427 = FILL_AREA_STYLE('',(#11428));
#11428 = FILL_AREA_STYLE_COLOUR('',#10782);
#11429 = STYLED_ITEM('color',(#11430),#455);
#11430 = PRESENTATION_STYLE_ASSIGNMENT((#11431));
#11431 = SURFACE_STYLE_USAGE(.BOTH.,#11432);
#11432 = SURFACE_SIDE_STYLE('',(#11433));
#11433 = SURFACE_STYLE_FILL_AREA(#11434);
#11434 = FILL_AREA_STYLE('',(#11435));
#11435 = FILL_AREA_STYLE_COLOUR('',#10782);
#11436 = STYLED_ITEM('color',(#11437),#472);
#11437 = PRESENTATION_STYLE_ASSIGNMENT((#11438));
#11438 = SURFACE_STYLE_USAGE(.BOTH.,#11439);
#11439 = SURFACE_SIDE_STYLE('',(#11440));
#11440 = SURFACE_STYLE_FILL_AREA(#11441);
#11441 = FILL_AREA_STYLE('',(#11442));
#11442 = FILL_AREA_STYLE_COLOUR('',#11421);
#11443 = STYLED_ITEM('color',(#11444),#521);
#11444 = PRESENTATION_STYLE_ASSIGNMENT((#11445));
#11445 = SURFACE_STYLE_USAGE(.BOTH.,#11446);
#11446 = SURFACE_SIDE_STYLE('',(#11447));
#11447 = SURFACE_STYLE_FILL_AREA(#11448);
#11448 = FILL_AREA_STYLE('',(#11449));
#11449 = FILL_AREA_STYLE_COLOUR('',#11421);
#11450 = STYLED_ITEM('color',(#11451),#538);
#11451 = PRESENTATION_STYLE_ASSIGNMENT((#11452));
#11452 = SURFACE_STYLE_USAGE(.BOTH.,#11453);
#11453 = SURFACE_SIDE_STYLE('',(#11454));
#11454 = SURFACE_STYLE_FILL_AREA(#11455);
#11455 = FILL_AREA_STYLE('',(#11456));
#11456 = FILL_AREA_STYLE_COLOUR('',#10782);
#11457 = STYLED_ITEM('color',(#11458),#607);
#11458 = PRESENTATION_STYLE_ASSIGNMENT((#11459));
#11459 = SURFACE_STYLE_USAGE(.BOTH.,#11460);
#11460 = SURFACE_SIDE_STYLE('',(#11461));
#11461 = SURFACE_STYLE_FILL_AREA(#11462);
#11462 = FILL_AREA_STYLE('',(#11463));
#11463 = FILL_AREA_STYLE_COLOUR('',#11464);
#11464 = COLOUR_RGB('',8.200000279077E-02,8.600000121357E-02,
  9.399999706163E-02);
#11465 = STYLED_ITEM('color',(#11466),#638);
#11466 = PRESENTATION_STYLE_ASSIGNMENT((#11467));
#11467 = SURFACE_STYLE_USAGE(.BOTH.,#11468);
#11468 = SURFACE_SIDE_STYLE('',(#11469));
#11469 = SURFACE_STYLE_FILL_AREA(#11470);
#11470 = FILL_AREA_STYLE('',(#11471));
#11471 = FILL_AREA_STYLE_COLOUR('',#11464);
#11472 = STYLED_ITEM('color',(#11473),#662);
#11473 = PRESENTATION_STYLE_ASSIGNMENT((#11474));
#11474 = SURFACE_STYLE_USAGE(.BOTH.,#11475);
#11475 = SURFACE_SIDE_STYLE('',(#11476));
#11476 = SURFACE_STYLE_FILL_AREA(#11477);
#11477 = FILL_AREA_STYLE('',(#11478));
#11478 = FILL_AREA_STYLE_COLOUR('',#10782);
#11479 = STYLED_ITEM('color',(#11480),#731);
#11480 = PRESENTATION_STYLE_ASSIGNMENT((#11481));
#11481 = SURFACE_STYLE_USAGE(.BOTH.,#11482);
#11482 = SURFACE_SIDE_STYLE('',(#11483));
#11483 = SURFACE_STYLE_FILL_AREA(#11484);
#11484 = FILL_AREA_STYLE('',(#11485));
#11485 = FILL_AREA_STYLE_COLOUR('',#11464);
#11486 = STYLED_ITEM('color',(#11487),#755);
#11487 = PRESENTATION_STYLE_ASSIGNMENT((#11488));
#11488 = SURFACE_STYLE_USAGE(.BOTH.,#11489);
#11489 = SURFACE_SIDE_STYLE('',(#11490));
#11490 = SURFACE_STYLE_FILL_AREA(#11491);
#11491 = FILL_AREA_STYLE('',(#11492));
#11492 = FILL_AREA_STYLE_COLOUR('',#10782);
#11493 = STYLED_ITEM('color',(#11494),#772);
#11494 = PRESENTATION_STYLE_ASSIGNMENT((#11495));
#11495 = SURFACE_STYLE_USAGE(.BOTH.,#11496);
#11496 = SURFACE_SIDE_STYLE('',(#11497));
#11497 = SURFACE_STYLE_FILL_AREA(#11498);
#11498 = FILL_AREA_STYLE('',(#11499));
#11499 = FILL_AREA_STYLE_COLOUR('',#10782);
#11500 = STYLED_ITEM('color',(#11501),#789);
#11501 = PRESENTATION_STYLE_ASSIGNMENT((#11502));
#11502 = SURFACE_STYLE_USAGE(.BOTH.,#11503);
#11503 = SURFACE_SIDE_STYLE('',(#11504));
#11504 = SURFACE_STYLE_FILL_AREA(#11505);
#11505 = FILL_AREA_STYLE('',(#11506));
#11506 = FILL_AREA_STYLE_COLOUR('',#10782);
#11507 = STYLED_ITEM('color',(#11508),#806);
#11508 = PRESENTATION_STYLE_ASSIGNMENT((#11509));
#11509 = SURFACE_STYLE_USAGE(.BOTH.,#11510);
#11510 = SURFACE_SIDE_STYLE('',(#11511));
#11511 = SURFACE_STYLE_FILL_AREA(#11512);
#11512 = FILL_AREA_STYLE('',(#11513));
#11513 = FILL_AREA_STYLE_COLOUR('',#10782);
#11514 = STYLED_ITEM('color',(#11515),#823);
#11515 = PRESENTATION_STYLE_ASSIGNMENT((#11516));
#11516 = SURFACE_STYLE_USAGE(.BOTH.,#11517);
#11517 = SURFACE_SIDE_STYLE('',(#11518));
#11518 = SURFACE_STYLE_FILL_AREA(#11519);
#11519 = FILL_AREA_STYLE('',(#11520));
#11520 = FILL_AREA_STYLE_COLOUR('',#10782);
#11521 = STYLED_ITEM('color',(#11522),#840);
#11522 = PRESENTATION_STYLE_ASSIGNMENT((#11523));
#11523 = SURFACE_STYLE_USAGE(.BOTH.,#11524);
#11524 = SURFACE_SIDE_STYLE('',(#11525));
#11525 = SURFACE_STYLE_FILL_AREA(#11526);
#11526 = FILL_AREA_STYLE('',(#11527));
#11527 = FILL_AREA_STYLE_COLOUR('',#10782);
#11528 = STYLED_ITEM('color',(#11529),#857);
#11529 = PRESENTATION_STYLE_ASSIGNMENT((#11530));
#11530 = SURFACE_STYLE_USAGE(.BOTH.,#11531);
#11531 = SURFACE_SIDE_STYLE('',(#11532));
#11532 = SURFACE_STYLE_FILL_AREA(#11533);
#11533 = FILL_AREA_STYLE('',(#11534));
#11534 = FILL_AREA_STYLE_COLOUR('',#10782);
#11535 = STYLED_ITEM('color',(#11536),#874);
#11536 = PRESENTATION_STYLE_ASSIGNMENT((#11537));
#11537 = SURFACE_STYLE_USAGE(.BOTH.,#11538);
#11538 = SURFACE_SIDE_STYLE('',(#11539));
#11539 = SURFACE_STYLE_FILL_AREA(#11540);
#11540 = FILL_AREA_STYLE('',(#11541));
#11541 = FILL_AREA_STYLE_COLOUR('',#11464);
#11542 = STYLED_ITEM('color',(#11543),#891);
#11543 = PRESENTATION_STYLE_ASSIGNMENT((#11544));
#11544 = SURFACE_STYLE_USAGE(.BOTH.,#11545);
#11545 = SURFACE_SIDE_STYLE('',(#11546));
#11546 = SURFACE_STYLE_FILL_AREA(#11547);
#11547 = FILL_AREA_STYLE('',(#11548));
#11548 = FILL_AREA_STYLE_COLOUR('',#11464);
#11549 = MECHANICAL_DESIGN_GEOMETRIC_PRESENTATION_REPRESENTATION('',(
    #11550,#11557,#11564,#11571,#11578,#11585,#11592,#11599,#11606,
    #11613,#11620,#11627,#11634,#11641,#11648,#11655,#11662,#11669,
    #11676,#11683,#11690,#11697,#11704,#11711,#11718,#11725,#11732,
    #11739,#11746,#11753,#11760,#11767,#11774,#11781,#11788,#11795,
    #11802,#11809,#11816,#11823,#11830,#11837,#11844,#11851,#11858,
    #11865,#11872,#11879,#11886,#11893,#11900,#11907,#11914,#11922,
    #11929,#11936,#11943,#11950,#11957,#11964,#11971,#11978,#11985,
    #11992,#11999,#12006,#12013,#12020,#12027,#12034,#12041,#12048,
    #12055,#12062,#12069,#12076,#12083,#12090,#12097,#12104,#12111,
    #12118,#12125,#12132,#12139,#12146,#12153,#12160,#12167,#12174,
    #12181,#12188,#12195,#12202,#12209,#12216,#12223,#12230,#12237,
    #12244,#12251,#12258,#12265,#12272,#12279,#12286,#12293,#12300,
    #12307,#12314,#12321,#12328,#12335,#12342,#12349,#12356,#12363,
    #12370,#12377,#12384,#12391,#12398,#12405,#12412,#12419,#12426,
    #12433,#12440,#12447,#12454,#12461,#12468,#12475,#12482,#12489,
    #12496,#12503,#12510,#12517,#12524,#12531,#12538,#12545,#12552,
    #12559,#12566,#12573,#12580,#12587,#12594,#12601,#12608,#12615,
    #12622,#12629,#12636,#12643,#12650,#12657,#12664,#12671,#12678,
    #12685,#12692,#12699,#12706,#12713,#12720,#12727,#12734,#12741,
    #12748,#12755,#12762,#12769,#12776,#12783,#12790,#12797,#12804,
    #12811,#12818,#12825,#12832,#12839,#12846,#12853,#12860,#12867,
    #12874,#12881,#12888,#12895,#12902,#12909,#12916),#6398);
#11550 = STYLED_ITEM('color',(#11551),#924);
#11551 = PRESENTATION_STYLE_ASSIGNMENT((#11552));
#11552 = SURFACE_STYLE_USAGE(.BOTH.,#11553);
#11553 = SURFACE_SIDE_STYLE('',(#11554));
#11554 = SURFACE_STYLE_FILL_AREA(#11555);
#11555 = FILL_AREA_STYLE('',(#11556));
#11556 = FILL_AREA_STYLE_COLOUR('',#11097);
#11557 = STYLED_ITEM('color',(#11558),#964);
#11558 = PRESENTATION_STYLE_ASSIGNMENT((#11559));
#11559 = SURFACE_STYLE_USAGE(.BOTH.,#11560);
#11560 = SURFACE_SIDE_STYLE('',(#11561));
#11561 = SURFACE_STYLE_FILL_AREA(#11562);
#11562 = FILL_AREA_STYLE('',(#11563));
#11563 = FILL_AREA_STYLE_COLOUR('',#11097);
#11564 = STYLED_ITEM('color',(#11565),#995);
#11565 = PRESENTATION_STYLE_ASSIGNMENT((#11566));
#11566 = SURFACE_STYLE_USAGE(.BOTH.,#11567);
#11567 = SURFACE_SIDE_STYLE('',(#11568));
#11568 = SURFACE_STYLE_FILL_AREA(#11569);
#11569 = FILL_AREA_STYLE('',(#11570));
#11570 = FILL_AREA_STYLE_COLOUR('',#11097);
#11571 = STYLED_ITEM('color',(#11572),#1026);
#11572 = PRESENTATION_STYLE_ASSIGNMENT((#11573));
#11573 = SURFACE_STYLE_USAGE(.BOTH.,#11574);
#11574 = SURFACE_SIDE_STYLE('',(#11575));
#11575 = SURFACE_STYLE_FILL_AREA(#11576);
#11576 = FILL_AREA_STYLE('',(#11577));
#11577 = FILL_AREA_STYLE_COLOUR('',#11097);
#11578 = STYLED_ITEM('color',(#11579),#1683);
#11579 = PRESENTATION_STYLE_ASSIGNMENT((#11580));
#11580 = SURFACE_STYLE_USAGE(.BOTH.,#11581);
#11581 = SURFACE_SIDE_STYLE('',(#11582));
#11582 = SURFACE_STYLE_FILL_AREA(#11583);
#11583 = FILL_AREA_STYLE('',(#11584));
#11584 = FILL_AREA_STYLE_COLOUR('',#11097);
#11585 = STYLED_ITEM('color',(#11586),#2340);
#11586 = PRESENTATION_STYLE_ASSIGNMENT((#11587));
#11587 = SURFACE_STYLE_USAGE(.BOTH.,#11588);
#11588 = SURFACE_SIDE_STYLE('',(#11589));
#11589 = SURFACE_STYLE_FILL_AREA(#11590);
#11590 = FILL_AREA_STYLE('',(#11591));
#11591 = FILL_AREA_STYLE_COLOUR('',#11097);
#11592 = STYLED_ITEM('color',(#11593),#2357);
#11593 = PRESENTATION_STYLE_ASSIGNMENT((#11594));
#11594 = SURFACE_STYLE_USAGE(.BOTH.,#11595);
#11595 = SURFACE_SIDE_STYLE('',(#11596));
#11596 = SURFACE_STYLE_FILL_AREA(#11597);
#11597 = FILL_AREA_STYLE('',(#11598));
#11598 = FILL_AREA_STYLE_COLOUR('',#11097);
#11599 = STYLED_ITEM('color',(#11600),#2374);
#11600 = PRESENTATION_STYLE_ASSIGNMENT((#11601));
#11601 = SURFACE_STYLE_USAGE(.BOTH.,#11602);
#11602 = SURFACE_SIDE_STYLE('',(#11603));
#11603 = SURFACE_STYLE_FILL_AREA(#11604);
#11604 = FILL_AREA_STYLE('',(#11605));
#11605 = FILL_AREA_STYLE_COLOUR('',#11097);
#11606 = STYLED_ITEM('color',(#11607),#2391);
#11607 = PRESENTATION_STYLE_ASSIGNMENT((#11608));
#11608 = SURFACE_STYLE_USAGE(.BOTH.,#11609);
#11609 = SURFACE_SIDE_STYLE('',(#11610));
#11610 = SURFACE_STYLE_FILL_AREA(#11611);
#11611 = FILL_AREA_STYLE('',(#11612));
#11612 = FILL_AREA_STYLE_COLOUR('',#11097);
#11613 = STYLED_ITEM('color',(#11614),#2408);
#11614 = PRESENTATION_STYLE_ASSIGNMENT((#11615));
#11615 = SURFACE_STYLE_USAGE(.BOTH.,#11616);
#11616 = SURFACE_SIDE_STYLE('',(#11617));
#11617 = SURFACE_STYLE_FILL_AREA(#11618);
#11618 = FILL_AREA_STYLE('',(#11619));
#11619 = FILL_AREA_STYLE_COLOUR('',#11097);
#11620 = STYLED_ITEM('color',(#11621),#2425);
#11621 = PRESENTATION_STYLE_ASSIGNMENT((#11622));
#11622 = SURFACE_STYLE_USAGE(.BOTH.,#11623);
#11623 = SURFACE_SIDE_STYLE('',(#11624));
#11624 = SURFACE_STYLE_FILL_AREA(#11625);
#11625 = FILL_AREA_STYLE('',(#11626));
#11626 = FILL_AREA_STYLE_COLOUR('',#11097);
#11627 = STYLED_ITEM('color',(#11628),#2442);
#11628 = PRESENTATION_STYLE_ASSIGNMENT((#11629));
#11629 = SURFACE_STYLE_USAGE(.BOTH.,#11630);
#11630 = SURFACE_SIDE_STYLE('',(#11631));
#11631 = SURFACE_STYLE_FILL_AREA(#11632);
#11632 = FILL_AREA_STYLE('',(#11633));
#11633 = FILL_AREA_STYLE_COLOUR('',#11097);
#11634 = STYLED_ITEM('color',(#11635),#2459);
#11635 = PRESENTATION_STYLE_ASSIGNMENT((#11636));
#11636 = SURFACE_STYLE_USAGE(.BOTH.,#11637);
#11637 = SURFACE_SIDE_STYLE('',(#11638));
#11638 = SURFACE_STYLE_FILL_AREA(#11639);
#11639 = FILL_AREA_STYLE('',(#11640));
#11640 = FILL_AREA_STYLE_COLOUR('',#11097);
#11641 = STYLED_ITEM('color',(#11642),#2476);
#11642 = PRESENTATION_STYLE_ASSIGNMENT((#11643));
#11643 = SURFACE_STYLE_USAGE(.BOTH.,#11644);
#11644 = SURFACE_SIDE_STYLE('',(#11645));
#11645 = SURFACE_STYLE_FILL_AREA(#11646);
#11646 = FILL_AREA_STYLE('',(#11647));
#11647 = FILL_AREA_STYLE_COLOUR('',#11097);
#11648 = STYLED_ITEM('color',(#11649),#2493);
#11649 = PRESENTATION_STYLE_ASSIGNMENT((#11650));
#11650 = SURFACE_STYLE_USAGE(.BOTH.,#11651);
#11651 = SURFACE_SIDE_STYLE('',(#11652));
#11652 = SURFACE_STYLE_FILL_AREA(#11653);
#11653 = FILL_AREA_STYLE('',(#11654));
#11654 = FILL_AREA_STYLE_COLOUR('',#11097);
#11655 = STYLED_ITEM('color',(#11656),#2510);
#11656 = PRESENTATION_STYLE_ASSIGNMENT((#11657));
#11657 = SURFACE_STYLE_USAGE(.BOTH.,#11658);
#11658 = SURFACE_SIDE_STYLE('',(#11659));
#11659 = SURFACE_STYLE_FILL_AREA(#11660);
#11660 = FILL_AREA_STYLE('',(#11661));
#11661 = FILL_AREA_STYLE_COLOUR('',#11097);
#11662 = STYLED_ITEM('color',(#11663),#2527);
#11663 = PRESENTATION_STYLE_ASSIGNMENT((#11664));
#11664 = SURFACE_STYLE_USAGE(.BOTH.,#11665);
#11665 = SURFACE_SIDE_STYLE('',(#11666));
#11666 = SURFACE_STYLE_FILL_AREA(#11667);
#11667 = FILL_AREA_STYLE('',(#11668));
#11668 = FILL_AREA_STYLE_COLOUR('',#11097);
#11669 = STYLED_ITEM('color',(#11670),#2544);
#11670 = PRESENTATION_STYLE_ASSIGNMENT((#11671));
#11671 = SURFACE_STYLE_USAGE(.BOTH.,#11672);
#11672 = SURFACE_SIDE_STYLE('',(#11673));
#11673 = SURFACE_STYLE_FILL_AREA(#11674);
#11674 = FILL_AREA_STYLE('',(#11675));
#11675 = FILL_AREA_STYLE_COLOUR('',#11097);
#11676 = STYLED_ITEM('color',(#11677),#2561);
#11677 = PRESENTATION_STYLE_ASSIGNMENT((#11678));
#11678 = SURFACE_STYLE_USAGE(.BOTH.,#11679);
#11679 = SURFACE_SIDE_STYLE('',(#11680));
#11680 = SURFACE_STYLE_FILL_AREA(#11681);
#11681 = FILL_AREA_STYLE('',(#11682));
#11682 = FILL_AREA_STYLE_COLOUR('',#11097);
#11683 = STYLED_ITEM('color',(#11684),#2578);
#11684 = PRESENTATION_STYLE_ASSIGNMENT((#11685));
#11685 = SURFACE_STYLE_USAGE(.BOTH.,#11686);
#11686 = SURFACE_SIDE_STYLE('',(#11687));
#11687 = SURFACE_STYLE_FILL_AREA(#11688);
#11688 = FILL_AREA_STYLE('',(#11689));
#11689 = FILL_AREA_STYLE_COLOUR('',#11097);
#11690 = STYLED_ITEM('color',(#11691),#2595);
#11691 = PRESENTATION_STYLE_ASSIGNMENT((#11692));
#11692 = SURFACE_STYLE_USAGE(.BOTH.,#11693);
#11693 = SURFACE_SIDE_STYLE('',(#11694));
#11694 = SURFACE_STYLE_FILL_AREA(#11695);
#11695 = FILL_AREA_STYLE('',(#11696));
#11696 = FILL_AREA_STYLE_COLOUR('',#11097);
#11697 = STYLED_ITEM('color',(#11698),#2612);
#11698 = PRESENTATION_STYLE_ASSIGNMENT((#11699));
#11699 = SURFACE_STYLE_USAGE(.BOTH.,#11700);
#11700 = SURFACE_SIDE_STYLE('',(#11701));
#11701 = SURFACE_STYLE_FILL_AREA(#11702);
#11702 = FILL_AREA_STYLE('',(#11703));
#11703 = FILL_AREA_STYLE_COLOUR('',#11097);
#11704 = STYLED_ITEM('color',(#11705),#2629);
#11705 = PRESENTATION_STYLE_ASSIGNMENT((#11706));
#11706 = SURFACE_STYLE_USAGE(.BOTH.,#11707);
#11707 = SURFACE_SIDE_STYLE('',(#11708));
#11708 = SURFACE_STYLE_FILL_AREA(#11709);
#11709 = FILL_AREA_STYLE('',(#11710));
#11710 = FILL_AREA_STYLE_COLOUR('',#11097);
#11711 = STYLED_ITEM('color',(#11712),#2646);
#11712 = PRESENTATION_STYLE_ASSIGNMENT((#11713));
#11713 = SURFACE_STYLE_USAGE(.BOTH.,#11714);
#11714 = SURFACE_SIDE_STYLE('',(#11715));
#11715 = SURFACE_STYLE_FILL_AREA(#11716);
#11716 = FILL_AREA_STYLE('',(#11717));
#11717 = FILL_AREA_STYLE_COLOUR('',#11097);
#11718 = STYLED_ITEM('color',(#11719),#2663);
#11719 = PRESENTATION_STYLE_ASSIGNMENT((#11720));
#11720 = SURFACE_STYLE_USAGE(.BOTH.,#11721);
#11721 = SURFACE_SIDE_STYLE('',(#11722));
#11722 = SURFACE_STYLE_FILL_AREA(#11723);
#11723 = FILL_AREA_STYLE('',(#11724));
#11724 = FILL_AREA_STYLE_COLOUR('',#11097);
#11725 = STYLED_ITEM('color',(#11726),#2680);
#11726 = PRESENTATION_STYLE_ASSIGNMENT((#11727));
#11727 = SURFACE_STYLE_USAGE(.BOTH.,#11728);
#11728 = SURFACE_SIDE_STYLE('',(#11729));
#11729 = SURFACE_STYLE_FILL_AREA(#11730);
#11730 = FILL_AREA_STYLE('',(#11731));
#11731 = FILL_AREA_STYLE_COLOUR('',#11097);
#11732 = STYLED_ITEM('color',(#11733),#2697);
#11733 = PRESENTATION_STYLE_ASSIGNMENT((#11734));
#11734 = SURFACE_STYLE_USAGE(.BOTH.,#11735);
#11735 = SURFACE_SIDE_STYLE('',(#11736));
#11736 = SURFACE_STYLE_FILL_AREA(#11737);
#11737 = FILL_AREA_STYLE('',(#11738));
#11738 = FILL_AREA_STYLE_COLOUR('',#11097);
#11739 = STYLED_ITEM('color',(#11740),#2714);
#11740 = PRESENTATION_STYLE_ASSIGNMENT((#11741));
#11741 = SURFACE_STYLE_USAGE(.BOTH.,#11742);
#11742 = SURFACE_SIDE_STYLE('',(#11743));
#11743 = SURFACE_STYLE_FILL_AREA(#11744);
#11744 = FILL_AREA_STYLE('',(#11745));
#11745 = FILL_AREA_STYLE_COLOUR('',#11097);
#11746 = STYLED_ITEM('color',(#11747),#2731);
#11747 = PRESENTATION_STYLE_ASSIGNMENT((#11748));
#11748 = SURFACE_STYLE_USAGE(.BOTH.,#11749);
#11749 = SURFACE_SIDE_STYLE('',(#11750));
#11750 = SURFACE_STYLE_FILL_AREA(#11751);
#11751 = FILL_AREA_STYLE('',(#11752));
#11752 = FILL_AREA_STYLE_COLOUR('',#11097);
#11753 = STYLED_ITEM('color',(#11754),#2748);
#11754 = PRESENTATION_STYLE_ASSIGNMENT((#11755));
#11755 = SURFACE_STYLE_USAGE(.BOTH.,#11756);
#11756 = SURFACE_SIDE_STYLE('',(#11757));
#11757 = SURFACE_STYLE_FILL_AREA(#11758);
#11758 = FILL_AREA_STYLE('',(#11759));
#11759 = FILL_AREA_STYLE_COLOUR('',#11097);
#11760 = STYLED_ITEM('color',(#11761),#2765);
#11761 = PRESENTATION_STYLE_ASSIGNMENT((#11762));
#11762 = SURFACE_STYLE_USAGE(.BOTH.,#11763);
#11763 = SURFACE_SIDE_STYLE('',(#11764));
#11764 = SURFACE_STYLE_FILL_AREA(#11765);
#11765 = FILL_AREA_STYLE('',(#11766));
#11766 = FILL_AREA_STYLE_COLOUR('',#11097);
#11767 = STYLED_ITEM('color',(#11768),#2782);
#11768 = PRESENTATION_STYLE_ASSIGNMENT((#11769));
#11769 = SURFACE_STYLE_USAGE(.BOTH.,#11770);
#11770 = SURFACE_SIDE_STYLE('',(#11771));
#11771 = SURFACE_STYLE_FILL_AREA(#11772);
#11772 = FILL_AREA_STYLE('',(#11773));
#11773 = FILL_AREA_STYLE_COLOUR('',#11097);
#11774 = STYLED_ITEM('color',(#11775),#2799);
#11775 = PRESENTATION_STYLE_ASSIGNMENT((#11776));
#11776 = SURFACE_STYLE_USAGE(.BOTH.,#11777);
#11777 = SURFACE_SIDE_STYLE('',(#11778));
#11778 = SURFACE_STYLE_FILL_AREA(#11779);
#11779 = FILL_AREA_STYLE('',(#11780));
#11780 = FILL_AREA_STYLE_COLOUR('',#11097);
#11781 = STYLED_ITEM('color',(#11782),#2816);
#11782 = PRESENTATION_STYLE_ASSIGNMENT((#11783));
#11783 = SURFACE_STYLE_USAGE(.BOTH.,#11784);
#11784 = SURFACE_SIDE_STYLE('',(#11785));
#11785 = SURFACE_STYLE_FILL_AREA(#11786);
#11786 = FILL_AREA_STYLE('',(#11787));
#11787 = FILL_AREA_STYLE_COLOUR('',#11097);
#11788 = STYLED_ITEM('color',(#11789),#2833);
#11789 = PRESENTATION_STYLE_ASSIGNMENT((#11790));
#11790 = SURFACE_STYLE_USAGE(.BOTH.,#11791);
#11791 = SURFACE_SIDE_STYLE('',(#11792));
#11792 = SURFACE_STYLE_FILL_AREA(#11793);
#11793 = FILL_AREA_STYLE('',(#11794));
#11794 = FILL_AREA_STYLE_COLOUR('',#11097);
#11795 = STYLED_ITEM('color',(#11796),#2850);
#11796 = PRESENTATION_STYLE_ASSIGNMENT((#11797));
#11797 = SURFACE_STYLE_USAGE(.BOTH.,#11798);
#11798 = SURFACE_SIDE_STYLE('',(#11799));
#11799 = SURFACE_STYLE_FILL_AREA(#11800);
#11800 = FILL_AREA_STYLE('',(#11801));
#11801 = FILL_AREA_STYLE_COLOUR('',#11097);
#11802 = STYLED_ITEM('color',(#11803),#2867);
#11803 = PRESENTATION_STYLE_ASSIGNMENT((#11804));
#11804 = SURFACE_STYLE_USAGE(.BOTH.,#11805);
#11805 = SURFACE_SIDE_STYLE('',(#11806));
#11806 = SURFACE_STYLE_FILL_AREA(#11807);
#11807 = FILL_AREA_STYLE('',(#11808));
#11808 = FILL_AREA_STYLE_COLOUR('',#11097);
#11809 = STYLED_ITEM('color',(#11810),#2884);
#11810 = PRESENTATION_STYLE_ASSIGNMENT((#11811));
#11811 = SURFACE_STYLE_USAGE(.BOTH.,#11812);
#11812 = SURFACE_SIDE_STYLE('',(#11813));
#11813 = SURFACE_STYLE_FILL_AREA(#11814);
#11814 = FILL_AREA_STYLE('',(#11815));
#11815 = FILL_AREA_STYLE_COLOUR('',#11097);
#11816 = STYLED_ITEM('color',(#11817),#2901);
#11817 = PRESENTATION_STYLE_ASSIGNMENT((#11818));
#11818 = SURFACE_STYLE_USAGE(.BOTH.,#11819);
#11819 = SURFACE_SIDE_STYLE('',(#11820));
#11820 = SURFACE_STYLE_FILL_AREA(#11821);
#11821 = FILL_AREA_STYLE('',(#11822));
#11822 = FILL_AREA_STYLE_COLOUR('',#11097);
#11823 = STYLED_ITEM('color',(#11824),#2918);
#11824 = PRESENTATION_STYLE_ASSIGNMENT((#11825));
#11825 = SURFACE_STYLE_USAGE(.BOTH.,#11826);
#11826 = SURFACE_SIDE_STYLE('',(#11827));
#11827 = SURFACE_STYLE_FILL_AREA(#11828);
#11828 = FILL_AREA_STYLE('',(#11829));
#11829 = FILL_AREA_STYLE_COLOUR('',#11097);
#11830 = STYLED_ITEM('color',(#11831),#2935);
#11831 = PRESENTATION_STYLE_ASSIGNMENT((#11832));
#11832 = SURFACE_STYLE_USAGE(.BOTH.,#11833);
#11833 = SURFACE_SIDE_STYLE('',(#11834));
#11834 = SURFACE_STYLE_FILL_AREA(#11835);
#11835 = FILL_AREA_STYLE('',(#11836));
#11836 = FILL_AREA_STYLE_COLOUR('',#11097);
#11837 = STYLED_ITEM('color',(#11838),#2952);
#11838 = PRESENTATION_STYLE_ASSIGNMENT((#11839));
#11839 = SURFACE_STYLE_USAGE(.BOTH.,#11840);
#11840 = SURFACE_SIDE_STYLE('',(#11841));
#11841 = SURFACE_STYLE_FILL_AREA(#11842);
#11842 = FILL_AREA_STYLE('',(#11843));
#11843 = FILL_AREA_STYLE_COLOUR('',#11097);
#11844 = STYLED_ITEM('color',(#11845),#2969);
#11845 = PRESENTATION_STYLE_ASSIGNMENT((#11846));
#11846 = SURFACE_STYLE_USAGE(.BOTH.,#11847);
#11847 = SURFACE_SIDE_STYLE('',(#11848));
#11848 = SURFACE_STYLE_FILL_AREA(#11849);
#11849 = FILL_AREA_STYLE('',(#11850));
#11850 = FILL_AREA_STYLE_COLOUR('',#11097);
#11851 = STYLED_ITEM('color',(#11852),#2986);
#11852 = PRESENTATION_STYLE_ASSIGNMENT((#11853));
#11853 = SURFACE_STYLE_USAGE(.BOTH.,#11854);
#11854 = SURFACE_SIDE_STYLE('',(#11855));
#11855 = SURFACE_STYLE_FILL_AREA(#11856);
#11856 = FILL_AREA_STYLE('',(#11857));
#11857 = FILL_AREA_STYLE_COLOUR('',#11097);
#11858 = STYLED_ITEM('color',(#11859),#3003);
#11859 = PRESENTATION_STYLE_ASSIGNMENT((#11860));
#11860 = SURFACE_STYLE_USAGE(.BOTH.,#11861);
#11861 = SURFACE_SIDE_STYLE('',(#11862));
#11862 = SURFACE_STYLE_FILL_AREA(#11863);
#11863 = FILL_AREA_STYLE('',(#11864));
#11864 = FILL_AREA_STYLE_COLOUR('',#11097);
#11865 = STYLED_ITEM('color',(#11866),#3020);
#11866 = PRESENTATION_STYLE_ASSIGNMENT((#11867));
#11867 = SURFACE_STYLE_USAGE(.BOTH.,#11868);
#11868 = SURFACE_SIDE_STYLE('',(#11869));
#11869 = SURFACE_STYLE_FILL_AREA(#11870);
#11870 = FILL_AREA_STYLE('',(#11871));
#11871 = FILL_AREA_STYLE_COLOUR('',#11097);
#11872 = STYLED_ITEM('color',(#11873),#3037);
#11873 = PRESENTATION_STYLE_ASSIGNMENT((#11874));
#11874 = SURFACE_STYLE_USAGE(.BOTH.,#11875);
#11875 = SURFACE_SIDE_STYLE('',(#11876));
#11876 = SURFACE_STYLE_FILL_AREA(#11877);
#11877 = FILL_AREA_STYLE('',(#11878));
#11878 = FILL_AREA_STYLE_COLOUR('',#11097);
#11879 = STYLED_ITEM('color',(#11880),#3054);
#11880 = PRESENTATION_STYLE_ASSIGNMENT((#11881));
#11881 = SURFACE_STYLE_USAGE(.BOTH.,#11882);
#11882 = SURFACE_SIDE_STYLE('',(#11883));
#11883 = SURFACE_STYLE_FILL_AREA(#11884);
#11884 = FILL_AREA_STYLE('',(#11885));
#11885 = FILL_AREA_STYLE_COLOUR('',#11097);
#11886 = STYLED_ITEM('color',(#11887),#3071);
#11887 = PRESENTATION_STYLE_ASSIGNMENT((#11888));
#11888 = SURFACE_STYLE_USAGE(.BOTH.,#11889);
#11889 = SURFACE_SIDE_STYLE('',(#11890));
#11890 = SURFACE_STYLE_FILL_AREA(#11891);
#11891 = FILL_AREA_STYLE('',(#11892));
#11892 = FILL_AREA_STYLE_COLOUR('',#11097);
#11893 = STYLED_ITEM('color',(#11894),#3088);
#11894 = PRESENTATION_STYLE_ASSIGNMENT((#11895));
#11895 = SURFACE_STYLE_USAGE(.BOTH.,#11896);
#11896 = SURFACE_SIDE_STYLE('',(#11897));
#11897 = SURFACE_STYLE_FILL_AREA(#11898);
#11898 = FILL_AREA_STYLE('',(#11899));
#11899 = FILL_AREA_STYLE_COLOUR('',#11097);
#11900 = STYLED_ITEM('color',(#11901),#3105);
#11901 = PRESENTATION_STYLE_ASSIGNMENT((#11902));
#11902 = SURFACE_STYLE_USAGE(.BOTH.,#11903);
#11903 = SURFACE_SIDE_STYLE('',(#11904));
#11904 = SURFACE_STYLE_FILL_AREA(#11905);
#11905 = FILL_AREA_STYLE('',(#11906));
#11906 = FILL_AREA_STYLE_COLOUR('',#11097);
#11907 = STYLED_ITEM('color',(#11908),#3122);
#11908 = PRESENTATION_STYLE_ASSIGNMENT((#11909));
#11909 = SURFACE_STYLE_USAGE(.BOTH.,#11910);
#11910 = SURFACE_SIDE_STYLE('',(#11911));
#11911 = SURFACE_STYLE_FILL_AREA(#11912);
#11912 = FILL_AREA_STYLE('',(#11913));
#11913 = FILL_AREA_STYLE_COLOUR('',#11097);
#11914 = STYLED_ITEM('color',(#11915),#3134);
#11915 = PRESENTATION_STYLE_ASSIGNMENT((#11916));
#11916 = SURFACE_STYLE_USAGE(.BOTH.,#11917);
#11917 = SURFACE_SIDE_STYLE('',(#11918));
#11918 = SURFACE_STYLE_FILL_AREA(#11919);
#11919 = FILL_AREA_STYLE('',(#11920));
#11920 = FILL_AREA_STYLE_COLOUR('',#11921);
#11921 = COLOUR_RGB('',0.859000020776,0.737999965183,0.495999988746);
#11922 = STYLED_ITEM('color',(#11923),#3165);
#11923 = PRESENTATION_STYLE_ASSIGNMENT((#11924));
#11924 = SURFACE_STYLE_USAGE(.BOTH.,#11925);
#11925 = SURFACE_SIDE_STYLE('',(#11926));
#11926 = SURFACE_STYLE_FILL_AREA(#11927);
#11927 = FILL_AREA_STYLE('',(#11928));
#11928 = FILL_AREA_STYLE_COLOUR('',#11921);
#11929 = STYLED_ITEM('color',(#11930),#3189);
#11930 = PRESENTATION_STYLE_ASSIGNMENT((#11931));
#11931 = SURFACE_STYLE_USAGE(.BOTH.,#11932);
#11932 = SURFACE_SIDE_STYLE('',(#11933));
#11933 = SURFACE_STYLE_FILL_AREA(#11934);
#11934 = FILL_AREA_STYLE('',(#11935));
#11935 = FILL_AREA_STYLE_COLOUR('',#11921);
#11936 = STYLED_ITEM('color',(#11937),#3213);
#11937 = PRESENTATION_STYLE_ASSIGNMENT((#11938));
#11938 = SURFACE_STYLE_USAGE(.BOTH.,#11939);
#11939 = SURFACE_SIDE_STYLE('',(#11940));
#11940 = SURFACE_STYLE_FILL_AREA(#11941);
#11941 = FILL_AREA_STYLE('',(#11942));
#11942 = FILL_AREA_STYLE_COLOUR('',#11921);
#11943 = STYLED_ITEM('color',(#11944),#3230);
#11944 = PRESENTATION_STYLE_ASSIGNMENT((#11945));
#11945 = SURFACE_STYLE_USAGE(.BOTH.,#11946);
#11946 = SURFACE_SIDE_STYLE('',(#11947));
#11947 = SURFACE_STYLE_FILL_AREA(#11948);
#11948 = FILL_AREA_STYLE('',(#11949));
#11949 = FILL_AREA_STYLE_COLOUR('',#11921);
#11950 = STYLED_ITEM('color',(#11951),#3261);
#11951 = PRESENTATION_STYLE_ASSIGNMENT((#11952));
#11952 = SURFACE_STYLE_USAGE(.BOTH.,#11953);
#11953 = SURFACE_SIDE_STYLE('',(#11954));
#11954 = SURFACE_STYLE_FILL_AREA(#11955);
#11955 = FILL_AREA_STYLE('',(#11956));
#11956 = FILL_AREA_STYLE_COLOUR('',#11921);
#11957 = STYLED_ITEM('color',(#11958),#3285);
#11958 = PRESENTATION_STYLE_ASSIGNMENT((#11959));
#11959 = SURFACE_STYLE_USAGE(.BOTH.,#11960);
#11960 = SURFACE_SIDE_STYLE('',(#11961));
#11961 = SURFACE_STYLE_FILL_AREA(#11962);
#11962 = FILL_AREA_STYLE('',(#11963));
#11963 = FILL_AREA_STYLE_COLOUR('',#11921);
#11964 = STYLED_ITEM('color',(#11965),#3309);
#11965 = PRESENTATION_STYLE_ASSIGNMENT((#11966));
#11966 = SURFACE_STYLE_USAGE(.BOTH.,#11967);
#11967 = SURFACE_SIDE_STYLE('',(#11968));
#11968 = SURFACE_STYLE_FILL_AREA(#11969);
#11969 = FILL_AREA_STYLE('',(#11970));
#11970 = FILL_AREA_STYLE_COLOUR('',#11921);
#11971 = STYLED_ITEM('color',(#11972),#3326);
#11972 = PRESENTATION_STYLE_ASSIGNMENT((#11973));
#11973 = SURFACE_STYLE_USAGE(.BOTH.,#11974);
#11974 = SURFACE_SIDE_STYLE('',(#11975));
#11975 = SURFACE_STYLE_FILL_AREA(#11976);
#11976 = FILL_AREA_STYLE('',(#11977));
#11977 = FILL_AREA_STYLE_COLOUR('',#11921);
#11978 = STYLED_ITEM('color',(#11979),#3357);
#11979 = PRESENTATION_STYLE_ASSIGNMENT((#11980));
#11980 = SURFACE_STYLE_USAGE(.BOTH.,#11981);
#11981 = SURFACE_SIDE_STYLE('',(#11982));
#11982 = SURFACE_STYLE_FILL_AREA(#11983);
#11983 = FILL_AREA_STYLE('',(#11984));
#11984 = FILL_AREA_STYLE_COLOUR('',#11921);
#11985 = STYLED_ITEM('color',(#11986),#3381);
#11986 = PRESENTATION_STYLE_ASSIGNMENT((#11987));
#11987 = SURFACE_STYLE_USAGE(.BOTH.,#11988);
#11988 = SURFACE_SIDE_STYLE('',(#11989));
#11989 = SURFACE_STYLE_FILL_AREA(#11990);
#11990 = FILL_AREA_STYLE('',(#11991));
#11991 = FILL_AREA_STYLE_COLOUR('',#11921);
#11992 = STYLED_ITEM('color',(#11993),#3405);
#11993 = PRESENTATION_STYLE_ASSIGNMENT((#11994));
#11994 = SURFACE_STYLE_USAGE(.BOTH.,#11995);
#11995 = SURFACE_SIDE_STYLE('',(#11996));
#11996 = SURFACE_STYLE_FILL_AREA(#11997);
#11997 = FILL_AREA_STYLE('',(#11998));
#11998 = FILL_AREA_STYLE_COLOUR('',#11921);
#11999 = STYLED_ITEM('color',(#12000),#3422);
#12000 = PRESENTATION_STYLE_ASSIGNMENT((#12001));
#12001 = SURFACE_STYLE_USAGE(.BOTH.,#12002);
#12002 = SURFACE_SIDE_STYLE('',(#12003));
#12003 = SURFACE_STYLE_FILL_AREA(#12004);
#12004 = FILL_AREA_STYLE('',(#12005));
#12005 = FILL_AREA_STYLE_COLOUR('',#11921);
#12006 = STYLED_ITEM('color',(#12007),#3453);
#12007 = PRESENTATION_STYLE_ASSIGNMENT((#12008));
#12008 = SURFACE_STYLE_USAGE(.BOTH.,#12009);
#12009 = SURFACE_SIDE_STYLE('',(#12010));
#12010 = SURFACE_STYLE_FILL_AREA(#12011);
#12011 = FILL_AREA_STYLE('',(#12012));
#12012 = FILL_AREA_STYLE_COLOUR('',#11921);
#12013 = STYLED_ITEM('color',(#12014),#3477);
#12014 = PRESENTATION_STYLE_ASSIGNMENT((#12015));
#12015 = SURFACE_STYLE_USAGE(.BOTH.,#12016);
#12016 = SURFACE_SIDE_STYLE('',(#12017));
#12017 = SURFACE_STYLE_FILL_AREA(#12018);
#12018 = FILL_AREA_STYLE('',(#12019));
#12019 = FILL_AREA_STYLE_COLOUR('',#11921);
#12020 = STYLED_ITEM('color',(#12021),#3501);
#12021 = PRESENTATION_STYLE_ASSIGNMENT((#12022));
#12022 = SURFACE_STYLE_USAGE(.BOTH.,#12023);
#12023 = SURFACE_SIDE_STYLE('',(#12024));
#12024 = SURFACE_STYLE_FILL_AREA(#12025);
#12025 = FILL_AREA_STYLE('',(#12026));
#12026 = FILL_AREA_STYLE_COLOUR('',#11921);
#12027 = STYLED_ITEM('color',(#12028),#3518);
#12028 = PRESENTATION_STYLE_ASSIGNMENT((#12029));
#12029 = SURFACE_STYLE_USAGE(.BOTH.,#12030);
#12030 = SURFACE_SIDE_STYLE('',(#12031));
#12031 = SURFACE_STYLE_FILL_AREA(#12032);
#12032 = FILL_AREA_STYLE('',(#12033));
#12033 = FILL_AREA_STYLE_COLOUR('',#11921);
#12034 = STYLED_ITEM('color',(#12035),#3549);
#12035 = PRESENTATION_STYLE_ASSIGNMENT((#12036));
#12036 = SURFACE_STYLE_USAGE(.BOTH.,#12037);
#12037 = SURFACE_SIDE_STYLE('',(#12038));
#12038 = SURFACE_STYLE_FILL_AREA(#12039);
#12039 = FILL_AREA_STYLE('',(#12040));
#12040 = FILL_AREA_STYLE_COLOUR('',#11921);
#12041 = STYLED_ITEM('color',(#12042),#3573);
#12042 = PRESENTATION_STYLE_ASSIGNMENT((#12043));
#12043 = SURFACE_STYLE_USAGE(.BOTH.,#12044);
#12044 = SURFACE_SIDE_STYLE('',(#12045));
#12045 = SURFACE_STYLE_FILL_AREA(#12046);
#12046 = FILL_AREA_STYLE('',(#12047));
#12047 = FILL_AREA_STYLE_COLOUR('',#11921);
#12048 = STYLED_ITEM('color',(#12049),#3597);
#12049 = PRESENTATION_STYLE_ASSIGNMENT((#12050));
#12050 = SURFACE_STYLE_USAGE(.BOTH.,#12051);
#12051 = SURFACE_SIDE_STYLE('',(#12052));
#12052 = SURFACE_STYLE_FILL_AREA(#12053);
#12053 = FILL_AREA_STYLE('',(#12054));
#12054 = FILL_AREA_STYLE_COLOUR('',#11921);
#12055 = STYLED_ITEM('color',(#12056),#3614);
#12056 = PRESENTATION_STYLE_ASSIGNMENT((#12057));
#12057 = SURFACE_STYLE_USAGE(.BOTH.,#12058);
#12058 = SURFACE_SIDE_STYLE('',(#12059));
#12059 = SURFACE_STYLE_FILL_AREA(#12060);
#12060 = FILL_AREA_STYLE('',(#12061));
#12061 = FILL_AREA_STYLE_COLOUR('',#11921);
#12062 = STYLED_ITEM('color',(#12063),#3645);
#12063 = PRESENTATION_STYLE_ASSIGNMENT((#12064));
#12064 = SURFACE_STYLE_USAGE(.BOTH.,#12065);
#12065 = SURFACE_SIDE_STYLE('',(#12066));
#12066 = SURFACE_STYLE_FILL_AREA(#12067);
#12067 = FILL_AREA_STYLE('',(#12068));
#12068 = FILL_AREA_STYLE_COLOUR('',#11921);
#12069 = STYLED_ITEM('color',(#12070),#3669);
#12070 = PRESENTATION_STYLE_ASSIGNMENT((#12071));
#12071 = SURFACE_STYLE_USAGE(.BOTH.,#12072);
#12072 = SURFACE_SIDE_STYLE('',(#12073));
#12073 = SURFACE_STYLE_FILL_AREA(#12074);
#12074 = FILL_AREA_STYLE('',(#12075));
#12075 = FILL_AREA_STYLE_COLOUR('',#11921);
#12076 = STYLED_ITEM('color',(#12077),#3693);
#12077 = PRESENTATION_STYLE_ASSIGNMENT((#12078));
#12078 = SURFACE_STYLE_USAGE(.BOTH.,#12079);
#12079 = SURFACE_SIDE_STYLE('',(#12080));
#12080 = SURFACE_STYLE_FILL_AREA(#12081);
#12081 = FILL_AREA_STYLE('',(#12082));
#12082 = FILL_AREA_STYLE_COLOUR('',#11921);
#12083 = STYLED_ITEM('color',(#12084),#3710);
#12084 = PRESENTATION_STYLE_ASSIGNMENT((#12085));
#12085 = SURFACE_STYLE_USAGE(.BOTH.,#12086);
#12086 = SURFACE_SIDE_STYLE('',(#12087));
#12087 = SURFACE_STYLE_FILL_AREA(#12088);
#12088 = FILL_AREA_STYLE('',(#12089));
#12089 = FILL_AREA_STYLE_COLOUR('',#11921);
#12090 = STYLED_ITEM('color',(#12091),#3741);
#12091 = PRESENTATION_STYLE_ASSIGNMENT((#12092));
#12092 = SURFACE_STYLE_USAGE(.BOTH.,#12093);
#12093 = SURFACE_SIDE_STYLE('',(#12094));
#12094 = SURFACE_STYLE_FILL_AREA(#12095);
#12095 = FILL_AREA_STYLE('',(#12096));
#12096 = FILL_AREA_STYLE_COLOUR('',#11921);
#12097 = STYLED_ITEM('color',(#12098),#3765);
#12098 = PRESENTATION_STYLE_ASSIGNMENT((#12099));
#12099 = SURFACE_STYLE_USAGE(.BOTH.,#12100);
#12100 = SURFACE_SIDE_STYLE('',(#12101));
#12101 = SURFACE_STYLE_FILL_AREA(#12102);
#12102 = FILL_AREA_STYLE('',(#12103));
#12103 = FILL_AREA_STYLE_COLOUR('',#11921);
#12104 = STYLED_ITEM('color',(#12105),#3789);
#12105 = PRESENTATION_STYLE_ASSIGNMENT((#12106));
#12106 = SURFACE_STYLE_USAGE(.BOTH.,#12107);
#12107 = SURFACE_SIDE_STYLE('',(#12108));
#12108 = SURFACE_STYLE_FILL_AREA(#12109);
#12109 = FILL_AREA_STYLE('',(#12110));
#12110 = FILL_AREA_STYLE_COLOUR('',#11921);
#12111 = STYLED_ITEM('color',(#12112),#3806);
#12112 = PRESENTATION_STYLE_ASSIGNMENT((#12113));
#12113 = SURFACE_STYLE_USAGE(.BOTH.,#12114);
#12114 = SURFACE_SIDE_STYLE('',(#12115));
#12115 = SURFACE_STYLE_FILL_AREA(#12116);
#12116 = FILL_AREA_STYLE('',(#12117));
#12117 = FILL_AREA_STYLE_COLOUR('',#11921);
#12118 = STYLED_ITEM('color',(#12119),#3837);
#12119 = PRESENTATION_STYLE_ASSIGNMENT((#12120));
#12120 = SURFACE_STYLE_USAGE(.BOTH.,#12121);
#12121 = SURFACE_SIDE_STYLE('',(#12122));
#12122 = SURFACE_STYLE_FILL_AREA(#12123);
#12123 = FILL_AREA_STYLE('',(#12124));
#12124 = FILL_AREA_STYLE_COLOUR('',#11921);
#12125 = STYLED_ITEM('color',(#12126),#3861);
#12126 = PRESENTATION_STYLE_ASSIGNMENT((#12127));
#12127 = SURFACE_STYLE_USAGE(.BOTH.,#12128);
#12128 = SURFACE_SIDE_STYLE('',(#12129));
#12129 = SURFACE_STYLE_FILL_AREA(#12130);
#12130 = FILL_AREA_STYLE('',(#12131));
#12131 = FILL_AREA_STYLE_COLOUR('',#11921);
#12132 = STYLED_ITEM('color',(#12133),#3885);
#12133 = PRESENTATION_STYLE_ASSIGNMENT((#12134));
#12134 = SURFACE_STYLE_USAGE(.BOTH.,#12135);
#12135 = SURFACE_SIDE_STYLE('',(#12136));
#12136 = SURFACE_STYLE_FILL_AREA(#12137);
#12137 = FILL_AREA_STYLE('',(#12138));
#12138 = FILL_AREA_STYLE_COLOUR('',#11921);
#12139 = STYLED_ITEM('color',(#12140),#3902);
#12140 = PRESENTATION_STYLE_ASSIGNMENT((#12141));
#12141 = SURFACE_STYLE_USAGE(.BOTH.,#12142);
#12142 = SURFACE_SIDE_STYLE('',(#12143));
#12143 = SURFACE_STYLE_FILL_AREA(#12144);
#12144 = FILL_AREA_STYLE('',(#12145));
#12145 = FILL_AREA_STYLE_COLOUR('',#11921);
#12146 = STYLED_ITEM('color',(#12147),#3933);
#12147 = PRESENTATION_STYLE_ASSIGNMENT((#12148));
#12148 = SURFACE_STYLE_USAGE(.BOTH.,#12149);
#12149 = SURFACE_SIDE_STYLE('',(#12150));
#12150 = SURFACE_STYLE_FILL_AREA(#12151);
#12151 = FILL_AREA_STYLE('',(#12152));
#12152 = FILL_AREA_STYLE_COLOUR('',#11921);
#12153 = STYLED_ITEM('color',(#12154),#3957);
#12154 = PRESENTATION_STYLE_ASSIGNMENT((#12155));
#12155 = SURFACE_STYLE_USAGE(.BOTH.,#12156);
#12156 = SURFACE_SIDE_STYLE('',(#12157));
#12157 = SURFACE_STYLE_FILL_AREA(#12158);
#12158 = FILL_AREA_STYLE('',(#12159));
#12159 = FILL_AREA_STYLE_COLOUR('',#11921);
#12160 = STYLED_ITEM('color',(#12161),#3981);
#12161 = PRESENTATION_STYLE_ASSIGNMENT((#12162));
#12162 = SURFACE_STYLE_USAGE(.BOTH.,#12163);
#12163 = SURFACE_SIDE_STYLE('',(#12164));
#12164 = SURFACE_STYLE_FILL_AREA(#12165);
#12165 = FILL_AREA_STYLE('',(#12166));
#12166 = FILL_AREA_STYLE_COLOUR('',#11921);
#12167 = STYLED_ITEM('color',(#12168),#3998);
#12168 = PRESENTATION_STYLE_ASSIGNMENT((#12169));
#12169 = SURFACE_STYLE_USAGE(.BOTH.,#12170);
#12170 = SURFACE_SIDE_STYLE('',(#12171));
#12171 = SURFACE_STYLE_FILL_AREA(#12172);
#12172 = FILL_AREA_STYLE('',(#12173));
#12173 = FILL_AREA_STYLE_COLOUR('',#11921);
#12174 = STYLED_ITEM('color',(#12175),#4029);
#12175 = PRESENTATION_STYLE_ASSIGNMENT((#12176));
#12176 = SURFACE_STYLE_USAGE(.BOTH.,#12177);
#12177 = SURFACE_SIDE_STYLE('',(#12178));
#12178 = SURFACE_STYLE_FILL_AREA(#12179);
#12179 = FILL_AREA_STYLE('',(#12180));
#12180 = FILL_AREA_STYLE_COLOUR('',#11921);
#12181 = STYLED_ITEM('color',(#12182),#4053);
#12182 = PRESENTATION_STYLE_ASSIGNMENT((#12183));
#12183 = SURFACE_STYLE_USAGE(.BOTH.,#12184);
#12184 = SURFACE_SIDE_STYLE('',(#12185));
#12185 = SURFACE_STYLE_FILL_AREA(#12186);
#12186 = FILL_AREA_STYLE('',(#12187));
#12187 = FILL_AREA_STYLE_COLOUR('',#11921);
#12188 = STYLED_ITEM('color',(#12189),#4077);
#12189 = PRESENTATION_STYLE_ASSIGNMENT((#12190));
#12190 = SURFACE_STYLE_USAGE(.BOTH.,#12191);
#12191 = SURFACE_SIDE_STYLE('',(#12192));
#12192 = SURFACE_STYLE_FILL_AREA(#12193);
#12193 = FILL_AREA_STYLE('',(#12194));
#12194 = FILL_AREA_STYLE_COLOUR('',#11921);
#12195 = STYLED_ITEM('color',(#12196),#4094);
#12196 = PRESENTATION_STYLE_ASSIGNMENT((#12197));
#12197 = SURFACE_STYLE_USAGE(.BOTH.,#12198);
#12198 = SURFACE_SIDE_STYLE('',(#12199));
#12199 = SURFACE_STYLE_FILL_AREA(#12200);
#12200 = FILL_AREA_STYLE('',(#12201));
#12201 = FILL_AREA_STYLE_COLOUR('',#11921);
#12202 = STYLED_ITEM('color',(#12203),#4125);
#12203 = PRESENTATION_STYLE_ASSIGNMENT((#12204));
#12204 = SURFACE_STYLE_USAGE(.BOTH.,#12205);
#12205 = SURFACE_SIDE_STYLE('',(#12206));
#12206 = SURFACE_STYLE_FILL_AREA(#12207);
#12207 = FILL_AREA_STYLE('',(#12208));
#12208 = FILL_AREA_STYLE_COLOUR('',#11921);
#12209 = STYLED_ITEM('color',(#12210),#4149);
#12210 = PRESENTATION_STYLE_ASSIGNMENT((#12211));
#12211 = SURFACE_STYLE_USAGE(.BOTH.,#12212);
#12212 = SURFACE_SIDE_STYLE('',(#12213));
#12213 = SURFACE_STYLE_FILL_AREA(#12214);
#12214 = FILL_AREA_STYLE('',(#12215));
#12215 = FILL_AREA_STYLE_COLOUR('',#11921);
#12216 = STYLED_ITEM('color',(#12217),#4173);
#12217 = PRESENTATION_STYLE_ASSIGNMENT((#12218));
#12218 = SURFACE_STYLE_USAGE(.BOTH.,#12219);
#12219 = SURFACE_SIDE_STYLE('',(#12220));
#12220 = SURFACE_STYLE_FILL_AREA(#12221);
#12221 = FILL_AREA_STYLE('',(#12222));
#12222 = FILL_AREA_STYLE_COLOUR('',#11921);
#12223 = STYLED_ITEM('color',(#12224),#4190);
#12224 = PRESENTATION_STYLE_ASSIGNMENT((#12225));
#12225 = SURFACE_STYLE_USAGE(.BOTH.,#12226);
#12226 = SURFACE_SIDE_STYLE('',(#12227));
#12227 = SURFACE_STYLE_FILL_AREA(#12228);
#12228 = FILL_AREA_STYLE('',(#12229));
#12229 = FILL_AREA_STYLE_COLOUR('',#11921);
#12230 = STYLED_ITEM('color',(#12231),#4221);
#12231 = PRESENTATION_STYLE_ASSIGNMENT((#12232));
#12232 = SURFACE_STYLE_USAGE(.BOTH.,#12233);
#12233 = SURFACE_SIDE_STYLE('',(#12234));
#12234 = SURFACE_STYLE_FILL_AREA(#12235);
#12235 = FILL_AREA_STYLE('',(#12236));
#12236 = FILL_AREA_STYLE_COLOUR('',#11921);
#12237 = STYLED_ITEM('color',(#12238),#4245);
#12238 = PRESENTATION_STYLE_ASSIGNMENT((#12239));
#12239 = SURFACE_STYLE_USAGE(.BOTH.,#12240);
#12240 = SURFACE_SIDE_STYLE('',(#12241));
#12241 = SURFACE_STYLE_FILL_AREA(#12242);
#12242 = FILL_AREA_STYLE('',(#12243));
#12243 = FILL_AREA_STYLE_COLOUR('',#11921);
#12244 = STYLED_ITEM('color',(#12245),#4269);
#12245 = PRESENTATION_STYLE_ASSIGNMENT((#12246));
#12246 = SURFACE_STYLE_USAGE(.BOTH.,#12247);
#12247 = SURFACE_SIDE_STYLE('',(#12248));
#12248 = SURFACE_STYLE_FILL_AREA(#12249);
#12249 = FILL_AREA_STYLE('',(#12250));
#12250 = FILL_AREA_STYLE_COLOUR('',#11921);
#12251 = STYLED_ITEM('color',(#12252),#4286);
#12252 = PRESENTATION_STYLE_ASSIGNMENT((#12253));
#12253 = SURFACE_STYLE_USAGE(.BOTH.,#12254);
#12254 = SURFACE_SIDE_STYLE('',(#12255));
#12255 = SURFACE_STYLE_FILL_AREA(#12256);
#12256 = FILL_AREA_STYLE('',(#12257));
#12257 = FILL_AREA_STYLE_COLOUR('',#11921);
#12258 = STYLED_ITEM('color',(#12259),#4317);
#12259 = PRESENTATION_STYLE_ASSIGNMENT((#12260));
#12260 = SURFACE_STYLE_USAGE(.BOTH.,#12261);
#12261 = SURFACE_SIDE_STYLE('',(#12262));
#12262 = SURFACE_STYLE_FILL_AREA(#12263);
#12263 = FILL_AREA_STYLE('',(#12264));
#12264 = FILL_AREA_STYLE_COLOUR('',#11921);
#12265 = STYLED_ITEM('color',(#12266),#4341);
#12266 = PRESENTATION_STYLE_ASSIGNMENT((#12267));
#12267 = SURFACE_STYLE_USAGE(.BOTH.,#12268);
#12268 = SURFACE_SIDE_STYLE('',(#12269));
#12269 = SURFACE_STYLE_FILL_AREA(#12270);
#12270 = FILL_AREA_STYLE('',(#12271));
#12271 = FILL_AREA_STYLE_COLOUR('',#11921);
#12272 = STYLED_ITEM('color',(#12273),#4365);
#12273 = PRESENTATION_STYLE_ASSIGNMENT((#12274));
#12274 = SURFACE_STYLE_USAGE(.BOTH.,#12275);
#12275 = SURFACE_SIDE_STYLE('',(#12276));
#12276 = SURFACE_STYLE_FILL_AREA(#12277);
#12277 = FILL_AREA_STYLE('',(#12278));
#12278 = FILL_AREA_STYLE_COLOUR('',#11921);
#12279 = STYLED_ITEM('color',(#12280),#4382);
#12280 = PRESENTATION_STYLE_ASSIGNMENT((#12281));
#12281 = SURFACE_STYLE_USAGE(.BOTH.,#12282);
#12282 = SURFACE_SIDE_STYLE('',(#12283));
#12283 = SURFACE_STYLE_FILL_AREA(#12284);
#12284 = FILL_AREA_STYLE('',(#12285));
#12285 = FILL_AREA_STYLE_COLOUR('',#11921);
#12286 = STYLED_ITEM('color',(#12287),#4413);
#12287 = PRESENTATION_STYLE_ASSIGNMENT((#12288));
#12288 = SURFACE_STYLE_USAGE(.BOTH.,#12289);
#12289 = SURFACE_SIDE_STYLE('',(#12290));
#12290 = SURFACE_STYLE_FILL_AREA(#12291);
#12291 = FILL_AREA_STYLE('',(#12292));
#12292 = FILL_AREA_STYLE_COLOUR('',#11921);
#12293 = STYLED_ITEM('color',(#12294),#4437);
#12294 = PRESENTATION_STYLE_ASSIGNMENT((#12295));
#12295 = SURFACE_STYLE_USAGE(.BOTH.,#12296);
#12296 = SURFACE_SIDE_STYLE('',(#12297));
#12297 = SURFACE_STYLE_FILL_AREA(#12298);
#12298 = FILL_AREA_STYLE('',(#12299));
#12299 = FILL_AREA_STYLE_COLOUR('',#11921);
#12300 = STYLED_ITEM('color',(#12301),#4461);
#12301 = PRESENTATION_STYLE_ASSIGNMENT((#12302));
#12302 = SURFACE_STYLE_USAGE(.BOTH.,#12303);
#12303 = SURFACE_SIDE_STYLE('',(#12304));
#12304 = SURFACE_STYLE_FILL_AREA(#12305);
#12305 = FILL_AREA_STYLE('',(#12306));
#12306 = FILL_AREA_STYLE_COLOUR('',#11921);
#12307 = STYLED_ITEM('color',(#12308),#4478);
#12308 = PRESENTATION_STYLE_ASSIGNMENT((#12309));
#12309 = SURFACE_STYLE_USAGE(.BOTH.,#12310);
#12310 = SURFACE_SIDE_STYLE('',(#12311));
#12311 = SURFACE_STYLE_FILL_AREA(#12312);
#12312 = FILL_AREA_STYLE('',(#12313));
#12313 = FILL_AREA_STYLE_COLOUR('',#11921);
#12314 = STYLED_ITEM('color',(#12315),#4509);
#12315 = PRESENTATION_STYLE_ASSIGNMENT((#12316));
#12316 = SURFACE_STYLE_USAGE(.BOTH.,#12317);
#12317 = SURFACE_SIDE_STYLE('',(#12318));
#12318 = SURFACE_STYLE_FILL_AREA(#12319);
#12319 = FILL_AREA_STYLE('',(#12320));
#12320 = FILL_AREA_STYLE_COLOUR('',#11921);
#12321 = STYLED_ITEM('color',(#12322),#4533);
#12322 = PRESENTATION_STYLE_ASSIGNMENT((#12323));
#12323 = SURFACE_STYLE_USAGE(.BOTH.,#12324);
#12324 = SURFACE_SIDE_STYLE('',(#12325));
#12325 = SURFACE_STYLE_FILL_AREA(#12326);
#12326 = FILL_AREA_STYLE('',(#12327));
#12327 = FILL_AREA_STYLE_COLOUR('',#11921);
#12328 = STYLED_ITEM('color',(#12329),#4557);
#12329 = PRESENTATION_STYLE_ASSIGNMENT((#12330));
#12330 = SURFACE_STYLE_USAGE(.BOTH.,#12331);
#12331 = SURFACE_SIDE_STYLE('',(#12332));
#12332 = SURFACE_STYLE_FILL_AREA(#12333);
#12333 = FILL_AREA_STYLE('',(#12334));
#12334 = FILL_AREA_STYLE_COLOUR('',#11921);
#12335 = STYLED_ITEM('color',(#12336),#4574);
#12336 = PRESENTATION_STYLE_ASSIGNMENT((#12337));
#12337 = SURFACE_STYLE_USAGE(.BOTH.,#12338);
#12338 = SURFACE_SIDE_STYLE('',(#12339));
#12339 = SURFACE_STYLE_FILL_AREA(#12340);
#12340 = FILL_AREA_STYLE('',(#12341));
#12341 = FILL_AREA_STYLE_COLOUR('',#11921);
#12342 = STYLED_ITEM('color',(#12343),#4605);
#12343 = PRESENTATION_STYLE_ASSIGNMENT((#12344));
#12344 = SURFACE_STYLE_USAGE(.BOTH.,#12345);
#12345 = SURFACE_SIDE_STYLE('',(#12346));
#12346 = SURFACE_STYLE_FILL_AREA(#12347);
#12347 = FILL_AREA_STYLE('',(#12348));
#12348 = FILL_AREA_STYLE_COLOUR('',#11921);
#12349 = STYLED_ITEM('color',(#12350),#4629);
#12350 = PRESENTATION_STYLE_ASSIGNMENT((#12351));
#12351 = SURFACE_STYLE_USAGE(.BOTH.,#12352);
#12352 = SURFACE_SIDE_STYLE('',(#12353));
#12353 = SURFACE_STYLE_FILL_AREA(#12354);
#12354 = FILL_AREA_STYLE('',(#12355));
#12355 = FILL_AREA_STYLE_COLOUR('',#11921);
#12356 = STYLED_ITEM('color',(#12357),#4653);
#12357 = PRESENTATION_STYLE_ASSIGNMENT((#12358));
#12358 = SURFACE_STYLE_USAGE(.BOTH.,#12359);
#12359 = SURFACE_SIDE_STYLE('',(#12360));
#12360 = SURFACE_STYLE_FILL_AREA(#12361);
#12361 = FILL_AREA_STYLE('',(#12362));
#12362 = FILL_AREA_STYLE_COLOUR('',#11921);
#12363 = STYLED_ITEM('color',(#12364),#4670);
#12364 = PRESENTATION_STYLE_ASSIGNMENT((#12365));
#12365 = SURFACE_STYLE_USAGE(.BOTH.,#12366);
#12366 = SURFACE_SIDE_STYLE('',(#12367));
#12367 = SURFACE_STYLE_FILL_AREA(#12368);
#12368 = FILL_AREA_STYLE('',(#12369));
#12369 = FILL_AREA_STYLE_COLOUR('',#11921);
#12370 = STYLED_ITEM('color',(#12371),#4701);
#12371 = PRESENTATION_STYLE_ASSIGNMENT((#12372));
#12372 = SURFACE_STYLE_USAGE(.BOTH.,#12373);
#12373 = SURFACE_SIDE_STYLE('',(#12374));
#12374 = SURFACE_STYLE_FILL_AREA(#12375);
#12375 = FILL_AREA_STYLE('',(#12376));
#12376 = FILL_AREA_STYLE_COLOUR('',#11921);
#12377 = STYLED_ITEM('color',(#12378),#4725);
#12378 = PRESENTATION_STYLE_ASSIGNMENT((#12379));
#12379 = SURFACE_STYLE_USAGE(.BOTH.,#12380);
#12380 = SURFACE_SIDE_STYLE('',(#12381));
#12381 = SURFACE_STYLE_FILL_AREA(#12382);
#12382 = FILL_AREA_STYLE('',(#12383));
#12383 = FILL_AREA_STYLE_COLOUR('',#11921);
#12384 = STYLED_ITEM('color',(#12385),#4749);
#12385 = PRESENTATION_STYLE_ASSIGNMENT((#12386));
#12386 = SURFACE_STYLE_USAGE(.BOTH.,#12387);
#12387 = SURFACE_SIDE_STYLE('',(#12388));
#12388 = SURFACE_STYLE_FILL_AREA(#12389);
#12389 = FILL_AREA_STYLE('',(#12390));
#12390 = FILL_AREA_STYLE_COLOUR('',#11921);
#12391 = STYLED_ITEM('color',(#12392),#4766);
#12392 = PRESENTATION_STYLE_ASSIGNMENT((#12393));
#12393 = SURFACE_STYLE_USAGE(.BOTH.,#12394);
#12394 = SURFACE_SIDE_STYLE('',(#12395));
#12395 = SURFACE_STYLE_FILL_AREA(#12396);
#12396 = FILL_AREA_STYLE('',(#12397));
#12397 = FILL_AREA_STYLE_COLOUR('',#11921);
#12398 = STYLED_ITEM('color',(#12399),#4797);
#12399 = PRESENTATION_STYLE_ASSIGNMENT((#12400));
#12400 = SURFACE_STYLE_USAGE(.BOTH.,#12401);
#12401 = SURFACE_SIDE_STYLE('',(#12402));
#12402 = SURFACE_STYLE_FILL_AREA(#12403);
#12403 = FILL_AREA_STYLE('',(#12404));
#12404 = FILL_AREA_STYLE_COLOUR('',#11921);
#12405 = STYLED_ITEM('color',(#12406),#4821);
#12406 = PRESENTATION_STYLE_ASSIGNMENT((#12407));
#12407 = SURFACE_STYLE_USAGE(.BOTH.,#12408);
#12408 = SURFACE_SIDE_STYLE('',(#12409));
#12409 = SURFACE_STYLE_FILL_AREA(#12410);
#12410 = FILL_AREA_STYLE('',(#12411));
#12411 = FILL_AREA_STYLE_COLOUR('',#11921);
#12412 = STYLED_ITEM('color',(#12413),#4845);
#12413 = PRESENTATION_STYLE_ASSIGNMENT((#12414));
#12414 = SURFACE_STYLE_USAGE(.BOTH.,#12415);
#12415 = SURFACE_SIDE_STYLE('',(#12416));
#12416 = SURFACE_STYLE_FILL_AREA(#12417);
#12417 = FILL_AREA_STYLE('',(#12418));
#12418 = FILL_AREA_STYLE_COLOUR('',#11921);
#12419 = STYLED_ITEM('color',(#12420),#4862);
#12420 = PRESENTATION_STYLE_ASSIGNMENT((#12421));
#12421 = SURFACE_STYLE_USAGE(.BOTH.,#12422);
#12422 = SURFACE_SIDE_STYLE('',(#12423));
#12423 = SURFACE_STYLE_FILL_AREA(#12424);
#12424 = FILL_AREA_STYLE('',(#12425));
#12425 = FILL_AREA_STYLE_COLOUR('',#11921);
#12426 = STYLED_ITEM('color',(#12427),#4893);
#12427 = PRESENTATION_STYLE_ASSIGNMENT((#12428));
#12428 = SURFACE_STYLE_USAGE(.BOTH.,#12429);
#12429 = SURFACE_SIDE_STYLE('',(#12430));
#12430 = SURFACE_STYLE_FILL_AREA(#12431);
#12431 = FILL_AREA_STYLE('',(#12432));
#12432 = FILL_AREA_STYLE_COLOUR('',#11921);
#12433 = STYLED_ITEM('color',(#12434),#4917);
#12434 = PRESENTATION_STYLE_ASSIGNMENT((#12435));
#12435 = SURFACE_STYLE_USAGE(.BOTH.,#12436);
#12436 = SURFACE_SIDE_STYLE('',(#12437));
#12437 = SURFACE_STYLE_FILL_AREA(#12438);
#12438 = FILL_AREA_STYLE('',(#12439));
#12439 = FILL_AREA_STYLE_COLOUR('',#11921);
#12440 = STYLED_ITEM('color',(#12441),#4941);
#12441 = PRESENTATION_STYLE_ASSIGNMENT((#12442));
#12442 = SURFACE_STYLE_USAGE(.BOTH.,#12443);
#12443 = SURFACE_SIDE_STYLE('',(#12444));
#12444 = SURFACE_STYLE_FILL_AREA(#12445);
#12445 = FILL_AREA_STYLE('',(#12446));
#12446 = FILL_AREA_STYLE_COLOUR('',#11921);
#12447 = STYLED_ITEM('color',(#12448),#4958);
#12448 = PRESENTATION_STYLE_ASSIGNMENT((#12449));
#12449 = SURFACE_STYLE_USAGE(.BOTH.,#12450);
#12450 = SURFACE_SIDE_STYLE('',(#12451));
#12451 = SURFACE_STYLE_FILL_AREA(#12452);
#12452 = FILL_AREA_STYLE('',(#12453));
#12453 = FILL_AREA_STYLE_COLOUR('',#11921);
#12454 = STYLED_ITEM('color',(#12455),#4989);
#12455 = PRESENTATION_STYLE_ASSIGNMENT((#12456));
#12456 = SURFACE_STYLE_USAGE(.BOTH.,#12457);
#12457 = SURFACE_SIDE_STYLE('',(#12458));
#12458 = SURFACE_STYLE_FILL_AREA(#12459);
#12459 = FILL_AREA_STYLE('',(#12460));
#12460 = FILL_AREA_STYLE_COLOUR('',#11921);
#12461 = STYLED_ITEM('color',(#12462),#5013);
#12462 = PRESENTATION_STYLE_ASSIGNMENT((#12463));
#12463 = SURFACE_STYLE_USAGE(.BOTH.,#12464);
#12464 = SURFACE_SIDE_STYLE('',(#12465));
#12465 = SURFACE_STYLE_FILL_AREA(#12466);
#12466 = FILL_AREA_STYLE('',(#12467));
#12467 = FILL_AREA_STYLE_COLOUR('',#11921);
#12468 = STYLED_ITEM('color',(#12469),#5037);
#12469 = PRESENTATION_STYLE_ASSIGNMENT((#12470));
#12470 = SURFACE_STYLE_USAGE(.BOTH.,#12471);
#12471 = SURFACE_SIDE_STYLE('',(#12472));
#12472 = SURFACE_STYLE_FILL_AREA(#12473);
#12473 = FILL_AREA_STYLE('',(#12474));
#12474 = FILL_AREA_STYLE_COLOUR('',#11921);
#12475 = STYLED_ITEM('color',(#12476),#5054);
#12476 = PRESENTATION_STYLE_ASSIGNMENT((#12477));
#12477 = SURFACE_STYLE_USAGE(.BOTH.,#12478);
#12478 = SURFACE_SIDE_STYLE('',(#12479));
#12479 = SURFACE_STYLE_FILL_AREA(#12480);
#12480 = FILL_AREA_STYLE('',(#12481));
#12481 = FILL_AREA_STYLE_COLOUR('',#11921);
#12482 = STYLED_ITEM('color',(#12483),#5085);
#12483 = PRESENTATION_STYLE_ASSIGNMENT((#12484));
#12484 = SURFACE_STYLE_USAGE(.BOTH.,#12485);
#12485 = SURFACE_SIDE_STYLE('',(#12486));
#12486 = SURFACE_STYLE_FILL_AREA(#12487);
#12487 = FILL_AREA_STYLE('',(#12488));
#12488 = FILL_AREA_STYLE_COLOUR('',#11921);
#12489 = STYLED_ITEM('color',(#12490),#5109);
#12490 = PRESENTATION_STYLE_ASSIGNMENT((#12491));
#12491 = SURFACE_STYLE_USAGE(.BOTH.,#12492);
#12492 = SURFACE_SIDE_STYLE('',(#12493));
#12493 = SURFACE_STYLE_FILL_AREA(#12494);
#12494 = FILL_AREA_STYLE('',(#12495));
#12495 = FILL_AREA_STYLE_COLOUR('',#11921);
#12496 = STYLED_ITEM('color',(#12497),#5133);
#12497 = PRESENTATION_STYLE_ASSIGNMENT((#12498));
#12498 = SURFACE_STYLE_USAGE(.BOTH.,#12499);
#12499 = SURFACE_SIDE_STYLE('',(#12500));
#12500 = SURFACE_STYLE_FILL_AREA(#12501);
#12501 = FILL_AREA_STYLE('',(#12502));
#12502 = FILL_AREA_STYLE_COLOUR('',#11921);
#12503 = STYLED_ITEM('color',(#12504),#5150);
#12504 = PRESENTATION_STYLE_ASSIGNMENT((#12505));
#12505 = SURFACE_STYLE_USAGE(.BOTH.,#12506);
#12506 = SURFACE_SIDE_STYLE('',(#12507));
#12507 = SURFACE_STYLE_FILL_AREA(#12508);
#12508 = FILL_AREA_STYLE('',(#12509));
#12509 = FILL_AREA_STYLE_COLOUR('',#11921);
#12510 = STYLED_ITEM('color',(#12511),#5181);
#12511 = PRESENTATION_STYLE_ASSIGNMENT((#12512));
#12512 = SURFACE_STYLE_USAGE(.BOTH.,#12513);
#12513 = SURFACE_SIDE_STYLE('',(#12514));
#12514 = SURFACE_STYLE_FILL_AREA(#12515);
#12515 = FILL_AREA_STYLE('',(#12516));
#12516 = FILL_AREA_STYLE_COLOUR('',#11921);
#12517 = STYLED_ITEM('color',(#12518),#5205);
#12518 = PRESENTATION_STYLE_ASSIGNMENT((#12519));
#12519 = SURFACE_STYLE_USAGE(.BOTH.,#12520);
#12520 = SURFACE_SIDE_STYLE('',(#12521));
#12521 = SURFACE_STYLE_FILL_AREA(#12522);
#12522 = FILL_AREA_STYLE('',(#12523));
#12523 = FILL_AREA_STYLE_COLOUR('',#11921);
#12524 = STYLED_ITEM('color',(#12525),#5229);
#12525 = PRESENTATION_STYLE_ASSIGNMENT((#12526));
#12526 = SURFACE_STYLE_USAGE(.BOTH.,#12527);
#12527 = SURFACE_SIDE_STYLE('',(#12528));
#12528 = SURFACE_STYLE_FILL_AREA(#12529);
#12529 = FILL_AREA_STYLE('',(#12530));
#12530 = FILL_AREA_STYLE_COLOUR('',#11921);
#12531 = STYLED_ITEM('color',(#12532),#5246);
#12532 = PRESENTATION_STYLE_ASSIGNMENT((#12533));
#12533 = SURFACE_STYLE_USAGE(.BOTH.,#12534);
#12534 = SURFACE_SIDE_STYLE('',(#12535));
#12535 = SURFACE_STYLE_FILL_AREA(#12536);
#12536 = FILL_AREA_STYLE('',(#12537));
#12537 = FILL_AREA_STYLE_COLOUR('',#11921);
#12538 = STYLED_ITEM('color',(#12539),#5277);
#12539 = PRESENTATION_STYLE_ASSIGNMENT((#12540));
#12540 = SURFACE_STYLE_USAGE(.BOTH.,#12541);
#12541 = SURFACE_SIDE_STYLE('',(#12542));
#12542 = SURFACE_STYLE_FILL_AREA(#12543);
#12543 = FILL_AREA_STYLE('',(#12544));
#12544 = FILL_AREA_STYLE_COLOUR('',#11921);
#12545 = STYLED_ITEM('color',(#12546),#5301);
#12546 = PRESENTATION_STYLE_ASSIGNMENT((#12547));
#12547 = SURFACE_STYLE_USAGE(.BOTH.,#12548);
#12548 = SURFACE_SIDE_STYLE('',(#12549));
#12549 = SURFACE_STYLE_FILL_AREA(#12550);
#12550 = FILL_AREA_STYLE('',(#12551));
#12551 = FILL_AREA_STYLE_COLOUR('',#11921);
#12552 = STYLED_ITEM('color',(#12553),#5325);
#12553 = PRESENTATION_STYLE_ASSIGNMENT((#12554));
#12554 = SURFACE_STYLE_USAGE(.BOTH.,#12555);
#12555 = SURFACE_SIDE_STYLE('',(#12556));
#12556 = SURFACE_STYLE_FILL_AREA(#12557);
#12557 = FILL_AREA_STYLE('',(#12558));
#12558 = FILL_AREA_STYLE_COLOUR('',#11921);
#12559 = STYLED_ITEM('color',(#12560),#5342);
#12560 = PRESENTATION_STYLE_ASSIGNMENT((#12561));
#12561 = SURFACE_STYLE_USAGE(.BOTH.,#12562);
#12562 = SURFACE_SIDE_STYLE('',(#12563));
#12563 = SURFACE_STYLE_FILL_AREA(#12564);
#12564 = FILL_AREA_STYLE('',(#12565));
#12565 = FILL_AREA_STYLE_COLOUR('',#11921);
#12566 = STYLED_ITEM('color',(#12567),#5373);
#12567 = PRESENTATION_STYLE_ASSIGNMENT((#12568));
#12568 = SURFACE_STYLE_USAGE(.BOTH.,#12569);
#12569 = SURFACE_SIDE_STYLE('',(#12570));
#12570 = SURFACE_STYLE_FILL_AREA(#12571);
#12571 = FILL_AREA_STYLE('',(#12572));
#12572 = FILL_AREA_STYLE_COLOUR('',#11921);
#12573 = STYLED_ITEM('color',(#12574),#5397);
#12574 = PRESENTATION_STYLE_ASSIGNMENT((#12575));
#12575 = SURFACE_STYLE_USAGE(.BOTH.,#12576);
#12576 = SURFACE_SIDE_STYLE('',(#12577));
#12577 = SURFACE_STYLE_FILL_AREA(#12578);
#12578 = FILL_AREA_STYLE('',(#12579));
#12579 = FILL_AREA_STYLE_COLOUR('',#11921);
#12580 = STYLED_ITEM('color',(#12581),#5421);
#12581 = PRESENTATION_STYLE_ASSIGNMENT((#12582));
#12582 = SURFACE_STYLE_USAGE(.BOTH.,#12583);
#12583 = SURFACE_SIDE_STYLE('',(#12584));
#12584 = SURFACE_STYLE_FILL_AREA(#12585);
#12585 = FILL_AREA_STYLE('',(#12586));
#12586 = FILL_AREA_STYLE_COLOUR('',#11921);
#12587 = STYLED_ITEM('color',(#12588),#5438);
#12588 = PRESENTATION_STYLE_ASSIGNMENT((#12589));
#12589 = SURFACE_STYLE_USAGE(.BOTH.,#12590);
#12590 = SURFACE_SIDE_STYLE('',(#12591));
#12591 = SURFACE_STYLE_FILL_AREA(#12592);
#12592 = FILL_AREA_STYLE('',(#12593));
#12593 = FILL_AREA_STYLE_COLOUR('',#11921);
#12594 = STYLED_ITEM('color',(#12595),#5469);
#12595 = PRESENTATION_STYLE_ASSIGNMENT((#12596));
#12596 = SURFACE_STYLE_USAGE(.BOTH.,#12597);
#12597 = SURFACE_SIDE_STYLE('',(#12598));
#12598 = SURFACE_STYLE_FILL_AREA(#12599);
#12599 = FILL_AREA_STYLE('',(#12600));
#12600 = FILL_AREA_STYLE_COLOUR('',#11921);
#12601 = STYLED_ITEM('color',(#12602),#5493);
#12602 = PRESENTATION_STYLE_ASSIGNMENT((#12603));
#12603 = SURFACE_STYLE_USAGE(.BOTH.,#12604);
#12604 = SURFACE_SIDE_STYLE('',(#12605));
#12605 = SURFACE_STYLE_FILL_AREA(#12606);
#12606 = FILL_AREA_STYLE('',(#12607));
#12607 = FILL_AREA_STYLE_COLOUR('',#11921);
#12608 = STYLED_ITEM('color',(#12609),#5517);
#12609 = PRESENTATION_STYLE_ASSIGNMENT((#12610));
#12610 = SURFACE_STYLE_USAGE(.BOTH.,#12611);
#12611 = SURFACE_SIDE_STYLE('',(#12612));
#12612 = SURFACE_STYLE_FILL_AREA(#12613);
#12613 = FILL_AREA_STYLE('',(#12614));
#12614 = FILL_AREA_STYLE_COLOUR('',#11921);
#12615 = STYLED_ITEM('color',(#12616),#5534);
#12616 = PRESENTATION_STYLE_ASSIGNMENT((#12617));
#12617 = SURFACE_STYLE_USAGE(.BOTH.,#12618);
#12618 = SURFACE_SIDE_STYLE('',(#12619));
#12619 = SURFACE_STYLE_FILL_AREA(#12620);
#12620 = FILL_AREA_STYLE('',(#12621));
#12621 = FILL_AREA_STYLE_COLOUR('',#11921);
#12622 = STYLED_ITEM('color',(#12623),#5565);
#12623 = PRESENTATION_STYLE_ASSIGNMENT((#12624));
#12624 = SURFACE_STYLE_USAGE(.BOTH.,#12625);
#12625 = SURFACE_SIDE_STYLE('',(#12626));
#12626 = SURFACE_STYLE_FILL_AREA(#12627);
#12627 = FILL_AREA_STYLE('',(#12628));
#12628 = FILL_AREA_STYLE_COLOUR('',#11921);
#12629 = STYLED_ITEM('color',(#12630),#5589);
#12630 = PRESENTATION_STYLE_ASSIGNMENT((#12631));
#12631 = SURFACE_STYLE_USAGE(.BOTH.,#12632);
#12632 = SURFACE_SIDE_STYLE('',(#12633));
#12633 = SURFACE_STYLE_FILL_AREA(#12634);
#12634 = FILL_AREA_STYLE('',(#12635));
#12635 = FILL_AREA_STYLE_COLOUR('',#11921);
#12636 = STYLED_ITEM('color',(#12637),#5613);
#12637 = PRESENTATION_STYLE_ASSIGNMENT((#12638));
#12638 = SURFACE_STYLE_USAGE(.BOTH.,#12639);
#12639 = SURFACE_SIDE_STYLE('',(#12640));
#12640 = SURFACE_STYLE_FILL_AREA(#12641);
#12641 = FILL_AREA_STYLE('',(#12642));
#12642 = FILL_AREA_STYLE_COLOUR('',#11921);
#12643 = STYLED_ITEM('color',(#12644),#5630);
#12644 = PRESENTATION_STYLE_ASSIGNMENT((#12645));
#12645 = SURFACE_STYLE_USAGE(.BOTH.,#12646);
#12646 = SURFACE_SIDE_STYLE('',(#12647));
#12647 = SURFACE_STYLE_FILL_AREA(#12648);
#12648 = FILL_AREA_STYLE('',(#12649));
#12649 = FILL_AREA_STYLE_COLOUR('',#11921);
#12650 = STYLED_ITEM('color',(#12651),#5661);
#12651 = PRESENTATION_STYLE_ASSIGNMENT((#12652));
#12652 = SURFACE_STYLE_USAGE(.BOTH.,#12653);
#12653 = SURFACE_SIDE_STYLE('',(#12654));
#12654 = SURFACE_STYLE_FILL_AREA(#12655);
#12655 = FILL_AREA_STYLE('',(#12656));
#12656 = FILL_AREA_STYLE_COLOUR('',#11921);
#12657 = STYLED_ITEM('color',(#12658),#5685);
#12658 = PRESENTATION_STYLE_ASSIGNMENT((#12659));
#12659 = SURFACE_STYLE_USAGE(.BOTH.,#12660);
#12660 = SURFACE_SIDE_STYLE('',(#12661));
#12661 = SURFACE_STYLE_FILL_AREA(#12662);
#12662 = FILL_AREA_STYLE('',(#12663));
#12663 = FILL_AREA_STYLE_COLOUR('',#11921);
#12664 = STYLED_ITEM('color',(#12665),#5709);
#12665 = PRESENTATION_STYLE_ASSIGNMENT((#12666));
#12666 = SURFACE_STYLE_USAGE(.BOTH.,#12667);
#12667 = SURFACE_SIDE_STYLE('',(#12668));
#12668 = SURFACE_STYLE_FILL_AREA(#12669);
#12669 = FILL_AREA_STYLE('',(#12670));
#12670 = FILL_AREA_STYLE_COLOUR('',#11921);
#12671 = STYLED_ITEM('color',(#12672),#5726);
#12672 = PRESENTATION_STYLE_ASSIGNMENT((#12673));
#12673 = SURFACE_STYLE_USAGE(.BOTH.,#12674);
#12674 = SURFACE_SIDE_STYLE('',(#12675));
#12675 = SURFACE_STYLE_FILL_AREA(#12676);
#12676 = FILL_AREA_STYLE('',(#12677));
#12677 = FILL_AREA_STYLE_COLOUR('',#11921);
#12678 = STYLED_ITEM('color',(#12679),#5757);
#12679 = PRESENTATION_STYLE_ASSIGNMENT((#12680));
#12680 = SURFACE_STYLE_USAGE(.BOTH.,#12681);
#12681 = SURFACE_SIDE_STYLE('',(#12682));
#12682 = SURFACE_STYLE_FILL_AREA(#12683);
#12683 = FILL_AREA_STYLE('',(#12684));
#12684 = FILL_AREA_STYLE_COLOUR('',#11921);
#12685 = STYLED_ITEM('color',(#12686),#5781);
#12686 = PRESENTATION_STYLE_ASSIGNMENT((#12687));
#12687 = SURFACE_STYLE_USAGE(.BOTH.,#12688);
#12688 = SURFACE_SIDE_STYLE('',(#12689));
#12689 = SURFACE_STYLE_FILL_AREA(#12690);
#12690 = FILL_AREA_STYLE('',(#12691));
#12691 = FILL_AREA_STYLE_COLOUR('',#11921);
#12692 = STYLED_ITEM('color',(#12693),#5805);
#12693 = PRESENTATION_STYLE_ASSIGNMENT((#12694));
#12694 = SURFACE_STYLE_USAGE(.BOTH.,#12695);
#12695 = SURFACE_SIDE_STYLE('',(#12696));
#12696 = SURFACE_STYLE_FILL_AREA(#12697);
#12697 = FILL_AREA_STYLE('',(#12698));
#12698 = FILL_AREA_STYLE_COLOUR('',#11921);
#12699 = STYLED_ITEM('color',(#12700),#5822);
#12700 = PRESENTATION_STYLE_ASSIGNMENT((#12701));
#12701 = SURFACE_STYLE_USAGE(.BOTH.,#12702);
#12702 = SURFACE_SIDE_STYLE('',(#12703));
#12703 = SURFACE_STYLE_FILL_AREA(#12704);
#12704 = FILL_AREA_STYLE('',(#12705));
#12705 = FILL_AREA_STYLE_COLOUR('',#11921);
#12706 = STYLED_ITEM('color',(#12707),#5853);
#12707 = PRESENTATION_STYLE_ASSIGNMENT((#12708));
#12708 = SURFACE_STYLE_USAGE(.BOTH.,#12709);
#12709 = SURFACE_SIDE_STYLE('',(#12710));
#12710 = SURFACE_STYLE_FILL_AREA(#12711);
#12711 = FILL_AREA_STYLE('',(#12712));
#12712 = FILL_AREA_STYLE_COLOUR('',#11921);
#12713 = STYLED_ITEM('color',(#12714),#5877);
#12714 = PRESENTATION_STYLE_ASSIGNMENT((#12715));
#12715 = SURFACE_STYLE_USAGE(.BOTH.,#12716);
#12716 = SURFACE_SIDE_STYLE('',(#12717));
#12717 = SURFACE_STYLE_FILL_AREA(#12718);
#12718 = FILL_AREA_STYLE('',(#12719));
#12719 = FILL_AREA_STYLE_COLOUR('',#11921);
#12720 = STYLED_ITEM('color',(#12721),#5901);
#12721 = PRESENTATION_STYLE_ASSIGNMENT((#12722));
#12722 = SURFACE_STYLE_USAGE(.BOTH.,#12723);
#12723 = SURFACE_SIDE_STYLE('',(#12724));
#12724 = SURFACE_STYLE_FILL_AREA(#12725);
#12725 = FILL_AREA_STYLE('',(#12726));
#12726 = FILL_AREA_STYLE_COLOUR('',#11921);
#12727 = STYLED_ITEM('color',(#12728),#5918);
#12728 = PRESENTATION_STYLE_ASSIGNMENT((#12729));
#12729 = SURFACE_STYLE_USAGE(.BOTH.,#12730);
#12730 = SURFACE_SIDE_STYLE('',(#12731));
#12731 = SURFACE_STYLE_FILL_AREA(#12732);
#12732 = FILL_AREA_STYLE('',(#12733));
#12733 = FILL_AREA_STYLE_COLOUR('',#11921);
#12734 = STYLED_ITEM('color',(#12735),#5949);
#12735 = PRESENTATION_STYLE_ASSIGNMENT((#12736));
#12736 = SURFACE_STYLE_USAGE(.BOTH.,#12737);
#12737 = SURFACE_SIDE_STYLE('',(#12738));
#12738 = SURFACE_STYLE_FILL_AREA(#12739);
#12739 = FILL_AREA_STYLE('',(#12740));
#12740 = FILL_AREA_STYLE_COLOUR('',#11921);
#12741 = STYLED_ITEM('color',(#12742),#5973);
#12742 = PRESENTATION_STYLE_ASSIGNMENT((#12743));
#12743 = SURFACE_STYLE_USAGE(.BOTH.,#12744);
#12744 = SURFACE_SIDE_STYLE('',(#12745));
#12745 = SURFACE_STYLE_FILL_AREA(#12746);
#12746 = FILL_AREA_STYLE('',(#12747));
#12747 = FILL_AREA_STYLE_COLOUR('',#11921);
#12748 = STYLED_ITEM('color',(#12749),#5997);
#12749 = PRESENTATION_STYLE_ASSIGNMENT((#12750));
#12750 = SURFACE_STYLE_USAGE(.BOTH.,#12751);
#12751 = SURFACE_SIDE_STYLE('',(#12752));
#12752 = SURFACE_STYLE_FILL_AREA(#12753);
#12753 = FILL_AREA_STYLE('',(#12754));
#12754 = FILL_AREA_STYLE_COLOUR('',#11921);
#12755 = STYLED_ITEM('color',(#12756),#6014);
#12756 = PRESENTATION_STYLE_ASSIGNMENT((#12757));
#12757 = SURFACE_STYLE_USAGE(.BOTH.,#12758);
#12758 = SURFACE_SIDE_STYLE('',(#12759));
#12759 = SURFACE_STYLE_FILL_AREA(#12760);
#12760 = FILL_AREA_STYLE('',(#12761));
#12761 = FILL_AREA_STYLE_COLOUR('',#11921);
#12762 = STYLED_ITEM('color',(#12763),#6045);
#12763 = PRESENTATION_STYLE_ASSIGNMENT((#12764));
#12764 = SURFACE_STYLE_USAGE(.BOTH.,#12765);
#12765 = SURFACE_SIDE_STYLE('',(#12766));
#12766 = SURFACE_STYLE_FILL_AREA(#12767);
#12767 = FILL_AREA_STYLE('',(#12768));
#12768 = FILL_AREA_STYLE_COLOUR('',#11921);
#12769 = STYLED_ITEM('color',(#12770),#6069);
#12770 = PRESENTATION_STYLE_ASSIGNMENT((#12771));
#12771 = SURFACE_STYLE_USAGE(.BOTH.,#12772);
#12772 = SURFACE_SIDE_STYLE('',(#12773));
#12773 = SURFACE_STYLE_FILL_AREA(#12774);
#12774 = FILL_AREA_STYLE('',(#12775));
#12775 = FILL_AREA_STYLE_COLOUR('',#11921);
#12776 = STYLED_ITEM('color',(#12777),#6093);
#12777 = PRESENTATION_STYLE_ASSIGNMENT((#12778));
#12778 = SURFACE_STYLE_USAGE(.BOTH.,#12779);
#12779 = SURFACE_SIDE_STYLE('',(#12780));
#12780 = SURFACE_STYLE_FILL_AREA(#12781);
#12781 = FILL_AREA_STYLE('',(#12782));
#12782 = FILL_AREA_STYLE_COLOUR('',#11921);
#12783 = STYLED_ITEM('color',(#12784),#6110);
#12784 = PRESENTATION_STYLE_ASSIGNMENT((#12785));
#12785 = SURFACE_STYLE_USAGE(.BOTH.,#12786);
#12786 = SURFACE_SIDE_STYLE('',(#12787));
#12787 = SURFACE_STYLE_FILL_AREA(#12788);
#12788 = FILL_AREA_STYLE('',(#12789));
#12789 = FILL_AREA_STYLE_COLOUR('',#11921);
#12790 = STYLED_ITEM('color',(#12791),#6141);
#12791 = PRESENTATION_STYLE_ASSIGNMENT((#12792));
#12792 = SURFACE_STYLE_USAGE(.BOTH.,#12793);
#12793 = SURFACE_SIDE_STYLE('',(#12794));
#12794 = SURFACE_STYLE_FILL_AREA(#12795);
#12795 = FILL_AREA_STYLE('',(#12796));
#12796 = FILL_AREA_STYLE_COLOUR('',#11921);
#12797 = STYLED_ITEM('color',(#12798),#6165);
#12798 = PRESENTATION_STYLE_ASSIGNMENT((#12799));
#12799 = SURFACE_STYLE_USAGE(.BOTH.,#12800);
#12800 = SURFACE_SIDE_STYLE('',(#12801));
#12801 = SURFACE_STYLE_FILL_AREA(#12802);
#12802 = FILL_AREA_STYLE('',(#12803));
#12803 = FILL_AREA_STYLE_COLOUR('',#11921);
#12804 = STYLED_ITEM('color',(#12805),#6189);
#12805 = PRESENTATION_STYLE_ASSIGNMENT((#12806));
#12806 = SURFACE_STYLE_USAGE(.BOTH.,#12807);
#12807 = SURFACE_SIDE_STYLE('',(#12808));
#12808 = SURFACE_STYLE_FILL_AREA(#12809);
#12809 = FILL_AREA_STYLE('',(#12810));
#12810 = FILL_AREA_STYLE_COLOUR('',#11921);
#12811 = STYLED_ITEM('color',(#12812),#6206);
#12812 = PRESENTATION_STYLE_ASSIGNMENT((#12813));
#12813 = SURFACE_STYLE_USAGE(.BOTH.,#12814);
#12814 = SURFACE_SIDE_STYLE('',(#12815));
#12815 = SURFACE_STYLE_FILL_AREA(#12816);
#12816 = FILL_AREA_STYLE('',(#12817));
#12817 = FILL_AREA_STYLE_COLOUR('',#11921);
#12818 = STYLED_ITEM('color',(#12819),#6218);
#12819 = PRESENTATION_STYLE_ASSIGNMENT((#12820));
#12820 = SURFACE_STYLE_USAGE(.BOTH.,#12821);
#12821 = SURFACE_SIDE_STYLE('',(#12822));
#12822 = SURFACE_STYLE_FILL_AREA(#12823);
#12823 = FILL_AREA_STYLE('',(#12824));
#12824 = FILL_AREA_STYLE_COLOUR('',#11921);
#12825 = STYLED_ITEM('color',(#12826),#6230);
#12826 = PRESENTATION_STYLE_ASSIGNMENT((#12827));
#12827 = SURFACE_STYLE_USAGE(.BOTH.,#12828);
#12828 = SURFACE_SIDE_STYLE('',(#12829));
#12829 = SURFACE_STYLE_FILL_AREA(#12830);
#12830 = FILL_AREA_STYLE('',(#12831));
#12831 = FILL_AREA_STYLE_COLOUR('',#11921);
#12832 = STYLED_ITEM('color',(#12833),#6242);
#12833 = PRESENTATION_STYLE_ASSIGNMENT((#12834));
#12834 = SURFACE_STYLE_USAGE(.BOTH.,#12835);
#12835 = SURFACE_SIDE_STYLE('',(#12836));
#12836 = SURFACE_STYLE_FILL_AREA(#12837);
#12837 = FILL_AREA_STYLE('',(#12838));
#12838 = FILL_AREA_STYLE_COLOUR('',#11921);
#12839 = STYLED_ITEM('color',(#12840),#6254);
#12840 = PRESENTATION_STYLE_ASSIGNMENT((#12841));
#12841 = SURFACE_STYLE_USAGE(.BOTH.,#12842);
#12842 = SURFACE_SIDE_STYLE('',(#12843));
#12843 = SURFACE_STYLE_FILL_AREA(#12844);
#12844 = FILL_AREA_STYLE('',(#12845));
#12845 = FILL_AREA_STYLE_COLOUR('',#11921);
#12846 = STYLED_ITEM('color',(#12847),#6266);
#12847 = PRESENTATION_STYLE_ASSIGNMENT((#12848));
#12848 = SURFACE_STYLE_USAGE(.BOTH.,#12849);
#12849 = SURFACE_SIDE_STYLE('',(#12850));
#12850 = SURFACE_STYLE_FILL_AREA(#12851);
#12851 = FILL_AREA_STYLE('',(#12852));
#12852 = FILL_AREA_STYLE_COLOUR('',#11921);
#12853 = STYLED_ITEM('color',(#12854),#6278);
#12854 = PRESENTATION_STYLE_ASSIGNMENT((#12855));
#12855 = SURFACE_STYLE_USAGE(.BOTH.,#12856);
#12856 = SURFACE_SIDE_STYLE('',(#12857));
#12857 = SURFACE_STYLE_FILL_AREA(#12858);
#12858 = FILL_AREA_STYLE('',(#12859));
#12859 = FILL_AREA_STYLE_COLOUR('',#11921);
#12860 = STYLED_ITEM('color',(#12861),#6290);
#12861 = PRESENTATION_STYLE_ASSIGNMENT((#12862));
#12862 = SURFACE_STYLE_USAGE(.BOTH.,#12863);
#12863 = SURFACE_SIDE_STYLE('',(#12864));
#12864 = SURFACE_STYLE_FILL_AREA(#12865);
#12865 = FILL_AREA_STYLE('',(#12866));
#12866 = FILL_AREA_STYLE_COLOUR('',#11921);
#12867 = STYLED_ITEM('color',(#12868),#6302);
#12868 = PRESENTATION_STYLE_ASSIGNMENT((#12869));
#12869 = SURFACE_STYLE_USAGE(.BOTH.,#12870);
#12870 = SURFACE_SIDE_STYLE('',(#12871));
#12871 = SURFACE_STYLE_FILL_AREA(#12872);
#12872 = FILL_AREA_STYLE('',(#12873));
#12873 = FILL_AREA_STYLE_COLOUR('',#11921);
#12874 = STYLED_ITEM('color',(#12875),#6314);
#12875 = PRESENTATION_STYLE_ASSIGNMENT((#12876));
#12876 = SURFACE_STYLE_USAGE(.BOTH.,#12877);
#12877 = SURFACE_SIDE_STYLE('',(#12878));
#12878 = SURFACE_STYLE_FILL_AREA(#12879);
#12879 = FILL_AREA_STYLE('',(#12880));
#12880 = FILL_AREA_STYLE_COLOUR('',#11921);
#12881 = STYLED_ITEM('color',(#12882),#6326);
#12882 = PRESENTATION_STYLE_ASSIGNMENT((#12883));
#12883 = SURFACE_STYLE_USAGE(.BOTH.,#12884);
#12884 = SURFACE_SIDE_STYLE('',(#12885));
#12885 = SURFACE_STYLE_FILL_AREA(#12886);
#12886 = FILL_AREA_STYLE('',(#12887));
#12887 = FILL_AREA_STYLE_COLOUR('',#11921);
#12888 = STYLED_ITEM('color',(#12889),#6338);
#12889 = PRESENTATION_STYLE_ASSIGNMENT((#12890));
#12890 = SURFACE_STYLE_USAGE(.BOTH.,#12891);
#12891 = SURFACE_SIDE_STYLE('',(#12892));
#12892 = SURFACE_STYLE_FILL_AREA(#12893);
#12893 = FILL_AREA_STYLE('',(#12894));
#12894 = FILL_AREA_STYLE_COLOUR('',#11921);
#12895 = STYLED_ITEM('color',(#12896),#6350);
#12896 = PRESENTATION_STYLE_ASSIGNMENT((#12897));
#12897 = SURFACE_STYLE_USAGE(.BOTH.,#12898);
#12898 = SURFACE_SIDE_STYLE('',(#12899));
#12899 = SURFACE_STYLE_FILL_AREA(#12900);
#12900 = FILL_AREA_STYLE('',(#12901));
#12901 = FILL_AREA_STYLE_COLOUR('',#11921);
#12902 = STYLED_ITEM('color',(#12903),#6362);
#12903 = PRESENTATION_STYLE_ASSIGNMENT((#12904));
#12904 = SURFACE_STYLE_USAGE(.BOTH.,#12905);
#12905 = SURFACE_SIDE_STYLE('',(#12906));
#12906 = SURFACE_STYLE_FILL_AREA(#12907);
#12907 = FILL_AREA_STYLE('',(#12908));
#12908 = FILL_AREA_STYLE_COLOUR('',#11921);
#12909 = STYLED_ITEM('color',(#12910),#6374);
#12910 = PRESENTATION_STYLE_ASSIGNMENT((#12911));
#12911 = SURFACE_STYLE_USAGE(.BOTH.,#12912);
#12912 = SURFACE_SIDE_STYLE('',(#12913));
#12913 = SURFACE_STYLE_FILL_AREA(#12914);
#12914 = FILL_AREA_STYLE('',(#12915));
#12915 = FILL_AREA_STYLE_COLOUR('',#11921);
#12916 = STYLED_ITEM('color',(#12917),#6386);
#12917 = PRESENTATION_STYLE_ASSIGNMENT((#12918));
#12918 = SURFACE_STYLE_USAGE(.BOTH.,#12919);
#12919 = SURFACE_SIDE_STYLE('',(#12920));
#12920 = SURFACE_STYLE_FILL_AREA(#12921);
#12921 = FILL_AREA_STYLE('',(#12922));
#12922 = FILL_AREA_STYLE_COLOUR('',#11921);
ENDSEC;
END-ISO-10303-21;
